"STATION","DATE","LATITUDE","LONGITUDE","ELEVATION","NAME","CDSD","CDSD_ATTRIBUTES","CLDD","CLDD_ATTRIBUTES","DP01","DP01_ATTRIBUTES","DP10","DP10_ATTRIBUTES","DP1X","DP1X_ATTRIBUTES","DSND","DSND_ATTRIBUTES","DT00","DT00_ATTRIBUTES","DT32","DT32_ATTRIBUTES","DX32","DX32_ATTRIBUTES","DX70","DX70_ATTRIBUTES","DX90","DX90_ATTRIBUTES","DYNT","DYNT_ATTRIBUTES","DYSD","DYSD_ATTRIBUTES","DYXP","DYXP_ATTRIBUTES","DYXT","DYXT_ATTRIBUTES","EMNT","EMNT_ATTRIBUTES","EMSD","EMSD_ATTRIBUTES","EMXP","EMXP_ATTRIBUTES","EMXT","EMXT_ATTRIBUTES","HDSD","HDSD_ATTRIBUTES","HTDD","HTDD_ATTRIBUTES","PRCP","PRCP_ATTRIBUTES","TAVG","TAVG_ATTRIBUTES","TMAX","TMAX_ATTRIBUTES","TMIN","TMIN_ATTRIBUTES"
"BKM00014654","1901-01","43.8678","18.4228","630.0","SARAJEVO, BK","0.0","E","0.0","2,E","10",",E","4",",E","0",",E","","","0","1,E","27","1,E","18","1,E","0","1,E","0","1,E","19010115",",1,E","","","19010130",",,E","19010131",",1,E","-15.8","1,E,15,","","","9.9",",,E,30,","10.0","1,E,31,","","","683.2","1,E","29.4",",,,E","-5.22","2,E","-1.60","1,,,E","-8.84","1,,,E"
"BKM00014654","1901-02","43.8678","18.4228","630.0","SARAJEVO, BK","0.0","E","0.0",",E","13",",E","11",",E","0",",E","","","1",",E","21",",E","12",",E","0",",E","0",",E","19010216",",,E","","","19010208",",,E","19010202",",,E","-19.6",",E,16,","","","15.5",",,E,08,","13.1",",E,02,","","","583.2",",E","98.4",",,,E","-2.49",",E","1.38",",,,E","-6.37",",,,E"
"BKM00014654","1901-03","43.8678","18.4228","630.0","SARAJEVO, BK","0.0","E","0.0",",E","17",",E","9",",E","1",",E","","","0",",E","7",",E","0",",E","0",",E","0",",E","19010301",",,E","","","19010320",",,E","19010320",",,E","-5.0",",E,01,","","","41.3",",,E,20,","20.6",",E,20,","","","353.5",",E","136.8",",,,E","6.93",",E","11.37",",,,E","2.49",",,,E"
"BKM00014654","1901-04","43.8678","18.4228","630.0","SARAJEVO, BK","1.8","E","1.8","2,E","10",",E","5",",E","1",",E","","","0","1,E","2","1,E","0","1,E","4","1,E","0","1,E","19010422",",1,E","","","19010418",",,E","19010410",",1,E","-0.6","1,E,22,","","","26.3",",,E,18,","24.8","1,E,10,","","","227.7","1,E","50.4",",,,E","10.14","2,E","15.69","1,,,E","4.60","1,,,E"
"BKM00014654","1901-05","43.8678","18.4228","630.0","SARAJEVO, BK","1.8","E","0.0",",E","15",",E","9",",E","0",",E","","","0",",E","0",",E","0",",E","6",",E","0",",E","19010506",",,E","","","19010520",",,E","19010531",",,E","2.1",",E,06,","","","18.2",",,E,20,","22.4",",E,31,","","","155.6",",E","66.4",",,,E","13.31",",E","18.65",",,,E","7.98",",,,E"
"BKM00014654","1901-06","43.8678","18.4228","630.0","SARAJEVO, BK","7.2","E","5.4",",E","18",",E","14",",E","1",",E","","","0",",E","0",",E","0",",E","20",",E","0",",E","19010619",",,E","","","19010620",",,E","19010610",",,E","6.9",",E,19,","","","50.7",",,E,20,","26.0",",E,10,","","","63.7",",E","145.7",",,,E","16.39",",E","20.92",",,,E","11.86",",,,E"
"BKM00014654","1901-07","43.8678","18.4228","630.0","SARAJEVO, BK","62.5","E","55.3",",E","13",",E","7",",E","0",",E","","","0",",E","0",",E","0",",E","22",",E","0",",E","19010709",",,E","","","19010704",",,E","19010731",",,E","9.4",",E,09,","","","20.3",",,E,04,","32.1",",E,31,","27.7","E","27.7",",E","76.4",",,,E","19.22",",E","24.64",",,,E","13.81",",,,E"
"BKM00014654","1901-08","43.8678","18.4228","630.0","SARAJEVO, BK","86.1","E","23.6",",E","13",",E","5",",E","0",",E","","","0",",E","0",",E","0",",E","23",",E","1",",E","19010830",",,E","","","19010827",",,E","19010801",",,E","5.0",",E,30,","","","15.3",",,E,27,","35.2",",E,01,","69.8","E","42.1",",E","48.7",",,,E","17.74",",E","23.12",",,,E","12.35",",,,E"
"BKM00014654","1901-09","43.8678","18.4228","630.0","SARAJEVO, BK","87.9","E","1.8",",E","12",",E","8",",E","0",",E","","","0",",E","0",",E","0",",E","15",",E","0",",E","19010930","+,,E","","","19010912",",,E","19010904",",,E","5.4",",E,30,+","","","23.1",",,E,12,","26.9",",E,04,","137.2","E","67.4",",E","122.9",",,,E","16.15",",E","20.99",",,,E","11.31",",,,E"
"BKM00014654","1901-10","43.8678","18.4228","630.0","SARAJEVO, BK","87.9","E","0.0","1,E","15",",E","12",",E","0",",E","","","0","1,E","0","1,E","0",",E","0",",E","0",",E","19011014",",1,E","","","19011007",",,E","19011005",",,E","1.0","1,E,14,","","","25.2",",,E,07,","20.4",",E,05,","355.5","E","218.3",",E","128.7",",,,E","10.97","1,E","14.67",",,,E","7.27","1,,,E"
"BKM00014654","1901-11","43.8678","18.4228","630.0","SARAJEVO, BK","88.1","E","0.2","5,E","8",",E","6",",E","0",",E","","","0","2,E","19","2,E","6","3,E","0","3,E","0","3,E","19011130",",2,E","","","19011118",",,E","19011116",",3,E","-10.0","2,E,30,","","","17.7",",,E,18,","20.9","3,E,16,","742.0","E","386.5","3,E","50.7",",,,E","2.86","5,E","6.67","3,,,E","-0.96","2,,,E"
"BKM00014654","1901-12","43.8678","18.4228","630.0","SARAJEVO, BK","88.1","E","0.0","2,E","18",",E","11",",E","0",",E","","","0","1,E","12","1,E","4","1,E","0","1,E","0","1,E","19011207",",1,E","","","19011215",",,E","19011218",",1,E","-10.8","1,E,07,","","","17.4",",,E,15,","15.8","1,E,18,","1160.5","E","418.5","1,E","109.8",",,,E","4.02","2,E","7.16","1,,,E","0.87","1,,,E"
"BKM00014654","1902-01","43.8678","18.4228","630.0","SARAJEVO, BK","0.0","E","0.0","2,E","12",",E","6",",E","0",",E","","","0","1,E","23","1,E","0","1,E","0","1,E","0","1,E","19020116",",1,E","","","19020126",",,E","19020125",",1,E","-12.3","1,E,16,","","","13.2",",,E,26,","9.7","1,E,25,","1653.5","E","493.0","1,E","59.2",",,,E","1.23","2,E","4.79","1,,,E","-2.33","1,,,E"
"BKM00014654","1902-02","43.8678","18.4228","630.0","SARAJEVO, BK","0.0","E","0.0","2,E","13",",E","8",",E","0",",E","","","0","1,E","6","1,E","0","1,E","0","1,E","0","1,E","19020206",",1,E","","","19020205",",,E","19020211",",1,E","-3.5","1,E,06,","","","20.1",",,E,05,","14.1","1,E,11,","1969.7","E","316.2","1,E","87.9",",,,E","6.10","2,E","9.46","1,,,E","2.73","1,,,E"
"BKM00014654","1902-03","43.8678","18.4228","630.0","SARAJEVO, BK","0.0","E","0.0",",E","19",",E","12",",E","1",",E","","","0",",E","12",",E","0",",E","0",",E","0",",E","19020312",",,E","","","19020303",",,E","19020323",",,E","-8.9",",E,12,","","","70.6",",,E,03,","15.6",",E,23,","2402.6","E","432.9",",E","175.9",",,,E","4.37",",E","8.31",",,,E","0.43",",,,E"
"BKM00014654","1902-04","43.8678","18.4228","630.0","SARAJEVO, BK","0.0","E","0.0","2,E","13",",E","8",",E","0",",E","","","0","1,E","2","1,E","0","1,E","0","1,E","0","1,E","19020401",",1,E","","","19020422",",,E","19020421",",1,E","-1.7","1,E,01,","","","20.2",",,E,22,","20.9","1,E,21,","2610.0","E","207.4","1,E","102.1",",,,E","10.90","2,E","16.66","1,,,E","5.14","1,,,E"
"BKM00014654","1902-05","43.8678","18.4228","630.0","SARAJEVO, BK","0.0","E","0.0","2,E","19",",E","14",",E","1",",E","","","0","1,E","0","1,E","0","1,E","2","1,E","0","1,E","19020502",",1,E","","","19020519",",,E","19020531",",1,E","1.0","1,E,02,","","","33.7",",,E,19,","24.1","1,E,31,","2835.2","E","225.2","1,E","119.0",",,,E","10.61","2,E","15.36","1,,,E","5.85","1,,,E"
"BKM00014654","1902-06","43.8678","18.4228","630.0","SARAJEVO, BK","3.6","E","3.6",",E","15",",E","6",",E","0",",E","","","0",",E","0",",E","0",",E","16",",E","0",",E","19020620",",,E","","","19020621",",,E","19020630",",,E","6.1",",E,20,","","","24.2",",,E,21,","27.8",",E,30,","2908.1","E","72.9",",E","65.0",",,,E","16.02",",E","20.94",",,,E","11.11",",,,E"
"BKM00014654","1902-07","43.8678","18.4228","630.0","SARAJEVO, BK","62.3","E","58.7",",E","10",",E","6",",E","0",",E","","","0",",E","0",",E","0",",E","26",",E","0",",E","19020712",",,E","","","19020728",",,E","19020728",",,E","7.3",",E,12,","","","23.8",",,E,28,","31.8",",E,28,","32.7","E","32.7",",E","62.3",",,,E","19.17",",E","25.64",",,,E","12.71",",,,E"
"BKM00014654","1902-08","43.8678","18.4228","630.0","SARAJEVO, BK","148.7","E","86.4","2,E","5",",E","5",",E","0",",E","","","0","1,E","0","1,E","0","1,E","25","1,E","7","1,E","19020814",",1,E","","","19020812",",,E","19020803",",1,E","3.6","1,E,14,","","","19.9",",,E,12,","33.8","1,E,03,","63.7","E","31.0","1,E","55.2",",,,E","20.06","2,E","27.16","1,,,E","12.95","1,,,E"
"BKM00014654","1902-09","43.8678","18.4228","630.0","SARAJEVO, BK","195.9","E","47.2",",E","5",",E","5",",E","2",",E","","","0",",E","0",",E","0",",E","15",",E","1",",E","19020924",",,E","","","19020913",",,E","19020901",",,E","1.7",",E,24,","","","46.3",",,E,13,","33.4",",E,01,","165.4","E","101.7",",E","113.4",",,,E","16.52",",E","22.69",",,,E","10.34",",,,E"
"BKM00014654","1902-10","43.8678","18.4228","630.0","SARAJEVO, BK","196.9","E","1.0","2,E","16",",E","12",",E","2",",E","","","0","1,E","0","1,E","0","1,E","3","1,E","0","1,E","19021024",",1,E","","","19021017",",,E","19021010",",1,E","0.1","1,E,24,","","","33.8",",,E,17,","22.4","1,E,10,","372.9","E","207.5","1,E","158.0",",,,E","11.18","2,E","15.04","1,,,E","7.31","1,,,E"
"BKM00014654","1902-11","43.8678","18.4228","630.0","SARAJEVO, BK","196.9","E","0.0",",E","8",",E","2",",E","0",",E","","","0",",E","15",",E","5",",E","0",",E","0",",E","19021125",",,E","","","19021126",",,E","19021130",",,E","-10.4",",E,25,","","","5.8",",,E,26,","12.1",",E,30,","859.1","E","486.2",",E","15.1",",,,E","2.13",",E","4.55",",,,E","-0.30",",,,E"
"BKM00014654","1902-12","43.8678","18.4228","630.0","SARAJEVO, BK","196.9","E","0.0",",E","13",",E","9",",E","0",",E","","","1",",E","25",",E","19",",E","0",",E","0",",E","19021225",",,E","","","19021231",",,E","19021201",",,E","-17.9",",E,25,","","","14.0",",,E,31,","10.8",",E,01,","1520.2","E","661.1",",E","69.5",",,,E","-2.99",",E","-0.31",",,,E","-5.67",",,,E"
"BKM00014654","1903-01","43.8678","18.4228","630.0","SARAJEVO, BK","0.0","E","0.0","5,E","4",",E","3",",E","0",",E","","","2","3,E","22","3,E","18","3,E","0","3,E","0","3,E","19030123",",3,E","","","19030114",",,E","19030112","+,3,E","-18.9","3,E,23,","","","11.1",",,E,14,","14.1","3,E,12,+","2093.6","E","573.4","3,E","25.5",",,,E","-3.22","5,E","0.40","3,,,E","-6.83","3,,,E"
"BKM00014654","1903-02","43.8678","18.4228","630.0","SARAJEVO, BK","0.0","E","0.0",",E","4",",E","3",",E","0",",E","","","0",",E","19",",E","3",",E","0",",E","0",",E","19030218",",,E","","","19030203",",,E","19030223",",,E","-11.6",",E,18,","","","20.6",",,E,03,","16.9",",E,23,","2549.2","E","455.6",",E","39.6",",,,E","2.06",",E","6.49",",,,E","-2.36",",,,E"
"BKM00014654","1903-03","43.8678","18.4228","630.0","SARAJEVO, BK","0.0","E","0.0",",E","7",",E","4",",E","0",",E","","","0",",E","9",",E","0",",E","1",",E","0",",E","19030321",",,E","","","19030313",",,E","19030328",",,E","-2.2",",E,21,","","","9.3",",,E,13,","21.8",",E,28,","2918.0","E","368.8",",E","27.8",",,,E","6.44",",E","11.00",",,,E","1.87",",,,E"
"BKM00014654","1903-04","43.8678","18.4228","630.0","SARAJEVO, BK","0.0","E","0.0",",E","16",",E","11",",E","0",",E","","","0",",E","7",",E","0",",E","0",",E","0",",E","19030420",",,E","","","19030409",",,E","19030430","+,,E","-5.4",",E,20,","","","22.5",",,E,09,","17.6",",E,30,+","3269.6","E","351.6",",E","95.4",",,,E","6.61",",E","10.75",",,,E","2.47",",,,E"
"BKM00014654","1903-05","43.8678","18.4228","630.0","SARAJEVO, BK","2.1","E","2.1",",E","12",",E","9",",E","0",",E","","","0",",E","0",",E","0",",E","10",",E","0",",E","19030519",",,E","","","19030516",",,E","19030508",",,E","2.9",",E,19,","","","21.5",",,E,16,","26.6",",E,08,","3414.9","E","145.3",",E","96.7",",,,E","13.72",",E","18.91",",,,E","8.52",",,,E"
"BKM00014654","1903-06","43.8678","18.4228","630.0","SARAJEVO, BK","5.8","E","3.7","2,E","10",",E","4",",E","0",",E","","","0","1,E","0","1,E","0","1,E","14","1,E","0","1,E","19030608",",1,E","","","19030622",",,E","19030603",",1,E","6.9","1,E,08,","","","24.4",",,E,22,","26.9","1,E,03,","3502.3","E","87.4","1,E","50.0",",,,E","15.36","2,E","20.28","1,,,E","10.43","1,,,E"
"BKM00014654","1903-07","43.8678","18.4228","630.0","SARAJEVO, BK","41.2","E","35.4","2,E","14",",E","5",",E","1",",E","","","0","1,E","0","1,E","0","1,E","24","1,E","2","1,E","19030709",",1,E","","","19030707",",,E","19030720",",1,E","8.0","1,E,09,","","","32.2",",,E,07,","35.0","1,E,20,","40.0","E","40.0","1,E","74.5",",,,E","18.14","2,E","24.39","1,,,E","11.88","1,,,E"
"BKM00014654","1903-08","43.8678","18.4228","630.0","SARAJEVO, BK","103.7","E","62.5",",E","3",",E","2",",E","1",",E","","","0",",E","0",",E","0",",E","28",",E","2",",E","19030821",",,E","","","19030819",",,E","19030810",",,E","5.8",",E,21,","","","26.4",",,E,19,","32.3",",E,10,","69.6","E","29.6",",E","31.0",",,,E","19.40",",E","26.82",",,,E","11.97",",,,E"
"BKM00014654","1903-09","43.8678","18.4228","630.0","SARAJEVO, BK","138.8","E","35.1",",E","6",",E","5",",E","0",",E","","","0",",E","0",",E","0",",E","18",",E","0",",E","19030924",",,E","","","19030917",",,E","19030914",",,E","2.9",",E,24,","","","21.2",",,E,17,","32.0",",E,14,","151.6","E","82.0",",E","56.4",",,,E","16.77",",E","23.75",",,,E","9.79",",,,E"
"BKM00014654","1903-10","43.8678","18.4228","630.0","SARAJEVO, BK","138.9","E","0.1","2,E","10",",E","6",",E","1",",E","","","0","1,E","1","1,E","0","1,E","7","1,E","0","1,E","19031021",",1,E","","","19031024",",,E","19031007",",1,E","-0.2","1,E,21,","","","40.1",",,E,24,","27.1","1,E,07,","344.1","E","192.5","1,E","100.7",",,,E","11.65","2,E","17.19","1,,,E","6.12","1,,,E"
"BKM00014654","1903-11","43.8678","18.4228","630.0","SARAJEVO, BK","138.9","E","0.0",",E","17",",E","11",",E","1",",E","","","0",",E","11",",E","1",",E","0",",E","0",",E","19031128",",,E","","","19031118",",,E","19031119",",,E","-8.1",",E,28,","","","30.3",",,E,18,","15.2",",E,19,","725.5","E","381.4",",E","124.7",",,,E","5.62",",E","8.87",",,,E","2.37",",,,E"
"BKM00014654","1903-12","43.8678","18.4228","630.0","SARAJEVO, BK","138.9","E","0.0","4,E","13",",E","8",",E","0",",E","","","0","2,E","5","2,E","2","2,E","0","2,E","0","2,E","19031231","+,2,E","","","19031204",",,E","19031204",",2,E","-5.6","2,E,31,+","","","24.8",",,E,04,","15.2","2,E,04,","1089.2","E","363.7","2,E","72.3",",,,E","4.65","4,E","7.35","2,,,E","1.96","2,,,E"
"BKM00014654","1904-01","43.8678","18.4228","630.0","SARAJEVO, BK","0.0","E","0.0",",E","8",",E","3",",E","0",",E","","","0",",E","30",",E","18",",E","0",",E","0",",E","19040128",",,E","","","19040118",",,E","19040115",",,E","-10.3",",E,28,","","","14.6",",,E,18,","10.8",",E,15,","1717.3","E","628.1",",E","34.0",",,,E","-1.93",",E","0.11",",,,E","-3.96",",,,E"
"BKM00014654","1904-02","43.8678","18.4228","630.0","SARAJEVO, BK","0.0","E","0.0","4,E","16",",E","9",",E","0",",E","","","0","2,E","12","2,E","2","2,E","0","2,E","0","2,E","19040229","+,2,E","","","19040205",",,E","19040222",",2,E","-3.8","2,E,29,+","","","9.1",",,E,05,","15.5","2,E,22,","2048.6","E","331.3","2,E","48.2",",,,E","4.93","4,E","8.65","2,,,E","1.20","2,,,E"
"BKM00014654","1904-03","43.8678","18.4228","630.0","SARAJEVO, BK","0.0","E","0.0",",E","7",",E","5",",E","2",",E","","","0",",E","9",",E","0",",E","0",",E","0",",E","19040321",",,E","","","19040313",",,E","19040309",",,E","-3.2",",E,21,","","","41.9",",,E,13,","16.6",",E,09,","2427.8","E","379.2",",E","115.2",",,,E","6.10",",E","10.51",",,,E","1.70",",,,E"
"BKM00014654","1904-04","43.8678","18.4228","630.0","SARAJEVO, BK","0.6","E","0.6","2,E","7",",E","5",",E","0",",E","","","0","1,E","3","1,E","0","1,E","10","1,E","0","1,E","19040404",",1,E","","","19040408",",,E","19040417",",1,E","-0.5","1,E,04,","","","13.0",",,E,08,","24.7","1,E,17,","2641.5","E","213.7","1,E","38.6",",,,E","10.71","2,E","16.20","1,,,E","5.23","1,,,E"
"BKM00014654","1904-05","43.8678","18.4228","630.0","SARAJEVO, BK","2.2","E","1.6",",E","10",",E","4",",E","1",",E","","","0",",E","0",",E","0",",E","15",",E","0",",E","19040515",",,E","","","19040529",",,E","19040518",",,E","2.4",",E,15,","","","29.1",",,E,29,","28.1",",E,18,","2759.5","E","118.0",",E","69.7",",,,E","14.58",",E","20.61",",,,E","8.55",",,,E"
"BKM00014654","1904-06","43.8678","18.4228","630.0","SARAJEVO, BK","11.4","E","9.2",",E","15",",E","8",",E","1",",E","","","0",",E","0",",E","0",",E","24",",E","0",",E","19040601",",,E","","","19040613",",,E","19040618",",,E","6.4",",E,01,","","","57.2",",,E,13,","27.1",",E,18,","2804.9","E","45.4",",E","122.1",",,,E","17.13",",E","22.84",",,,E","11.41",",,,E"
"BKM00014654","1904-07","43.8678","18.4228","630.0","SARAJEVO, BK","65.8","E","54.4",",E","10",",E","2",",E","0",",E","","","0",",E","0",",E","0",",E","29",",E","0",",E","19040731",",,E","","","19040706",",,E","19040726",",,E","9.4",",E,31,","","","21.0",",,E,06,","32.1",",E,26,","7.6","E","7.6",",E","32.4",",,,E","19.85",",E","26.93",",,,E","12.76",",,,E"
"BKM00014654","1904-08","43.8678","18.4228","630.0","SARAJEVO, BK","129.4","E","63.6",",E","8",",E","2",",E","0",",E","","","0",",E","0",",E","0",",E","25",",E","3",",E","19040830",",,E","","","19040826",",,E","19040809",",,E","5.0",",E,30,","","","11.5",",,E,26,","33.3",",E,09,","40.7","E","33.1",",E","22.6",",,,E","19.32",",E","27.05",",,,E","11.59",",,,E"
"BKM00014654","1904-09","43.8678","18.4228","630.0","SARAJEVO, BK","132.5","E","3.1",",E","16",",E","6",",E","0",",E","","","0",",E","0",",E","0",",E","13",",E","0",",E","19040920",",,E","","","19040902",",,E","19040901",",,E","2.6",",E,20,","","","16.4",",,E,02,","27.2",",E,01,","170.0","E","129.3",",E","48.0",",,,E","14.13",",E","18.86",",,,E","9.39",",,,E"
"BKM00014654","1904-10","43.8678","18.4228","630.0","SARAJEVO, BK","132.5","E","0.0",",E","18",",E","9",",E","1",",E","","","0",",E","0",",E","0",",E","0",",E","0",",E","19041029","+,,E","","","19041008",",,E","19041002",",,E","2.0",",E,29,+","","","33.2",",,E,08,","20.6",",E,02,","392.2","E","222.2",",E","91.4",",,,E","11.17",",E","14.59",",,,E","7.74",",,,E"
"BKM00014654","1904-11","43.8678","18.4228","630.0","SARAJEVO, BK","132.5","E","0.0","2,E","9",",E","7",",E","1",",E","","","0","1,E","17","1,E","8","1,E","0","1,E","0","1,E","19041117",",1,E","","","19041108",",,E","19041106",",1,E","-8.8","1,E,17,","","","27.5",",,E,08,","17.4","1,E,06,","839.8","E","447.6","1,E","74.7",",,,E","2.28","2,E","6.19","1,,,E","-1.63","1,,,E"
"BKM00014654","1904-12","43.8678","18.4228","630.0","SARAJEVO, BK","132.5","E","0.0","5,E","10",",E","7",",E","0",",E","","","0","3,E","20","3,E","5","2,E","0","2,E","0","2,E","19041229",",3,E","","","19041208",",,E","19041208",",2,E","-12.5","3,E,29,","","","15.2",",,E,08,","12.0","2,E,08,","1303.8","E","464.0","2,E","53.4",",,,E","0.62","5,E","3.96","2,,,E","-2.72","3,,,E"
"BKM00014654","1905-01","43.8678","18.4228","630.0","SARAJEVO, BK","0.0","E","0.0","3,E","7",",E","5",",E","0",",E","","","4","1,E","30","1,E","22","2,E","0","2,E","0","2,E","19050117",",1,E","","","19050107",",,E","19050106",",2,E","-22.3","1,E,17,","","","13.5",",,E,07,","4.3","2,E,06,","2029.0","E","725.2","2,E","48.1",",,,E","-7.74","3,E","-3.58","2,,,E","-11.90","1,,,E"
"BKM00014654","1905-02","43.8678","18.4228","630.0","SARAJEVO, BK","0.0","E","0.0",",E","10",",E","8",",E","1",",E","","","0",",E","21",",E","12",",E","0",",E","0",",E","19050219",",,E","","","19050223",",,E","19050223",",,E","-14.1",",E,19,","","","59.2",",,E,23,","11.1",",E,23,","2603.9","E","574.9",",E","120.2",",,,E","-2.20",",E","1.56",",,,E","-5.96",",,,E"
"BKM00014654","1905-03","43.8678","18.4228","630.0","SARAJEVO, BK","0.0","E","0.0",",E","12",",E","7",",E","0",",E","","","0",",E","7",",E","0",",E","0",",E","0",",E","19050310",",,E","","","19050317",",,E","19050331",",,E","-3.5",",E,10,","","","12.4",",,E,17,","19.0",",E,31,","2989.8","E","385.9",",E","59.7",",,,E","5.88",",E","10.25",",,,E","1.52",",,,E"
"BKM00014654","1905-04","43.8678","18.4228","630.0","SARAJEVO, BK","0.0","E","0.0",",E","16",",E","9",",E","0",",E","","","0",",E","6",",E","0",",E","0",",E","0",",E","19050409","+,,E","","","19050406",",,E","19050430",",,E","-3.9",",E,09,+","","","15.9",",,E,06,","21.0",",E,30,","3291.5","E","301.7",",E","87.7",",,,E","8.28",",E","13.26",",,,E","3.29",",,,E"
"BKM00014654","1905-05","43.8678","18.4228","630.0","SARAJEVO, BK","0.0","E","0.0","2,E","10",",E","6",",E","0",",E","","","0","1,E","0","1,E","0","1,E","14","1,E","0","1,E","19050501",",1,E","","","19050524",",,E","19050523",",1,E","5.7","1,E,01,","","","24.6",",,E,24,","25.4","1,E,23,","3409.8","E","118.3","1,E","76.7",",,,E","14.25","2,E","19.73","1,,,E","8.76","1,,,E"
"BKM00014654","1905-06","43.8678","18.4228","630.0","SARAJEVO, BK","10.9","E","10.9",",E","17",",E","10",",E","1",",E","","","0",",E","0",",E","0",",E","19",",E","0",",E","19050601",",,E","","","19050623",",,E","19050626",",,E","7.8",",E,01,","","","28.6",",,E,23,","27.6",",E,26,","3462.8","E","53.0",",E","83.0",",,,E","16.93",",E","22.18",",,,E","11.68",",,,E"
"BKM00014654","1905-07","43.8678","18.4228","630.0","SARAJEVO, BK","76.9","E","66.0",",E","6",",E","3",",E","0",",E","","","0",",E","0",",E","0",",E","28",",E","0",",E","19050721",",,E","","","19050719",",,E","19050703",",,E","9.5",",E,21,","","","16.4",",,E,19,","31.8",",E,03,","8.5","E","8.5",",E","39.1",",,,E","20.19",",E","26.60",",,,E","13.78",",,,E"
"BKM00014654","1905-08","43.8678","18.4228","630.0","SARAJEVO, BK","164.3","E","87.4",",E","7",",E","5",",E","0",",E","","","0",",E","0",",E","0",",E","28",",E","3",",E","19050814",",,E","","","19050819",",,E","19050805",",,E","7.4",",E,14,","","","11.0",",,E,19,","33.1",",E,05,","22.8","E","14.3",",E","27.6",",,,E","20.69",",E","27.51",",,,E","13.88",",,,E"
"BKM00014654","1905-09","43.8678","18.4228","630.0","SARAJEVO, BK","217.1","E","52.8",",E","6",",E","3",",E","0",",E","","","0",",E","0",",E","0",",E","24",",E","4",",E","19050918",",,E","","","19050921",",,E","19050911",",,E","5.3",",E,18,","","","12.2",",,E,21,","33.0",",E,11,","69.7","E","46.9",",E","24.0",",,,E","18.53",",E","25.60",",,,E","11.46",",,,E"
"BKM00014654","1905-10","43.8678","18.4228","630.0","SARAJEVO, BK","217.1","E","0.0","2,E","22",",E","18",",E","3",",E","","","0","1,E","8","1,E","0","1,E","0","1,E","0","1,E","19051028",",1,E","","","19051006",",,E","19051001",",1,E","-5.9","1,E,28,","","","48.8",",,E,06,","20.9","1,E,01,","420.4","E","350.7","1,E","261.0",",,,E","6.05","2,E","9.91","1,,,E","2.20","1,,,E"
"BKM00014654","1905-11","43.8678","18.4228","630.0","SARAJEVO, BK","217.1","E","0.0","1,E","15",",E","8",",E","0",",E","","","0","1,E","3","1,E","0",",E","1",",E","0",",E","19051127",",1,E","","","19051123",",,E","19051105",",,E","-2.1","1,E,27,","","","14.2",",,E,23,","22.0",",E,05,","682.6","E","262.2",",E","70.1",",,,E","9.30","1,E","13.04",",,,E","5.57","1,,,E"
"BKM00014654","1905-12","43.8678","18.4228","630.0","SARAJEVO, BK","217.1","E","0.0","3,E","6",",E","3",",E","0",",E","","","0","1,E","18","1,E","4","2,E","0","2,E","0","2,E","19051220",",1,E","","","19051231",",,E","19051229",",2,E","-10.5","1,E,20,","","","5.4",",,E,31,","10.6","2,E,29,","1167.0","E","484.4","2,E","16.2",",,,E","1.14","3,E","3.81","2,,,E","-1.53","1,,,E"
"BKM00014654","1906-01","43.8678","18.4228","630.0","SARAJEVO, BK","0.0","E","0.0","2,E","11",",E","7",",E","0",",E","","","0","1,E","29","1,E","15","1,E","0","1,E","0","1,E","19060103",",1,E","","","19060109",",,E","19060119",",1,E","-14.6","1,E,03,","","","11.2",",,E,09,","8.8","1,E,19,","1781.0","E","614.0","1,E","56.0",",,,E","-2.89","2,E","0.93","1,,,E","-6.70","1,,,E"
"BKM00014654","1906-02","43.8678","18.4228","630.0","SARAJEVO, BK","0.0","E","0.0",",E","12",",E","8",",E","0",",E","","","0",",E","24",",E","7",",E","0",",E","0",",E","19060203",",,E","","","19060207",",,E","19060228",",,E","-12.1",",E,03,","","","17.6",",,E,07,","12.0",",E,28,","2300.0","E","519.0",",E","64.3",",,,E","-0.20",",E","2.67",",,,E","-3.08",",,,E"
"BKM00014654","1906-03","43.8678","18.4228","630.0","SARAJEVO, BK","0.0","E","0.0",",E","14",",E","11",",E","0",",E","","","0",",E","13",",E","1",",E","0",",E","0",",E","19060314",",,E","","","19060323",",,E","19060318",",,E","-5.9",",E,14,","","","14.3",",,E,23,","17.9",",E,18,","2704.5","E","404.5",",E","90.7",",,,E","5.28",",E","10.11",",,,E","0.46",",,,E"
"BKM00014654","1906-04","43.8678","18.4228","630.0","SARAJEVO, BK","0.0","E","0.0",",E","9",",E","5",",E","0",",E","","","0",",E","6",",E","0",",E","4",",E","0",",E","19060403",",,E","","","19060427",",,E","19060422",",,E","-5.9",",E,03,","","","5.0",",,E,27,","23.8",",E,22,","2967.3","E","262.8",",E","23.6",",,,E","9.57",",E","15.23",",,,E","3.91",",,,E"
"BKM00014654","1906-05","43.8678","18.4228","630.0","SARAJEVO, BK","0.0","E","0.0",",E","20",",E","10",",E","0",",E","","","0",",E","0",",E","0",",E","5",",E","0",",E","19060505",",,E","","","19060530",",,E","19060530",",,E","3.6",",E,05,","","","11.3",",,E,30,","23.4",",E,30,","3122.3","E","155.0",",E","60.1",",,,E","13.33",",E","18.22",",,,E","8.45",",,,E"
"BKM00014654","1906-06","43.8678","18.4228","630.0","SARAJEVO, BK","18.0","E","18.0","2,E","17",",E","16",",E","0",",E","","","0","1,E","0","1,E","0","1,E","17","1,E","0","1,E","19060610","+,1,E","","","19060619",",,E","19060629",",1,E","6.4","1,E,10,+","","","23.6",",,E,19,","30.4","1,E,29,","3204.2","E","81.9","1,E","171.5",",,,E","16.14","2,E","21.04","1,,,E","11.25","1,,,E"
"BKM00014654","1906-07","43.8678","18.4228","630.0","SARAJEVO, BK","70.4","E","52.4",",E","10",",E","7",",E","0",",E","","","0",",E","0",",E","0",",E","28",",E","0",",E","19060715",",,E","","","19060727",",,E","19060724",",,E","10.9",",E,15,","","","9.7",",,E,27,","30.0",",E,24,","10.8","E","10.8",",E","41.9",",,,E","19.67",",E","25.18",",,,E","14.17",",,,E"
"BKM00014654","1906-08","43.8678","18.4228","630.0","SARAJEVO, BK","107.3","E","36.9",",E","11",",E","6",",E","0",",E","","","0",",E","0",",E","0",",E","25",",E","0",",E","19060830",",,E","","","19060818",",,E","19060804",",,E","5.2",",E,30,","","","25.1",",,E,18,","32.0",",E,04,","53.6","E","42.8",",E","108.0",",,,E","18.14",",E","24.30",",,,E","11.98",",,,E"
"BKM00014654","1906-09","43.8678","18.4228","630.0","SARAJEVO, BK","117.5","E","10.2","2,E","10",",E","6",",E","1",",E","","","0","1,E","4","1,E","0","1,E","12","1,E","0","1,E","19060928",",1,E","","","19060911",",,E","19060909",",1,E","-1.8","1,E,28,","","","34.0",",,E,11,","28.8","1,E,09,","196.5","E","142.9","1,E","97.5",",,,E","13.50","2,E","19.77","1,,,E","7.23","1,,,E"
"BKM00014654","1906-10","43.8678","18.4228","630.0","SARAJEVO, BK","117.5","E","0.0","2,E","10",",E","7",",E","0",",E","","","0","1,E","3","1,E","0","1,E","1","1,E","0","1,E","19061011",",1,E","","","19061015","+,,E","19061007",",1,E","-0.8","1,E,11,","","","11.5",",,E,15,+","21.9","1,E,07,","413.7","E","217.2","1,E","55.0",",,,E","10.70","2,E","16.35","1,,,E","5.05","1,,,E"
"BKM00014654","1906-11","43.8678","18.4228","630.0","SARAJEVO, BK","","","","","12",",E","7",",E","0",",E","","","0","4,E","8","4,E","0","4,E","0","4,E","0","4,E","19061113",",4,E","","","19061101",",,E","19061108",",4,E","-4.9","4,E,13,","","","20.9",",,E,01,","20.1","4,E,08,","","","","","73.6",",,,E","7.18","6,E","11.68","4,,,E","2.69","4,,,E"
"BKM00014654","1906-12","43.8678","18.4228","630.0","SARAJEVO, BK","","","0.0","2,E","21",",E","14",",E","2",",E","","","0","1,E","23","1,E","14","1,E","0","1,E","0","1,E","19061231",",1,E","","","19061210",",,E","19061209",",1,E","-14.6","1,E,31,","","","43.1",",,E,10,","13.1","1,E,09,","","","551.7","1,E","166.8",",,,E","-0.63","2,E","2.66","1,,,E","-3.92","1,,,E"
"BKM00014654","1907-01","43.8678","18.4228","630.0","SARAJEVO, BK","0.0","E","0.0","2,E","16",",E","10",",E","1",",E","","","2","1,E","29","1,E","17","1,E","0","1,E","0","1,E","19070123",",1,E","","","19070104",",,E","19070103",",1,E","-22.5","1,E,23,","","","40.5",",,E,04,","10.9","1,E,03,","","","646.3","1,E","116.1",",,,E","-4.01","2,E","-0.67","1,,,E","-7.35","1,,,E"
"BKM00014654","1907-02","43.8678","18.4228","630.0","SARAJEVO, BK","0.0","E","0.0",",E","8",",E","4",",E","0",",E","","","0",",E","28",",E","13",",E","0",",E","0",",E","19070227",",,E","","","19070221",",,E","19070214",",,E","-11.0",",E,27,","","","21.8",",,E,21,","8.5",",E,14,","","","577.3",",E","41.8",",,,E","-2.29",",E","0.86",",,,E","-5.44",",,,E"
"BKM00014654","1907-03","43.8678","18.4228","630.0","SARAJEVO, BK","0.0","E","0.0",",E","15",",E","9",",E","0",",E","","","0",",E","31",",E","4",",E","0",",E","0",",E","19070314",",,E","","","19070311",",,E","19070320",",,E","-12.9",",E,14,","","","14.6",",,E,11,","12.1",",E,20,","","","581.3",",E","61.8",",,,E","-0.42",",E","3.63",",,,E","-4.46",",,,E"
"BKM00014654","1907-04","43.8678","18.4228","630.0","SARAJEVO, BK","0.0","E","0.0","2,E","18",",E","12",",E","1",",E","","","0","1,E","3","1,E","0","1,E","0","1,E","0","1,E","19070401",",1,E","","","19070418",",,E","19070408",",1,E","-3.2","1,E,01,","","","28.7",",,E,18,","17.4","1,E,08,","","","294.7","1,E","119.9",",,,E","7.70","2,E","11.50","1,,,E","3.91","1,,,E"
"BKM00014654","1907-05","43.8678","18.4228","630.0","SARAJEVO, BK","9.5","E","9.5",",E","8",",E","4",",E","0",",E","","","0",",E","0",",E","0",",E","22",",E","0",",E","19070501",",,E","","","19070530",",,E","19070527",",,E","1.5",",E,01,","","","7.2",",,E,30,","29.2",",E,27,","","","69.2",",E","22.6",",,,E","16.41",",E","23.66",",,,E","9.15",",,,E"
"BKM00014654","1907-06","43.8678","18.4228","630.0","SARAJEVO, BK","37.1","E","27.6",",E","11",",E","8",",E","0",",E","","","0",",E","0",",E","0",",E","20",",E","0",",E","19070606",",,E","","","19070617",",,E","19070623",",,E","7.1",",E,06,","","","20.3",",,E,17,","30.5",",E,23,","","","46.3",",E","79.7",",,,E","17.71",",E","23.57",",,,E","11.85",",,,E"
"BKM00014654","1907-07","43.8678","18.4228","630.0","SARAJEVO, BK","70.8","E","33.7",",E","13",",E","7",",E","0",",E","","","0",",E","0",",E","0",",E","27",",E","0",",E","19070714",",,E","","","19070722",",,E","19070702",",,E","8.3",",E,14,","","","16.2",",,E,22,","30.6",",E,02,","24.6","E","24.6",",E","69.3",",,,E","18.62",",E","24.48",",,,E","12.77",",,,E"
"BKM00014654","1907-08","43.8678","18.4228","630.0","SARAJEVO, BK","146.5","E","75.7",",E","5",",E","4",",E","0",",E","","","0",",E","0",",E","0",",E","28",",E","5",",E","19070823",",,E","","","19070812",",,E","19070811",",,E","5.1",",E,23,","","","21.8",",,E,12,","35.1",",E,11,","54.2","E","29.6",",E","42.4",",,,E","19.82",",E","27.52",",,,E","12.12",",,,E"
"BKM00014654","1907-09","43.8678","18.4228","630.0","SARAJEVO, BK","155.5","E","9.0",",E","6",",E","4",",E","1",",E","","","0",",E","0",",E","0",",E","24",",E","0",",E","19070906",",,E","","","19070916",",,E","19070903",",,E","3.2",",E,06,","","","30.5",",,E,16,","30.2",",E,03,","132.3","E","78.1",",E","63.4",",,,E","16.03",",E","23.03",",,,E","9.02",",,,E"
"BKM00014654","1907-10","43.8678","18.4228","630.0","SARAJEVO, BK","165.2","E","9.7",",E","11",",E","6",",E","1",",E","","","0",",E","0",",E","0",",E","17",",E","0",",E","19071023",",,E","","","19071028",",,E","19071001",",,E","1.3",",E,23,","","","30.0",",,E,28,","27.1",",E,01,","221.8","E","89.5",",E","92.2",",,,E","15.76",",E","21.44",",,,E","10.07",",,,E"
"BKM00014654","1907-11","43.8678","18.4228","630.0","SARAJEVO, BK","165.2","E","0.0",",E","8",",E","4",",E","0",",E","","","0",",E","13",",E","3",",E","0",",E","0",",E","19071107",",,E","","","19071113",",,E","19071112",",,E","-5.0",",E,07,","","","21.4",",,E,13,","20.3",",E,12,","640.7","E","418.9",",E","62.0",",,,E","4.37",",E","7.42",",,,E","1.31",",,,E"
"BKM00014654","1907-12","43.8678","18.4228","630.0","SARAJEVO, BK","165.2","E","0.0","4,E","13",",E","10",",E","0",",E","","","0","2,E","10","2,E","1","2,E","0","2,E","0","2,E","19071219",",2,E","","","19071213",",,E","19071206",",2,E","-13.9","2,E,19,","","","17.5",",,E,13,","13.2","2,E,06,","1041.9","E","401.2","2,E","84.6",",,,E","3.32","4,E","7.04","2,,,E","-0.41","2,,,E"
"BKM00014654","1908-01","43.8678","18.4228","630.0","SARAJEVO, BK","0.0","E","0.0",",E","10",",E","7",",E","1",",E","","","2",",E","30",",E","20",",E","0",",E","0",",E","19080113",",,E","","","19080130",",,E","19080129",",,E","-19.1",",E,13,","","","47.6",",,E,30,","10.6",",E,29,","1757.2","E","715.3",",E","113.9",",,,E","-4.74",",E","-0.82",",,,E","-8.66",",,,E"
"BKM00014654","1908-02","43.8678","18.4228","630.0","SARAJEVO, BK","0.0","E","0.0",",E","13",",E","6",",E","1",",E","","","0",",E","25",",E","8",",E","0",",E","0",",E","19080212",",,E","","","19080202",",,E","19080224",",,E","-12.9",",E,12,","","","42.6",",,E,02,","9.7",",E,24,","2311.3","E","554.1",",E","104.9",",,,E","-0.77",",E","2.86",",,,E","-4.41",",,,E"
"BKM00014654","1908-03","43.8678","18.4228","630.0","SARAJEVO, BK","0.0","E","0.0",",E","11",",E","5",",E","1",",E","","","0",",E","20",",E","0",",E","0",",E","0",",E","19080316",",,E","","","19080301",",,E","19080331",",,E","-6.2",",E,16,","","","39.4",",,E,01,","16.8",",E,31,","2766.1","E","454.8",",E","98.6",",,,E","3.66",",E","7.91",",,,E","-0.58",",,,E"
"BKM00014654","1908-04","43.8678","18.4228","630.0","SARAJEVO, BK","0.0","E","0.0",",E","15",",E","9",",E","0",",E","","","0",",E","6",",E","0",",E","0",",E","0",",E","19080404",",,E","","","19080418",",,E","19080428",",,E","-3.9",",E,04,","","","16.7",",,E,18,","19.0",",E,28,","3075.0","E","308.9",",E","73.8",",,,E","8.04",",E","12.82",",,,E","3.26",",,,E"
"BKM00014654","1908-05","43.8678","18.4228","630.0","SARAJEVO, BK","33.7","E","33.7",",E","9",",E","5",",E","0",",E","","","0",",E","0",",E","0",",E","24",",E","0",",E","19080502",",,E","","","19080507",",,E","19080515",",,E","3.9",",E,02,","","","11.6",",,E,07,","30.1",",E,15,","3136.3","E","61.3",",E","41.0",",,,E","17.44",",E","23.77",",,,E","11.12",",,,E"
"BKM00014654","1908-06","43.8678","18.4228","630.0","SARAJEVO, BK","77.2","E","43.5",",E","7",",E","5",",E","0",",E","","","0",",E","0",",E","0",",E","25",",E","1",",E","19080613",",,E","","","19080624",",,E","19080620",",,E","7.3",",E,13,","","","9.2",",,E,24,","33.2",",E,20,","3166.2","E","29.9",",E","35.1",",,,E","18.79",",E","25.46",",,,E","12.11",",,,E"
"BKM00014654","1908-07","43.8678","18.4228","630.0","SARAJEVO, BK","110.3","E","33.1",",E","13",",E","6",",E","0",",E","","","0",",E","0",",E","0",",E","28",",E","0",",E","19080718","+,,E","","","19080707",",,E","19080714",",,E","9.1",",E,18,+","","","15.9",",,E,07,","31.2",",E,14,","13.9","E","13.9",",E","53.3",",,,E","18.95",",E","25.29",",,,E","12.62",",,,E"
"BKM00014654","1908-08","43.8678","18.4228","630.0","SARAJEVO, BK","162.9","E","52.6",",E","12",",E","4",",E","0",",E","","","0",",E","0",",E","0",",E","26",",E","2",",E","19080804",",,E","","","19080808",",,E","19080830",",,E","7.8",",E,04,","","","15.1",",,E,08,","33.9",",E,30,","39.3","E","25.4",",E","39.5",",,,E","19.21",",E","26.29",",,,E","12.13",",,,E"
"BKM00014654","1908-09","43.8678","18.4228","630.0","SARAJEVO, BK","175.1","E","12.2",",E","8",",E","3",",E","0",",E","","","0",",E","0",",E","0",",E","15",",E","1",",E","19080915",",,E","","","19080905",",,E","19080911",",,E","2.6",",E,15,","","","9.7",",,E,05,","32.2",",E,11,","152.8","E","113.5",",E","26.9",",,,E","14.96",",E","21.49",",,,E","8.42",",,,E"
"BKM00014654","1908-10","43.8678","18.4228","630.0","SARAJEVO, BK","175.1","E","0.0",",E","10",",E","6",",E","0",",E","","","0",",E","3",",E","0",",E","9",",E","0",",E","19081022",",,E","","","19081021",",,E","19081013",",,E","-0.8",",E,22,","","","13.1",",,E,21,","24.1",",E,13,","391.7","E","238.9",",E","48.1",",,,E","10.63",",E","16.20",",,,E","5.06",",,,E"
"BKM00014654","1908-11","43.8678","18.4228","630.0","SARAJEVO, BK","175.1","E","0.0",",E","10",",E","7",",E","1",",E","","","0",",E","26",",E","8",",E","0",",E","0",",E","19081123",",,E","","","19081120",",,E","19081109",",,E","-13.3",",E,23,","","","73.5",",,E,20,","18.8",",E,09,","946.2","E","554.5",",E","131.3",",,,E","-0.15",",E","3.29",",,,E","-3.59",",,,E"
"BKM00014654","1908-12","43.8678","18.4228","630.0","SARAJEVO, BK","175.1","E","0.0",",E","7",",E","4",",E","0",",E","","","1",",E","25",",E","18",",E","0",",E","0",",E","19081208",",,E","","","19081211",",,E","19081218",",,E","-17.9",",E,08,","","","25.3",",,E,11,","9.6",",E,18,","1590.7","E","644.5",",E","49.7",",,,E","-2.46",",E","-0.01",",,,E","-4.91",",,,E"
"BKM00014654","1909-01","43.8678","18.4228","630.0","SARAJEVO, BK","0.0","E","0.0",",E","9",",E","5",",E","1",",E","","","1",",E","28",",E","22",",E","0",",E","0",",E","19090130",",,E","","","19090117",",,E","19090116",",,E","-20.1",",E,30,","","","26.3",",,E,17,","13.6",",E,16,","2300.8","E","710.1",",E","49.9",",,,E","-4.57",",E","-1.50",",,,E","-7.65",",,,E"
"BKM00014654","1909-02","43.8678","18.4228","630.0","SARAJEVO, BK","0.0","E","0.0",",E","9",",E","3",",E","0",",E","","","0",",E","28",",E","20",",E","0",",E","0",",E","19090223",",,E","","","19090213",",,E","19090228",",,E","-17.1",",E,23,","","","3.9",",,E,13,","9.0",",E,28,","2946.1","E","645.3",",E","19.7",",,,E","-4.71",",E","-0.55",",,,E","-8.88",",,,E"
"BKM00014654","1909-03","43.8678","18.4228","630.0","SARAJEVO, BK","0.0","E","0.0",",E","19",",E","10",",E","0",",E","","","0",",E","10",",E","0",",E","0",",E","0",",E","19090307",",,E","","","19090316",",,E","19090330",",,E","-5.0",",E,07,","","","16.5",",,E,16,","19.4",",E,30,","3335.6","E","389.5",",E","80.2",",,,E","5.77",",E","10.40",",,,E","1.14",",,,E"
"BKM00014654","1909-04","43.8678","18.4228","630.0","SARAJEVO, BK","0.0","E","0.0",",E","10",",E","6",",E","0",",E","","","0",",E","5",",E","0",",E","10",",E","0",",E","19090405",",,E","","","19090416",",,E","19090424",",,E","-1.8",",E,05,","","","10.2",",,E,16,","24.0",",E,24,","3572.6","E","237.0",",E","42.9",",,,E","10.43",",E","16.35",",,,E","4.52",",,,E"
"BKM00014654","1909-05","43.8678","18.4228","630.0","SARAJEVO, BK","10.9","E","10.9",",E","12",",E","10",",E","1",",E","","","0",",E","1",",E","0",",E","13",",E","0",",E","19090509",",,E","","","19090503",",,E","19090517",",,E","-1.3",",E,09,","","","29.6",",,E,03,","28.4",",E,17,","3736.9","E","164.3",",E","116.8",",,,E","13.39",",E","18.70",",,,E","8.07",",,,E"
"BKM00014654","1909-06","43.8678","18.4228","630.0","SARAJEVO, BK","19.7","E","8.8",",E","15",",E","5",",E","0",",E","","","0",",E","0",",E","0",",E","22",",E","0",",E","19090619",",,E","","","19090613",",,E","19090604",",,E","7.0",",E,19,","","","23.1",",,E,13,","28.8",",E,04,","3800.3","E","63.4",",E","70.8",",,,E","16.51",",E","22.40",",,,E","10.63",",,,E"
"BKM00014654","1909-07","43.8678","18.4228","630.0","SARAJEVO, BK","72.0","E","52.3",",E","11",",E","6",",E","0",",E","","","0",",E","0",",E","0",",E","23",",E","3",",E","19090710",",,E","","","19090701",",,E","19090727","+,,E","8.4",",E,10,","","","21.8",",,E,01,","33.2",",E,27,+","35.5","E","35.5",",E","61.2",",,,E","18.87",",E","24.92",",,,E","12.83",",,,E"
"BKM00014654","1909-08","43.8678","18.4228","630.0","SARAJEVO, BK","120.4","E","48.4",",E","13",",E","10",",E","0",",E","","","0",",E","0",",E","0",",E","26",",E","1",",E","19090831",",,E","","","19090805",",,E","19090803",",,E","11.0",",E,31,","","","24.8",",,E,05,","32.2",",E,03,","52.8","E","17.3",",E","97.6",",,,E","19.34",",E","25.25",",,,E","13.42",",,,E"
"BKM00014654","1909-09","43.8678","18.4228","630.0","SARAJEVO, BK","129.9","E","9.5",",E","17",",E","10",",E","2",",E","","","0",",E","0",",E","0",",E","12",",E","0",",E","19090908",",,E","","","19090912",",,E","19090911",",,E","6.0",",E,08,","","","42.3",",,E,12,","28.5",",E,11,","148.7","E","95.9",",E","150.3",",,,E","15.45",",E","20.34",",,,E","10.57",",,,E"
"BKM00014654","1909-10","43.8678","18.4228","630.0","SARAJEVO, BK","129.9","E","0.0",",E","8",",E","6",",E","0",",E","","","0",",E","1",",E","0",",E","2",",E","0",",E","19091027",",,E","","","19091011",",,E","19091007",",,E","-1.0",",E,27,","","","24.2",",,E,11,","22.1",",E,07,","370.9","E","222.2",",E","64.0",",,,E","11.17",",E","15.56",",,,E","6.77",",,,E"
"BKM00014654","1909-11","43.8678","18.4228","630.0","SARAJEVO, BK","129.9","E","0.0",",E","18",",E","13",",E","2",",E","","","0",",E","15",",E","8",",E","0",",E","0",",E","19091125",",,E","","","19091103",",,E","19091116","+,,E","-10.1",",E,25,","","","30.0",",,E,03,","16.1",",E,16,+","858.3","E","487.4",",E","160.3",",,,E","2.09",",E","4.24",",,,E","-0.07",",,,E"
"BKM00014654","1909-12","43.8678","18.4228","630.0","SARAJEVO, BK","129.9","E","0.0",",E","14",",E","9",",E","0",",E","","","0",",E","11",",E","1",",E","0",",E","0",",E","19091201",",,E","","","19091225","+,,E","19091224",",,E","-11.1",",E,01,","","","8.0",",,E,25,+","15.1",",E,24,","1271.9","E","413.6",",E","58.3",",,,E","4.99",",E","7.71",",,,E","2.27",",,,E"
"BKM00014654","1910-01","43.8678","18.4228","630.0","SARAJEVO, BK","0.0","E","0.0",",E","14",",E","9",",E","0",",E","","","0",",E","24",",E","7",",E","0",",E","0",",E","19100115",",,E","","","19100131",",,E","19100120",",,E","-9.9",",E,15,","","","23.2",",,E,31,","12.1",",E,20,","1813.9","E","542.0",",E","99.5",",,,E","0.85",",E","3.88",",,,E","-2.18",",,,E"
"BKM00014654","1910-02","43.8678","18.4228","630.0","SARAJEVO, BK","0.0","E","0.0",",E","10",",E","6",",E","0",",E","","","0",",E","12",",E","3",",E","0",",E","0",",E","19100211",",,E","","","19100209",",,E","19100224",",,E","-2.9",",E,11,","","","14.6",",,E,09,","15.9",",E,24,","2218.5","E","404.6",",E","48.9",",,,E","3.88",",E","6.99",",,,E","0.77",",,,E"
"BKM00014654","1910-03","43.8678","18.4228","630.0","SARAJEVO, BK","0.0","E","0.0",",E","7",",E","3",",E","0",",E","","","0",",E","13",",E","0",",E","0",",E","0",",E","19100326",",,E","","","19100324",",,E","19100312",",,E","-5.9",",E,26,","","","10.5",",,E,24,","14.2",",E,12,","2636.9","E","418.4",",E","32.3",",,,E","4.84",",E","8.96",",,,E","0.71",",,,E"
"BKM00014654","1910-04","43.8678","18.4228","630.0","SARAJEVO, BK","0.0","E","0.0",",E","18",",E","12",",E","0",",E","","","0",",E","4",",E","0",",E","0",",E","0",",E","19100412",",,E","","","19100406",",,E","19100416",",,E","-1.4",",E,12,","","","22.4",",,E,06,","20.0",",E,16,","2916.2","E","279.3",",E","106.4",",,,E","9.02",",E","13.17",",,,E","4.88",",,,E"
"BKM00014654","1910-05","43.8678","18.4228","630.0","SARAJEVO, BK","1.1","E","1.1",",E","20",",E","13",",E","0",",E","","","0",",E","0",",E","0",",E","9",",E","0",",E","19100507",",,E","","","19100501",",,E","19100519",",,E","1.1",",E,07,","","","18.5",",,E,01,","27.1",",E,19,","3070.9","E","154.7",",E","122.2",",,,E","13.38",",E","17.93",",,,E","8.83",",,,E"
"BKM00014654","1910-06","43.8678","18.4228","630.0","SARAJEVO, BK","11.0","E","9.9",",E","17",",E","10",",E","2",",E","","","0",",E","0",",E","0",",E","19",",E","0",",E","19100621",",,E","","","19100605",",,E","19100630",",,E","4.0",",E,21,","","","33.2",",,E,05,","27.9",",E,30,","3121.3","E","50.4",",E","156.4",",,,E","16.98",",E","21.95",",,,E","12.02",",,,E"
"BKM00014654","1910-07","43.8678","18.4228","630.0","SARAJEVO, BK","38.0","E","27.0",",E","11",",E","9",",E","1",",E","","","0",",E","0",",E","0",",E","24",",E","0",",E","19100726",",,E","","","19100727",",,E","19100723",",,E","8.2",",E,26,","","","30.8",",,E,27,","32.1",",E,23,","40.3","E","40.3",",E","100.8",",,,E","17.90",",E","23.69",",,,E","12.12",",,,E"
"BKM00014654","1910-08","43.8678","18.4228","630.0","SARAJEVO, BK","81.2","E","43.2",",E","8",",E","5",",E","0",",E","","","0",",E","0",",E","0",",E","27",",E","0",",E","19100826",",,E","","","19100811",",,E","19100821",",,E","8.0",",E,26,","","","23.0",",,E,11,","29.8",",E,21,","63.5","E","23.2",",E","60.3",",,,E","18.98",",E","25.11",",,,E","12.85",",,,E"
"BKM00014654","1910-09","43.8678","18.4228","630.0","SARAJEVO, BK","81.2","E","0.0",",E","15",",E","14",",E","1",",E","","","0",",E","0",",E","0",",E","4",",E","0",",E","19100919",",,E","","","19100911",",,E","19100909",",,E","6.2",",E,19,","","","30.0",",,E,11,","22.2",",E,09,","210.9","E","147.4",",E","144.7",",,,E","13.42",",E","17.24",",,,E","9.60",",,,E"
"BKM00014654","1910-10","43.8678","18.4228","630.0","SARAJEVO, BK","81.2","E","0.0",",E","15",",E","11",",E","0",",E","","","0",",E","0",",E","0",",E","4",",E","0",",E","19101028","+,,E","","","19101030",",,E","19101014",",,E","1.8",",E,28,+","","","23.7",",,E,30,","24.6",",E,14,","439.2","E","228.3",",E","101.9",",,,E","10.97",",E","15.03",",,,E","6.91",",,,E"
"BKM00014654","1910-11","43.8678","18.4228","630.0","SARAJEVO, BK","81.2","E","0.0",",E","15",",E","9",",E","0",",E","","","0",",E","11",",E","3",",E","0",",E","0",",E","19101123",",,E","","","19101106",",,E","19101106",",,E","-7.2",",E,23,","","","23.1",",,E,06,","20.1",",E,06,","834.7","E","395.5",",E","106.9",",,,E","5.15",",E","8.65",",,,E","1.64",",,,E"
"BKM00014654","1910-12","43.8678","18.4228","630.0","SARAJEVO, BK","81.2","E","0.0",",E","14",",E","9",",E","0",",E","","","0",",E","8",",E","1",",E","0",",E","0",",E","19101224",",,E","","","19101219",",,E","19101206",",,E","-5.6",",E,24,","","","16.9",",,E,19,","14.3",",E,06,","1214.5","E","379.8",",E","76.0",",,,E","6.08",",E","8.26",",,,E","3.90",",,,E"
"BKM00014654","1911-01","43.8678","18.4228","630.0","SARAJEVO, BK","0.0","E","0.0",",E","14",",E","5",",E","0",",E","","","0",",E","26",",E","18",",E","0",",E","0",",E","19110131",",,E","","","19110105",",,E","19110127",",,E","-14.3",",E,31,","","","23.4",",,E,05,","7.8",",E,27,","1863.5","E","649.0",",E","51.0",",,,E","-2.60",",E","-0.29",",,,E","-4.91",",,,E"
"BKM00014654","1911-02","43.8678","18.4228","630.0","SARAJEVO, BK","0.0","E","0.0",",E","11",",E","7",",E","0",",E","","","1",",E","24",",E","13",",E","0",",E","0",",E","19110208",",,E","","","19110224",",,E","19110223",",,E","-17.8",",E,08,","","","11.2",",,E,24,","11.4",",E,23,","2448.8","E","585.3",",E","40.2",",,,E","-2.57",",E","1.31",",,,E","-6.45",",,,E"
"BKM00014654","1911-03","43.8678","18.4228","630.0","SARAJEVO, BK","0.0","E","0.0",",E","8",",E","4",",E","0",",E","","","0",",E","12",",E","0",",E","2",",E","0",",E","19110301",",,E","","","19110320",",,E","19110329",",,E","-8.6",",E,01,","","","3.8",",,E,20,","21.2",",E,29,","2837.6","E","388.8",",E","16.3",",,,E","5.79",",E","10.06",",,,E","1.52",",,,E"
"BKM00014654","1911-04","43.8678","18.4228","630.0","SARAJEVO, BK","0.0","E","0.0",",E","14",",E","8",",E","1",",E","","","0",",E","8",",E","0",",E","0",",E","0",",E","19110405",",,E","","","19110404",",,E","19110420",",,E","-1.8",",E,05,","","","28.5",",,E,04,","21.0",",E,20,","3151.7","E","314.1",",E","89.4",",,,E","7.86",",E","12.48",",,,E","3.25",",,,E"
"BKM00014654","1911-05","43.8678","18.4228","630.0","SARAJEVO, BK","1.7","E","1.7",",E","20",",E","11",",E","1",",E","","","0",",E","0",",E","0",",E","11",",E","0",",E","19110525","+,,E","","","19110502",",,E","19110515",",,E","4.2",",E,25,+","","","33.1",",,E,02,","26.9",",E,15,","3296.3","E","144.6",",E","116.8",",,,E","13.72",",E","18.28",",,,E","9.16",",,,E"
"BKM00014654","1911-06","43.8678","18.4228","630.0","SARAJEVO, BK","19.7","E","18.0",",E","11",",E","8",",E","0",",E","","","0",",E","0",",E","0",",E","17",",E","0",",E","19110616",",,E","","","19110606",",,E","19110626",",,E","3.3",",E,16,","","","13.6",",,E,06,","32.0",",E,26,","3358.3","E","62.0",",E","72.0",",,,E","16.87",",E","22.50",",,,E","11.24",",,,E"
"BKM00014654","1911-07","43.8678","18.4228","630.0","SARAJEVO, BK","57.2","E","37.5",",E","12",",E","9",",E","0",",E","","","0",",E","0",",E","0",",E","25",",E","0",",E","19110707",",,E","","","19110703",",,E","19110728",",,E","7.1",",E,07,","","","10.6",",,E,03,","30.1",",E,28,","25.2","E","25.2",",E","60.7",",,,E","18.73",",E","24.41",",,,E","13.05",",,,E"
"BKM00014654","1911-08","43.8678","18.4228","630.0","SARAJEVO, BK","108.9","E","51.7",",E","11",",E","6",",E","1",",E","","","0",",E","0",",E","0",",E","28",",E","2",",E","19110818",",,E","","","19110812",",,E","19110824",",,E","6.7",",E,18,","","","35.2",",,E,12,","34.5",",E,24,","41.9","E","16.7",",E","64.1",",,,E","19.46",",E","25.77",",,,E","13.15",",,,E"
"BKM00014654","1911-09","43.8678","18.4228","630.0","SARAJEVO, BK","117.7","E","8.8","1,E","8",",E","7",",E","1",",E","","","0",",E","0",",E","0","1,E","14","1,E","0","1,E","19110912",",,E","","","19110922",",,E","19110909",",1,E","3.7",",E,12,","","","42.7",",,E,22,","29.4","1,E,09,","131.8","E","89.9","1,E","102.7",",,,E","15.50","1,E","21.40","1,,,E","9.60",",,,E"
"BKM00014654","1911-10","43.8678","18.4228","630.0","SARAJEVO, BK","117.9","E","0.2","1,E","10",",E","6",",E","0",",E","","","0","1,E","2","1,E","0",",E","5",",E","0",",E","19111012",",1,E","","","19111001",",,E","19111007",",,E","-1.1","1,E,12,","","","14.8",",,E,01,","25.7",",E,07,","311.9","E","180.1",",E","58.3",",,,E","12.33","1,E","17.45",",,,E","7.22","1,,,E"
"BKM00014654","1911-11","43.8678","18.4228","630.0","SARAJEVO, BK","117.9","E","0.0",",E","6",",E","6",",E","0",",E","","","0",",E","4",",E","0",",E","0",",E","0",",E","19111129",",,E","","","19111120",",,E","19111113",",,E","-1.4",",E,29,","","","16.1",",,E,20,","17.4",",E,13,","600.8","E","288.9",",E","56.4",",,,E","8.70",",E","12.72",",,,E","4.68",",,,E"
"BKM00014654","1911-12","43.8678","18.4228","630.0","SARAJEVO, BK","117.9","E","0.0",",E","17",",E","10",",E","0",",E","","","0",",E","18",",E","1",",E","0",",E","0",",E","19111225",",,E","","","19111221",",,E","19111216",",,E","-6.1",",E,25,","","","14.0",",,E,21,","14.0",",E,16,","1088.1","E","487.3",",E","85.1",",,,E","2.61",",E","5.49",",,,E","-0.26",",,,E"
"BKM00014654","1912-01","43.8678","18.4228","630.0","SARAJEVO, BK","0.0","E","0.0",",E","14",",E","7",",E","0",",E","","","0",",E","26",",E","15",",E","0",",E","0",",E","19120116",",,E","","","19120106",",,E","19120124",",,E","-16.0",",E,16,","","","7.4",",,E,06,","11.5",",E,24,","1733.2","E","645.1",",E","50.1",",,,E","-2.48",",E","0.87",",,,E","-5.83",",,,E"
"BKM00014654","1912-02","43.8678","18.4228","630.0","SARAJEVO, BK","0.0","E","0.0",",E","11",",E","7",",E","0",",E","","","0",",E","12",",E","1",",E","0",",E","0",",E","19120202",",,E","","","19120203",",,E","19120208",",,E","-10.3",",E,02,","","","12.2",",,E,03,","16.0",",E,08,","2116.7","E","383.5",",E","47.1",",,,E","5.11",",E","9.16",",,,E","1.06",",,,E"
"BKM00014654","1912-03","43.8678","18.4228","630.0","SARAJEVO, BK","0.0","E","0.0",",E","14",",E","8",",E","0",",E","","","0",",E","3",",E","0",",E","0",",E","0",",E","19120310",",,E","","","19120313",",,E","19120329",",,E","-1.0",",E,10,","","","24.5",",,E,13,","19.1",",E,29,","2425.7","E","309.0",",E","77.8",",,,E","8.37",",E","12.71",",,,E","4.03",",,,E"
"BKM00014654","1912-04","43.8678","18.4228","630.0","SARAJEVO, BK","0.0","E","0.0",",E","17",",E","8",",E","0",",E","","","0",",E","10",",E","0",",E","1",",E","0",",E","19120405",",,E","","","19120402",",,E","19120407",",,E","-5.0",",E,05,","","","22.4",",,E,02,","21.2",",E,07,","2776.4","E","350.7",",E","97.6",",,,E","6.64",",E","10.58",",,,E","2.70",",,,E"
"BKM00014654","1912-05","43.8678","18.4228","630.0","SARAJEVO, BK","8.3","E","8.3",",E","14",",E","10",",E","1",",E","","","0",",E","0",",E","0",",E","8",",E","0",",E","19120519","+,,E","","","19120530",",,E","19120513",",,E","3.0",",E,19,+","","","30.0",",,E,30,","28.1",",E,13,","2927.5","E","151.1",",E","93.7",",,,E","13.73",",E","18.77",",,,E","8.68",",,,E"
"BKM00014654","1912-06","43.8678","18.4228","630.0","SARAJEVO, BK","21.4","E","13.1",",E","12",",E","6",",E","0",",E","","","0",",E","0",",E","0",",E","27",",E","0",",E","19120619",",,E","","","19120627",",,E","19120613",",,E","7.1",",E,19,","","","16.3",",,E,27,","27.9",",E,13,","2963.2","E","35.7",",E","49.9",",,,E","17.58",",E","23.22",",,,E","11.94",",,,E"
"BKM00014654","1912-07","43.8678","18.4228","630.0","SARAJEVO, BK","65.9","E","44.5",",E","14",",E","8",",E","0",",E","","","0",",E","0",",E","0",",E","26",",E","1",",E","19120717",",,E","","","19120720",",,E","19120729",",,E","8.0",",E,17,","","","13.2",",,E,20,","32.2",",E,29,","20.4","E","20.4",",E","46.6",",,,E","19.11",",E","24.89",",,,E","13.34",",,,E"
"BKM00014654","1912-08","43.8678","18.4228","630.0","SARAJEVO, BK","98.0","E","32.1",",E","10",",E","7",",E","0",",E","","","0",",E","0",",E","0",",E","26",",E","0",",E","19120824",",,E","","","19120808",",,E","19120802",",,E","3.4",",E,24,","","","18.8",",,E,08,","29.5",",E,02,","59.2","E","38.8",",E","73.2",",,,E","18.12",",E","24.69",",,,E","11.54",",,,E"
"BKM00014654","1912-09","43.8678","18.4228","630.0","SARAJEVO, BK","98.0","E","0.0",",E","19",",E","10",",E","0",",E","","","0",",E","0",",E","0",",E","1",",E","0",",E","19120917",",,E","","","19120903",",,E","19120911",",,E","2.0",",E,17,","","","16.7",",,E,03,","22.0",",E,11,","271.3","E","212.1",",E","113.1",",,,E","11.26",",E","14.99",",,,E","7.53",",,,E"
"BKM00014654","1912-10","43.8678","18.4228","630.0","SARAJEVO, BK","98.0","E","0.0",",E","13",",E","10",",E","0",",E","","","0",",E","4",",E","0",",E","1",",E","0",",E","19121014",",,E","","","19121031",",,E","19121003",",,E","-1.5",",E,14,","","","20.4",",,E,31,","22.2",",E,03,","559.4","E","288.1",",E","85.9",",,,E","9.04",",E","13.74",",,,E","4.34",",,,E"
"BKM00014654","1912-11","43.8678","18.4228","630.0","SARAJEVO, BK","98.0","E","0.0",",E","16",",E","8",",E","0",",E","","","0",",E","29",",E","2",",E","0",",E","0",",E","19121105",",,E","","","19121112",",,E","19121114",",,E","-16.4",",E,05,","","","16.8",",,E,12,","14.9",",E,14,","1131.4","E","572.0",",E","69.0",",,,E","-0.74",",E","6.04",",,,E","-7.51",",,,E"
"BKM00014654","1912-12","43.8678","18.4228","630.0","SARAJEVO, BK","98.0","E","0.0",",E","5",",E","3",",E","1",",E","","","0",",E","22",",E","12",",E","0",",E","0",",E","19121210",",,E","","","19121202",",,E","19121224",",,E","-9.0",",E,10,","","","57.6",",,E,02,","12.2",",E,24,","1670.2","E","538.8",",E","85.9",",,,E","0.95",",E","3.78",",,,E","-1.88",",,,E"
"BKM00014654","1913-01","43.8678","18.4228","630.0","SARAJEVO, BK","0.0","E","0.0",",E","10",",E","4",",E","0",",E","","","0",",E","25",",E","12",",E","0",",E","0",",E","19130131",",,E","","","19130112",",,E","19130126",",,E","-9.7",",E,31,","","","19.5",",,E,12,","10.0",",E,26,","2250.5","E","580.3",",E","48.3",",,,E","-0.39",",E","2.45",",,,E","-3.23",",,,E"
"BKM00014654","1913-02","43.8678","18.4228","630.0","SARAJEVO, BK","0.0","E","0.0",",E","9",",E","6",",E","0",",E","","","0",",E","27",",E","9",",E","0",",E","0",",E","19130225",",,E","","","19130202",",,E","19130202",",,E","-13.0",",E,25,","","","15.0",",,E,02,","10.0",",E,02,","2800.3","E","549.8",",E","47.6",",,,E","-1.30",",E","2.30",",,,E","-4.91",",,,E"
"BKM00014654","1913-03","43.8678","18.4228","630.0","SARAJEVO, BK","0.0","E","0.0",",E","6",",E","3",",E","0",",E","","","0",",E","12",",E","2",",E","3",",E","0",",E","19130303",",,E","","","19130309",",,E","19130331",",,E","-13.7",",E,03,","","","4.6",",,E,09,","22.9",",E,31,","3124.6","E","324.3",",E","13.6",",,,E","7.87",",E","13.39",",,,E","2.35",",,,E"
"BKM00014654","1913-04","43.8678","18.4228","630.0","SARAJEVO, BK","0.0","E","0.0",",E","13",",E","10",",E","0",",E","","","0",",E","5",",E","1",",E","9",",E","0",",E","19130416",",,E","","","19130406",",,E","19130403",",,E","-5.6",",E,16,","","","17.7",",,E,06,","28.7",",E,03,","3377.8","E","253.2",",E","101.6",",,,E","9.89",",E","15.57",",,,E","4.21",",,,E"
"BKM00014654","1913-05","43.8678","18.4228","630.0","SARAJEVO, BK","0.3","E","0.3",",E","14",",E","12",",E","2",",E","","","0",",E","0",",E","0",",E","10",",E","0",",E","19130508",",,E","","","19130522",",,E","19130531",",,E","2.3",",E,08,","","","38.0",",,E,22,","26.4",",E,31,","3555.8","E","178.0",",E","146.2",",,,E","12.60",",E","17.87",",,,E","7.33",",,,E"
"BKM00014654","1913-06","43.8678","18.4228","630.0","SARAJEVO, BK","16.3","E","16.0",",E","15",",E","10",",E","2",",E","","","0",",E","0",",E","0",",E","15",",E","0",",E","19130617",",,E","","","19130626",",,E","19130604",",,E","2.4",",E,17,","","","61.4",",,E,26,","28.7",",E,04,","3636.1","E","80.3",",E","160.4",",,,E","16.19",",E","21.66",",,,E","10.72",",,,E"
"BKM00014654","1913-07","43.8678","18.4228","630.0","SARAJEVO, BK","19.9","E","3.6",",E","20",",E","14",",E","0",",E","","","0",",E","0",",E","0",",E","17",",E","0",",E","19130710",",,E","","","19130731",",,E","19130715",",,E","6.5",",E,10,","","","18.1",",,E,31,","27.0",",E,15,","67.4","E","67.4",",E","106.1",",,,E","16.27",",E","21.33",",,,E","11.22",",,,E"
"BKM00014654","1913-08","43.8678","18.4228","630.0","SARAJEVO, BK","29.3","E","9.4",",E","16",",E","11",",E","0",",E","","","0",",E","0",",E","0",",E","20",",E","0",",E","19130827",",,E","","","19130813",",,E","19130819",",,E","0.9",",E,27,","","","17.2",",,E,13,","27.0",",E,19,","140.3","E","72.9",",E","100.8",",,,E","16.28",",E","21.24",",,,E","11.33",",,,E"
"BKM00014654","1913-09","43.8678","18.4228","630.0","SARAJEVO, BK","52.4","E","23.1",",E","13",",E","8",",E","1",",E","","","0",",E","0",",E","0",",E","15",",E","0",",E","19130930",",,E","","","19130910",",,E","19130919",",,E","5.0",",E,30,","","","29.9",",,E,10,","30.2",",E,19,","237.9","E","97.6",",E","101.1",",,,E","15.85",",E","20.82",",,,E","10.88",",,,E"
"BKM00014654","1913-10","43.8678","18.4228","630.0","SARAJEVO, BK","53.4","E","1.0","1,E","7",",E","4",",E","0",",E","","","0","1,E","2","1,E","0",",E","5",",E","0",",E","19131021","+,1,E","","","19131009",",,E","19131009",",,E","0.0","1,E,21,+","","","17.8",",,E,09,","24.8",",E,09,","455.7","E","217.8",",E","36.5",",,,E","11.24","1,E","16.73",",,,E","5.75","1,,,E"
"BKM00014654","1913-11","43.8678","18.4228","630.0","SARAJEVO, BK","53.4","E","0.0",",E","10",",E","5",",E","0",",E","","","0",",E","7",",E","0",",E","0",",E","0",",E","19131121",",,E","","","19131107",",,E","19131102",",,E","-2.5",",E,21,","","","21.1",",,E,07,","18.5",",E,02,","779.6","E","323.9",",E","49.9",",,,E","7.54",",E","11.51",",,,E","3.56",",,,E"
"BKM00014654","1913-12","43.8678","18.4228","630.0","SARAJEVO, BK","53.4","E","0.0","2,E","15",",E","10",",E","1",",E","","","0","1,E","26","1,E","11","1,E","0","1,E","0","1,E","19131223",",1,E","","","19131229",",,E","19131204",",1,E","-14.5","1,E,23,","","","33.1",",,E,29,","11.8","1,E,04,","1348.3","E","568.7","1,E","134.1",",,,E","-1.05","2,E","1.88","1,,,E","-3.97","1,,,E"
"BKM00014654","1914-01","43.8678","18.4228","630.0","SARAJEVO, BK","0.0","E","0.0",",E","12",",E","3",",E","0",",E","","","1",",E","31",",E","31",",E","0",",E","0",",E","19140127",",,E","","","19140107",",,E","19140129",",,E","-18.0",",E,27,","","","16.4",",,E,07,","-0.2",",E,29,","2130.5","E","782.2",",E","38.9",",,,E","-6.90",",E","-4.33",",,,E","-9.46",",,,E"
"BKM00014654","1914-02","43.8678","18.4228","630.0","SARAJEVO, BK","0.0","E","0.0","1,E","3",",E","3",",E","0",",E","","","0","1,E","19","1,E","8",",E","0",",E","0",",E","19140201",",1,E","","","19140219",",,E","19140224",",,E","-15.2","1,E,01,","","","7.6",",,E,19,","12.9",",E,24,","2632.3","E","501.8",",E","13.6",",,,E","-0.21","1,E","4.30",",,,E","-4.73","1,,,E"
"BKM00014654","1914-03","43.8678","18.4228","630.0","SARAJEVO, BK","0.0","E","0.0","1,E","13",",E","10",",E","0",",E","","","0",",E","12",",E","0","1,E","0","1,E","0","1,E","19140313",",,E","","","19140317",",,E","19140311",",1,E","-6.3",",E,13,","","","20.6",",,E,17,","17.9","1,E,11,","2996.3","E","364.0","1,E","126.8",",,,E","6.16","1,E","10.51","1,,,E","1.82",",,,E"
"BKM00014654","1914-04","43.8678","18.4228","630.0","SARAJEVO, BK","0.0","E","0.0",",E","7",",E","6",",E","0",",E","","","0",",E","1",",E","0",",E","5",",E","0",",E","19140401",",,E","","","19140409",",,E","19140415","+,,E","0.0",",E,01,","","","11.0",",,E,09,","22.0",",E,15,+","3227.2","E","230.9",",E","38.4",",,,E","10.64",",E","16.68",",,,E","4.60",",,,E"
"BKM00014654","1914-05","43.8678","18.4228","630.0","SARAJEVO, BK","2.0","E","2.0",",E","13",",E","10",",E","0",",E","","","0",",E","0",",E","0",",E","10",",E","0",",E","19140503",",,E","","","19140519",",,E","19140527",",,E","0.2",",E,03,","","","11.0",",,E,19,","24.4",",E,27,","3381.6","E","154.4",",E","51.7",",,,E","13.42",",E","18.49",",,,E","8.35",",,,E"
"BKM00014654","1914-06","43.8678","18.4228","630.0","SARAJEVO, BK","2.2","E","0.2",",E","18",",E","9",",E","0",",E","","","0",",E","0",",E","0",",E","16",",E","0",",E","19140605",",,E","","","19140623",",,E","19140623",",,E","5.1",",E,05,","","","24.5",",,E,23,","25.1",",E,23,","3480.3","E","98.7",",E","96.2",",,,E","15.05",",E","20.02",",,,E","10.08",",,,E"
"BKM00014654","1914-07","43.8678","18.4228","630.0","SARAJEVO, BK","19.7","E","17.5",",E","14",",E","6",",E","1",",E","","","0",",E","0",",E","0",",E","25",",E","0",",E","19140709",",,E","","","19140731",",,E","19140723",",,E","8.4",",E,09,","","","30.2",",,E,31,","30.0",",E,23,","41.5","E","41.5",",E","97.0",",,,E","17.56",",E","22.71",",,,E","12.41",",,,E"
"BKM00014654","1914-08","43.8678","18.4228","630.0","SARAJEVO, BK","56.4","E","36.7",",E","6",",E","3",",E","0",",E","","","0",",E","0",",E","0",",E","24",",E","0",",E","19140826",",,E","","","19140818",",,E","19140806",",,E","10.1",",E,26,","","","10.4",",,E,18,","30.5",",E,06,","69.0","E","27.5",",E","21.9",",,,E","18.63",",E","24.36",",,,E","12.90",",,,E"
"BKM00014654","1914-09","43.8678","18.4228","630.0","SARAJEVO, BK","59.8","E","3.4",",E","15",",E","11",",E","0",",E","","","0",",E","0",",E","0",",E","14",",E","0",",E","19140930",",,E","","","19140919",",,E","19140911",",,E","2.6",",E,30,","","","19.2",",,E,19,","26.9",",E,11,","204.8","E","135.8",",E","86.7",",,,E","13.92",",E","19.25",",,,E","8.58",",,,E"
"BKM00014654","1914-10","43.8678","18.4228","630.0","SARAJEVO, BK","59.8","E","0.0",",E","17",",E","9",",E","0",",E","","","0",",E","0",",E","0",",E","0",",E","0",",E","19141004",",,E","","","19141011",",,E","19141018",",,E","0.4",",E,04,","","","24.8",",,E,11,","20.2",",E,18,","501.2","E","296.4",",E","119.7",",,,E","8.77",",E","12.62",",,,E","4.92",",,,E"
"BKM00014654","1914-11","43.8678","18.4228","630.0","SARAJEVO, BK","59.8","E","0.0",",E","0",",E","0",",E","0",",E","","","0",",E","19",",E","3",",E","1",",E","0",",E","19141128",",,E","","","19141130","+,,E","19141101",",,E","-7.7",",E,28,","","","0.0",",,E,30,+","21.4",",E,01,","935.8","E","434.6",",E","0.0",",,,E","3.85",",E","6.55",",,,E","1.14",",,,E"
"BKM00014654","1914-12","43.8678","18.4228","630.0","SARAJEVO, BK","59.8","E","0.0",",E","10",",E","5",",E","0",",E","","","0",",E","13",",E","3",",E","0",",E","0",",E","19141204",",,E","","","19141215",",,E","19141215",",,E","-6.3",",E,04,","","","12.8",",,E,15,","13.4",",E,15,","1385.6","E","449.8",",E","49.7",",,,E","3.82",",E","6.82",",,,E","0.83",",,,E"
"BKM00014654","1915-01","43.8678","18.4228","630.0","SARAJEVO, BK","0.0","E","0.0",",E","21",",E","17",",E","1",",E","","","0",",E","20",",E","7",",E","0",",E","0",",E","19150131",",,E","","","19150104",",,E","19150104",",,E","-11.0",",E,31,","","","29.8",",,E,04,","12.6",",E,04,","1898.9","E","513.3",",E","183.4",",,,E","1.77",",E","4.68",",,,E","-1.14",",,,E"
"BKM00014654","1915-02","43.8678","18.4228","630.0","SARAJEVO, BK","0.0","E","0.0",",E","10",",E","8",",E","0",",E","","","0",",E","13",",E","6",",E","0",",E","0",",E","19150201",",,E","","","19150220",",,E","19150213",",,E","-15.5",",E,01,","","","13.1",",,E,20,","12.9",",E,13,","2350.8","E","451.9",",E","61.3",",,,E","2.19",",E","5.27",",,,E","-0.89",",,,E"
"BKM00014654","1915-03","43.8678","18.4228","630.0","SARAJEVO, BK","0.0","E","0.0",",E","13",",E","8",",E","0",",E","","","0",",E","14",",E","3",",E","0",",E","0",",E","19150313","+,,E","","","19150309",",,E","19150325",",,E","-10.5",",E,13,+","","","25.2",",,E,09,","15.9",",E,25,","2803.5","E","452.7",",E","88.6",",,,E","3.73",",E","8.21",",,,E","-0.75",",,,E"
"BKM00014654","1915-04","43.8678","18.4228","630.0","SARAJEVO, BK","0.0","E","0.0",",E","12",",E","10",",E","0",",E","","","0",",E","0",",E","0",",E","0",",E","0",",E","19150414",",,E","","","19150409",",,E","19150419",",,E","0.2",",E,14,","","","16.0",",,E,09,","20.3",",E,19,","3086.3","E","282.8",",E","72.1",",,,E","8.91",",E","13.20",",,,E","4.61",",,,E"
"BKM00014654","1915-05","43.8678","18.4228","630.0","SARAJEVO, BK","0.1","E","0.1",",E","20",",E","12",",E","0",",E","","","0",",E","0",",E","0",",E","9",",E","0",",E","19150503",",,E","","","19150529",",,E","19150518",",,E","5.1",",E,03,","","","22.8",",,E,29,","25.0",",E,18,","3203.7","E","117.4",",E","116.9",",,,E","14.55",",E","19.28",",,,E","9.82",",,,E"
"BKM00014654","1915-06","43.8678","18.4228","630.0","SARAJEVO, BK","12.1","E","12.0",",E","19",",E","14",",E","1",",E","","","0",",E","0",",E","0",",E","22",",E","0",",E","19150616",",,E","","","19150608",",,E","19150613",",,E","7.1",",E,16,","","","28.2",",,E,08,","27.0",",E,13,","3239.9","E","36.2",",E","181.2",",,,E","17.53",",E","22.38",",,,E","12.68",",,,E"
"BKM00014654","1915-07","43.8678","18.4228","630.0","SARAJEVO, BK","68.7","E","56.6",",E","11",",E","9",",E","4",",E","","","0",",E","0",",E","0",",E","24",",E","0",",E","19150721",",,E","","","19150703",",,E","19150714",",,E","6.0",",E,21,","","","46.4",",,E,03,","30.8",",E,14,","32.5","E","32.5",",E","195.4",",,,E","19.11",",E","24.65",",,,E","13.57",",,,E"
"BKM00014654","1915-08","43.8678","18.4228","630.0","SARAJEVO, BK","80.5","E","11.8",",E","13",",E","6",",E","0",",E","","","0",",E","0",",E","0",",E","19",",E","0",",E","19150801",",,E","","","19150812",",,E","19150810",",,E","8.4",",E,01,","","","13.6",",,E,12,","27.9",",E,10,","91.0","E","58.5",",E","77.6",",,,E","16.83",",E","21.64",",,,E","12.01",",,,E"
"BKM00014654","1915-09","43.8678","18.4228","630.0","SARAJEVO, BK","80.5","E","0.0",",E","14",",E","7",",E","1",",E","","","0",",E","0",",E","0",",E","1",",E","0",",E","19150924",",,E","","","19150903",",,E","19150918",",,E","1.4",",E,24,","","","34.2",",,E,03,","23.5",",E,18,","263.1","E","172.1",",E","79.5",",,,E","12.60",",E","17.38",",,,E","7.81",",,,E"
"BKM00014654","1915-10","43.8678","18.4228","630.0","SARAJEVO, BK","80.5","E","0.0",",E","24",",E","20",",E","4",",E","","","0",",E","1",",E","0",",E","2",",E","0",",E","19151025",",,E","","","19151028",",,E","19151001",",,E","-0.3",",E,25,","","","41.8",",,E,28,","23.6",",E,01,","548.9","E","285.8",",E","259.3",",,,E","9.11",",E","11.87",",,,E","6.36",",,,E"
"BKM00014654","1915-11","43.8678","18.4228","630.0","SARAJEVO, BK","80.5","E","0.0",",E","15",",E","7",",E","1",",E","","","0",",E","14",",E","5",",E","0",",E","0",",E","19151129",",,E","","","19151116",",,E","19151106",",,E","-13.6",",E,29,","","","33.6",",,E,16,","17.9",",E,06,","979.6","E","430.7",",E","85.5",",,,E","3.98",",E","7.44",",,,E","0.51",",,,E"
"BKM00014654","1915-12","43.8678","18.4228","630.0","SARAJEVO, BK","80.5","E","0.0",",E","8",",E","6",",E","1",",E","","","0",",E","10",",E","3",",E","0",",E","0",",E","19151224",",,E","","","19151213",",,E","19151206",",,E","-10.6",",E,24,","","","32.8",",,E,13,","15.9",",E,06,","1376.1","E","396.5",",E","71.9",",,,E","5.54",",E","9.17",",,,E","1.91",",,,E"
"BKM00014654","1916-01","43.8678","18.4228","630.0","SARAJEVO, BK","0.0","E","0.0",",E","14",",E","3",",E","0",",E","","","0",",E","25",",E","5",",E","0",",E","0",",E","19160116",",,E","","","19160108",",,E","19160129",",,E","-11.5",",E,16,","","","9.2",",,E,08,","8.0",",E,29,","1947.0","E","570.9",",E","33.1",",,,E","-0.08",",E","2.92",",,,E","-3.09",",,,E"
"BKM00014654","1916-02","43.8678","18.4228","630.0","SARAJEVO, BK","0.0","E","0.0",",E","13",",E","6",",E","0",",E","","","0",",E","21",",E","1",",E","0",",E","0",",E","19160219",",,E","","","19160217",",,E","19160226",",,E","-8.2",",E,19,","","","21.0",",,E,17,","14.9",",E,26,","2414.0","E","467.0",",E","58.3",",,,E","2.23",",E","6.65",",,,E","-2.19",",,,E"
"BKM00014654","1916-03","43.8678","18.4228","630.0","SARAJEVO, BK","0.0","E","0.0",",E","12",",E","7",",E","0",",E","","","0",",E","0",",E","0",",E","0",",E","0",",E","19160303",",,E","","","19160326",",,E","19160326",",,E","0.8",",E,03,","","","19.7",",,E,26,","20.0",",E,26,","2688.1","E","274.1",",E","85.8",",,,E","9.49",",E","14.20",",,,E","4.78",",,,E"
"BKM00014654","1916-04","43.8678","18.4228","630.0","SARAJEVO, BK","0.0","E","0.0",",E","13",",E","8",",E","0",",E","","","0",",E","2",",E","0",",E","2",",E","0",",E","19160417",",,E","","","19160414",",,E","19160422",",,E","-1.2",",E,17,","","","15.6",",,E,14,","22.0",",E,22,","2933.3","E","245.2",",E","71.6",",,,E","10.16",",E","15.51",",,,E","4.81",",,,E"
"BKM00014654","1916-05","43.8678","18.4228","630.0","SARAJEVO, BK","0.0","E","0.0",",E","15",",E","7",",E","1",",E","","","0",",E","0",",E","0",",E","13",",E","0",",E","19160521",",,E","","","19160515",",,E","19160525","+,,E","1.0",",E,21,","","","45.9",",,E,15,","25.0",",E,25,+","3071.4","E","138.1",",E","92.5",",,,E","13.88",",E","19.30",",,,E","8.46",",,,E"
"BKM00014654","1916-06","43.8678","18.4228","630.0","SARAJEVO, BK","46.9","E","46.9",",E","8",",E","2",",E","0",",E","","","0",",E","0",",E","0",",E","27",",E","0",",E","19160606",",,E","","","19160602",",,E","19160619",",,E","6.6",",E,06,","","","20.0",",,E,02,","31.3",",E,19,","3096.0","E","24.6",",E","28.9",",,,E","19.08",",E","25.57",",,,E","12.58",",,,E"
"BKM00014654","1916-07","43.8678","18.4228","630.0","SARAJEVO, BK","122.3","E","75.4",",E","11",",E","10",",E","0",",E","","","0",",E","0",",E","0",",E","23",",E","7",",E","19160719",",,E","","","19160726",",,E","19160711","+,,E","7.6",",E,19,","","","11.0",",,E,26,","37.1",",E,11,+","30.3","E","30.3",",E","71.3",",,,E","19.79",",E","26.10",",,,E","13.47",",,,E"
"BKM00014654","1916-08","43.8678","18.4228","630.0","SARAJEVO, BK","147.9","E","25.6",",E","11",",E","8",",E","1",",E","","","0",",E","0",",E","0",",E","22",",E","0",",E","19160806",",,E","","","19160831",",,E","19160817",",,E","5.9",",E,06,","","","32.2",",,E,31,","30.2",",E,17,","90.1","E","59.8",",E","108.2",",,,E","17.23",",E","23.53",",,,E","10.93",",,,E"
"BKM00014654","1916-09","43.8678","18.4228","630.0","SARAJEVO, BK","147.9","E","0.0",",E","16",",E","10",",E","0",",E","","","0",",E","0",",E","0",",E","8",",E","0",",E","19160925","+,,E","","","19160906",",,E","19160904",",,E","4.3",",E,25,+","","","23.8",",,E,06,","23.3",",E,04,","230.7","E","140.6",",E","89.5",",,,E","13.65",",E","18.38",",,,E","8.91",",,,E"
"BKM00014654","1916-10","43.8678","18.4228","630.0","SARAJEVO, BK","147.9","E","0.0",",E","15",",E","8",",E","2",",E","","","0",",E","4",",E","0",",E","5",",E","0",",E","19161018",",,E","","","19161017","+,,E","19161015",",,E","-3.6",",E,18,","","","26.6",",,E,17,+","23.5",",E,15,","487.7","E","257.0",",E","160.3",",,,E","10.04",",E","15.35",",,,E","4.73",",,,E"
"BKM00014654","1916-11","43.8678","18.4228","630.0","SARAJEVO, BK","147.9","E","0.0",",E","15",",E","12",",E","1",",E","","","0",",E","3",",E","0",",E","0",",E","0",",E","19161117",",,E","","","19161126",",,E","19161120",",,E","-2.6",",E,17,","","","34.6",",,E,26,","17.3",",E,20,","805.0","E","317.3",",E","108.4",",,,E","7.76",",E","10.73",",,,E","4.78",",,,E"
"BKM00014654","1916-12","43.8678","18.4228","630.0","SARAJEVO, BK","147.9","E","0.0",",E","13",",E","9",",E","0",",E","","","0",",E","5",",E","0",",E","0",",E","0",",E","19161229",",,E","","","19161215",",,E","19161227","+,,E","-5.0",",E,29,","","","15.0",",,E,15,","12.8",",E,27,+","1183.6","E","378.6",",E","69.7",",,,E","6.12",",E","9.11",",,,E","3.14",",,,E"
"BKM00014654","1917-01","43.8678","18.4228","630.0","SARAJEVO, BK","0.0","E","0.0",",E","17",",E","8",",E","0",",E","","","0",",E","16",",E","12",",E","0",",E","0",",E","19170131",",,E","","","19170124",",,E","19170104",",,E","-12.0",",E,31,","","","13.0",",,E,24,","14.4",",E,04,","1726.1","E","542.5",",E","75.2",",,,E","0.83",",E","3.83",",,,E","-2.16",",,,E"
"BKM00014654","1917-02","43.8678","18.4228","630.0","SARAJEVO, BK","0.0","E","0.0",",E","10",",E","6",",E","0",",E","","","1",",E","28",",E","12",",E","0",",E","0",",E","19170210",",,E","","","19170212",",,E","19170219",",,E","-18.3",",E,10,","","","8.6",",,E,12,","5.9",",E,19,","2346.4","E","620.3",",E","35.8",",,,E","-3.82",",E","0.12",",,,E","-7.76",",,,E"
"BKM00014654","1917-03","43.8678","18.4228","630.0","SARAJEVO, BK","0.0","E","0.0",",E","14",",E","10",",E","0",",E","","","0",",E","13",",E","1",",E","0",",E","0",",E","19170304",",,E","","","19170324",",,E","19170324",",,E","-9.8",",E,04,","","","13.6",",,E,24,","17.6",",E,24,","2772.0","E","425.6",",E","73.4",",,,E","4.60",",E","8.87",",,,E","0.34",",,,E"
"BKM00014654","1917-04","43.8678","18.4228","630.0","SARAJEVO, BK","0.0","E","0.0",",E","9",",E","6",",E","0",",E","","","0",",E","2",",E","0",",E","2",",E","0",",E","19170420",",,E","","","19170406",",,E","19170415",",,E","-1.4",",E,20,","","","12.0",",,E,06,","22.6",",E,15,","3064.9","E","292.9",",E","52.1",",,,E","8.57",",E","13.35",",,,E","3.79",",,,E"
"BKM00014654","1917-05","43.8678","18.4228","630.0","SARAJEVO, BK","0.8","E","0.8",",E","10",",E","4",",E","0",",E","","","0",",E","0",",E","0",",E","19",",E","0",",E","19170524",",,E","","","19170521",",,E","19170530",",,E","2.9",",E,24,","","","8.3",",,E,21,","26.3",",E,30,","3189.2","E","124.3",",E","29.0",",,,E","14.35",",E","21.13",",,,E","7.57",",,,E"
"BKM00014654","1917-06","43.8678","18.4228","630.0","SARAJEVO, BK","16.5","E","15.7",",E","12",",E","7",",E","0",",E","","","0",",E","0",",E","0",",E","24",",E","0",",E","19170617",",,E","","","19170602",",,E","19170630",",,E","6.7",",E,17,","","","10.1",",,E,02,","29.4",",E,30,","3225.4","E","36.2",",E","44.8",",,,E","17.65",",E","24.30",",,,E","11.00",",,,E"
"BKM00014654","1917-07","43.8678","18.4228","630.0","SARAJEVO, BK","64.4","E","47.9",",E","8",",E","8",",E","0",",E","","","0",",E","0",",E","0",",E","27",",E","1",",E","19170714",",,E","","","19170709",",,E","19170731",",,E","7.0",",E,14,","","","19.9",",,E,09,","32.7",",E,31,","26.9","E","26.9",",E","71.6",",,,E","19.01",",E","25.25",",,,E","12.77",",,,E"
"BKM00014654","1917-08","43.8678","18.4228","630.0","SARAJEVO, BK","154.9","E","90.5",",E","6",",E","3",",E","0",",E","","","0",",E","0",",E","0",",E","30",",E","7",",E","19170831",",,E","","","19170807",",,E","19170802",",,E","7.9",",E,31,","","","23.8",",,E,07,","36.7",",E,02,","35.6","E","8.7",",E","45.9",",,,E","20.97",",E","28.69",",,,E","13.25",",,,E"
"BKM00014654","1917-09","43.8678","18.4228","630.0","SARAJEVO, BK","167.4","E","12.5",",E","4",",E","3",",E","1",",E","","","0",",E","0",",E","0",",E","26",",E","0",",E","19170915","+,,E","","","19170913",",,E","19170920",",,E","5.5",",E,15,+","","","26.0",",,E,13,","30.0",",E,20,","87.4","E","51.8",",E","58.1",",,,E","17.02",",E","24.89",",,,E","9.15",",,,E"
"BKM00014654","1917-10","43.8678","18.4228","630.0","SARAJEVO, BK","167.4","E","0.0",",E","13",",E","10",",E","0",",E","","","0",",E","0",",E","0",",E","8",",E","0",",E","19171026",",,E","","","19171020",",,E","19171004",",,E","1.3",",E,26,","","","16.5",",,E,20,","25.0",",E,04,","264.6","E","177.2",",E","86.8",",,,E","12.62",",E","17.92",",,,E","7.32",",,,E"
"BKM00014654","1917-11","43.8678","18.4228","630.0","SARAJEVO, BK","167.4","E","0.0",",E","11",",E","10",",E","2",",E","","","0",",E","15",",E","1",",E","0",",E","0",",E","19171119",",,E","","","19171112",",,E","19171112",",,E","-5.3",",E,19,","","","35.5",",,E,12,","17.2",",E,12,","682.3","E","417.7",",E","125.6",",,,E","4.41",",E","7.12",",,,E","1.70",",,,E"
"BKM00014654","1917-12","43.8678","18.4228","630.0","SARAJEVO, BK","167.4","E","0.0",",E","18",",E","10",",E","1",",E","","","0",",E","29",",E","16",",E","0",",E","0",",E","19171207",",,E","","","19171226",",,E","19171218",",,E","-16.2",",E,07,","","","41.0",",,E,26,","12.7",",E,18,","1294.2","E","611.9",",E","99.7",",,,E","-1.40",",E","1.49",",,,E","-4.30",",,,E"
"BKM00014654","1918-01","43.8678","18.4228","630.0","SARAJEVO, BK","0.0","E","0.0",",E","5",",E","2",",E","1",",E","","","2",",E","20",",E","10",",E","0",",E","0",",E","19180105",",,E","","","19180109",",,E","19180122",",,E","-18.9",",E,05,","","","32.0",",,E,09,","12.7",",E,22,","1848.8","E","554.6",",E","42.6",",,,E","0.44",",E","4.46",",,,E","-3.58",",,,E"
"BKM00014654","1918-02","43.8678","18.4228","630.0","SARAJEVO, BK","0.0","E","0.0",",E","5",",E","2",",E","0",",E","","","0",",E","22",",E","8",",E","0",",E","0",",E","19180218",",,E","","","19180223",",,E","19180213",",,E","-10.0",",E,18,","","","7.2",",,E,23,","13.2",",E,13,","2341.5","E","492.7",",E","12.7",",,,E","0.74",",E","4.59",",,,E","-3.11",",,,E"
"BKM00014654","1918-03","43.8678","18.4228","630.0","SARAJEVO, BK","0.0","E","0.0",",E","9",",E","4",",E","0",",E","","","0",",E","15",",E","2",",E","0",",E","0",",E","19180328",",,E","","","19180304",",,E","19180325",",,E","-12.4",",E,28,","","","12.6",",,E,04,","18.7",",E,25,","2766.5","E","425.0",",E","37.9",",,,E","4.62",",E","9.37",",,,E","-0.13",",,,E"
"BKM00014654","1918-04","43.8678","18.4228","630.0","SARAJEVO, BK","0.0","E","0.0",",E","8",",E","5",",E","0",",E","","","0",",E","0",",E","0",",E","1",",E","0",",E","19180401",",,E","","","19180422",",,E","19180426",",,E","1.7",",E,01,","","","13.8",",,E,22,","22.7",",E,26,","2959.8","E","193.3",",E","38.8",",,,E","11.89",",E","17.18",",,,E","6.60",",,,E"
"BKM00014654","1918-05","43.8678","18.4228","630.0","SARAJEVO, BK","0.2","E","0.2",",E","18",",E","9",",E","0",",E","","","0",",E","0",",E","0",",E","7",",E","0",",E","19180505",",,E","","","19180528",",,E","19180524",",,E","5.0",",E,05,","","","12.8",",,E,28,","26.8",",E,24,","3115.8","E","156.0",",E","71.0",",,,E","13.31",",E","18.32",",,,E","8.29",",,,E"
"BKM00014654","1918-06","43.8678","18.4228","630.0","SARAJEVO, BK","12.6","E","12.4",",E","16",",E","9",",E","1",",E","","","0",",E","0",",E","0",",E","15",",E","0",",E","19180624",",,E","","","19180623",",,E","19180618",",,E","0.9",",E,24,","","","29.2",",,E,23,","29.5",",E,18,","3229.7","E","113.9",",E","93.0",",,,E","14.95",",E","20.58",",,,E","9.32",",,,E"
"BKM00014654","1918-07","43.8678","18.4228","630.0","SARAJEVO, BK","62.2","E","49.6",",E","10",",E","6",",E","0",",E","","","0",",E","0",",E","0",",E","24",",E","0",",E","19180708",",,E","","","19180727",",,E","19180718",",,E","6.0",",E,08,","","","18.3",",,E,27,","31.1",",E,18,","42.6","E","42.6",",E","66.5",",,,E","18.56",",E","24.57",",,,E","12.55",",,,E"
"BKM00014654","1918-08","43.8678","18.4228","630.0","SARAJEVO, BK","88.9","E","26.7",",E","11",",E","8",",E","1",",E","","","0",",E","0",",E","0",",E","20",",E","0",",E","19180821",",,E","","","19180830",",,E","19180823",",,E","8.3",",E,21,","","","35.5",",,E,30,","31.1",",E,23,","84.6","E","42.0",",E","99.0",",,,E","17.84",",E","23.57",",,,E","12.11",",,,E"
"BKM00014654","1918-09","43.8678","18.4228","630.0","SARAJEVO, BK","113.2","E","24.3",",E","5",",E","1",",E","0",",E","","","0",",E","0",",E","0",",E","27",",E","0",",E","19180915",",,E","","","19180929",",,E","19180924",",,E","5.2",",E,15,","","","5.4",",,E,29,","31.8",",E,24,","114.9","E","30.3",",E","9.1",",,,E","18.14",",E","25.26",",,,E","11.01",",,,E"
"BKM00014654","1918-10","43.8678","18.4228","630.0","SARAJEVO, BK","113.2","E","0.0",",E","15",",E","11",",E","1",",E","","","0",",E","0",",E","0",",E","0",",E","0",",E","19181031",",,E","","","19181005",",,E","19181020","+,,E","0.2",",E,31,","","","30.6",",,E,05,","21.0",",E,20,+","371.7","E","256.8",",E","121.3",",,,E","10.05",",E","13.56",",,,E","6.54",",,,E"
"BKM00014654","1918-11","43.8678","18.4228","630.0","SARAJEVO, BK","113.2","E","0.0",",E","11",",E","5",",E","0",",E","","","0",",E","16",",E","9",",E","0",",E","0",",E","19181122",",,E","","","19181118",",,E","19181104",",,E","-5.9",",E,22,","","","16.1",",,E,18,","17.5",",E,04,","817.6","E","445.9",",E","47.5",",,,E","3.47",",E","6.01",",,,E","0.92",",,,E"
"BKM00014654","1918-12","43.8678","18.4228","630.0","SARAJEVO, BK","113.2","E","0.0",",E","9",",E","6",",E","2",",E","","","0",",E","22",",E","4",",E","0",",E","0",",E","19181229",",,E","","","19181226",",,E","19181225",",,E","-7.5",",E,29,","","","30.2",",,E,26,","12.4",",E,25,","1325.2","E","507.6",",E","100.0",",,,E","1.96",",E","4.92",",,,E","-1.00",",,,E"
"BKM00014654","1919-01","43.8678","18.4228","630.0","SARAJEVO, BK","0.0","E","0.0",",E","8",",E","4",",E","0",",E","","","0",",E","18",",E","6",",E","0",",E","0",",E","19190131",",,E","","","19190122",",,E","19190107",",,E","-7.2",",E,31,","","","7.2",",,E,22,","13.9",",E,07,","1806.0","E","480.8",",E","25.5",",,,E","2.82",",E","5.29",",,,E","0.36",",,,E"
"BKM00014654","1919-02","43.8678","18.4228","630.0","SARAJEVO, BK","0.0","E","0.0",",E","14",",E","8",",E","0",",E","","","1",",E","17",",E","12",",E","0",",E","0",",E","19190211",",,E","","","19190204",",,E","19190218",",,E","-19.0",",E,11,","","","17.6",",,E,04,","15.3",",E,18,","2323.0","E","517.0",",E","61.6",",,,E","-0.13",",E","3.46",",,,E","-3.73",",,,E"
"BKM00014654","1919-03","43.8678","18.4228","630.0","SARAJEVO, BK","0.0","E","0.0",",E","16",",E","10",",E","0",",E","","","0",",E","9",",E","0",",E","0",",E","0",",E","19190320",",,E","","","19190322",",,E","19190326",",,E","-2.9",",E,20,","","","22.8",",,E,22,","19.8",",E,26,","2697.6","E","374.6",",E","106.7",",,,E","6.25",",E","10.22",",,,E","2.27",",,,E"
"BKM00014654","1919-04","43.8678","18.4228","630.0","SARAJEVO, BK","0.0","E","0.0",",E","14",",E","10",",E","3",",E","","","0",",E","3",",E","0",",E","2",",E","0",",E","19190425",",,E","","","19190416",",,E","19190404","+,,E","-0.6",",E,25,","","","38.4",",,E,16,","21.7",",E,04,+","2970.5","E","272.9",",E","169.2",",,,E","9.24",",E","13.59",",,,E","4.88",",,,E"
"BKM00014654","1919-05","43.8678","18.4228","630.0","SARAJEVO, BK","0.0","E","0.0",",E","21",",E","17",",E","1",",E","","","0",",E","1",",E","0",",E","1",",E","0",",E","19190505",",,E","","","19190519",",,E","19190531",",,E","-0.1",",E,05,","","","28.3",",,E,19,","21.2",",E,31,","3265.9","E","295.4",",E","201.6",",,,E","8.80",",E","13.27",",,,E","4.34",",,,E"
"BKM00014654","1919-06","43.8678","18.4228","630.0","SARAJEVO, BK","9.0","E","9.0",",E","13",",E","8",",E","0",",E","","","0",",E","0",",E","0",",E","18",",E","0",",E","19190606",",,E","","","19190604",",,E","19190613",",,E","6.2",",E,06,","","","18.4",",,E,04,","27.9",",E,13,","3342.7","E","76.8",",E","54.4",",,,E","16.07",",E","21.50",",,,E","10.64",",,,E"
"BKM00014654","1919-07","43.8678","18.4228","630.0","SARAJEVO, BK","30.9","E","21.9",",E","15",",E","8",",E","1",",E","","","0",",E","0",",E","0",",E","21",",E","1",",E","19190723",",,E","","","19190716",",,E","19190708",",,E","7.4",",E,23,","","","51.9",",,E,16,","33.4",",E,08,","59.7","E","59.7",",E","143.3",",,,E","17.11",",E","22.67",",,,E","11.55",",,,E"
"BKM00014654","1919-08","43.8678","18.4228","630.0","SARAJEVO, BK","55.0","E","24.1",",E","10",",E","4",",E","0",",E","","","0",",E","0",",E","0",",E","26",",E","0",",E","19190810",",,E","","","19190831",",,E","19190821",",,E","7.6",",E,10,","","","13.3",",,E,31,","28.9",",E,21,","82.6","E","22.9",",E","38.7",",,,E","18.37",",E","24.49",",,,E","12.25",",,,E"
"BKM00014654","1919-09","43.8678","18.4228","630.0","SARAJEVO, BK","58.7","E","3.7",",E","11",",E","8",",E","0",",E","","","0",",E","0",",E","0",",E","22",",E","0",",E","19190924",",,E","","","19190906",",,E","19190916",",,E","3.7",",E,24,","","","14.5",",,E,06,","27.7",",E,16,","142.2","E","59.6",",E","49.7",",,,E","16.47",",E","22.38",",,,E","10.56",",,,E"
"BKM00014654","1919-10","43.8678","18.4228","630.0","SARAJEVO, BK","59.8","E","1.1",",E","18",",E","10",",E","0",",E","","","0",",E","4",",E","0",",E","4",",E","0",",E","19191031",",,E","","","19191030",",,E","19191001",",,E","-4.4",",E,31,","","","18.8",",,E,30,","26.8",",E,01,","434.8","E","292.6",",E","109.3",",,,E","8.93",",E","12.58",",,,E","5.27",",,,E"
"BKM00014654","1919-11","43.8678","18.4228","630.0","SARAJEVO, BK","59.8","E","0.0","4,E","15",",E","12",",E","1",",E","","","0","2,E","9","2,E","1","2,E","0","2,E","0","2,E","19191118",",2,E","","","19191102",",,E","19191106",",2,E","-9.0","2,E,18,","","","29.1",",,E,02,","17.0","2,E,06,","751.0","E","316.2","2,E","132.5",",,,E","6.10","4,E","9.55","2,,,E","2.64","2,,,E"
"BKM00014654","1919-12","43.8678","18.4228","630.0","SARAJEVO, BK","","","","","0",",E","0",",E","0",",E","","","0",",","20",",E","","","","","","","19191228",",,E","","","19191231","+,,E","","","-3.3",",E,28,","","","0.0",",,E,31,+","","","","","","","0.0",",,,E","","","","","-0.33",",,,E"
"BKM00014654","1920-01","43.8678","18.4228","630.0","SARAJEVO, BK","0.0","E","0.0",",E","11",",E","4",",E","0",",E","","","0",",E","19",",E","6",",E","0",",E","0",",E","19200125",",,E","","","19200109",",,E","19200113",",,E","-10.0",",E,25,","","","15.7",",,E,09,","15.6",",E,13,","","","489.9",",E","52.7",",,,E","2.53",",E","6.32",",,,E","-1.26",",,,E"
"BKM00014654","1920-02","43.8678","18.4228","630.0","SARAJEVO, BK","0.0","E","0.0",",E","5",",E","4",",E","0",",E","","","0",",E","24",",E","1",",E","0",",E","0",",E","19200210",",,E","","","19200228",",,E","19200226",",,E","-9.2",",E,10,","","","9.0",",,E,28,","15.4",",E,26,","","","476.0",",E","28.3",",,,E","1.92",",E","6.57",",,,E","-2.73",",,,E"
"BKM00014654","1920-03","43.8678","18.4228","630.0","SARAJEVO, BK","0.0","E","0.0",",E","13",",E","7",",E","0",",E","","","0",",E","11",",E","2",",E","1",",E","0",",E","19200301",",,E","","","19200311",",,E","19200306",",,E","-7.5",",E,01,","","","21.2",",,E,11,","21.4",",E,06,","","","361.6",",E","86.0",",,,E","6.67",",E","11.32",",,,E","2.02",",,,E"
"BKM00014654","1920-04","43.8678","18.4228","630.0","SARAJEVO, BK","0.5","E","0.5",",E","9",",E","6",",E","0",",E","","","0",",E","0",",E","0",",E","6",",E","0",",E","19200407",",,E","","","19200414",",,E","19200418",",,E","0.4",",E,07,","","","10.8",",,E,14,","28.0",",E,18,","","","174.3",",E","45.3",",,,E","12.54",",E","18.17",",,,E","6.91",",,,E"
"BKM00014654","1920-05","43.8678","18.4228","630.0","SARAJEVO, BK","5.1","E","4.6",",E","13",",E","7",",E","0",",E","","","0",",E","0",",E","0",",E","19",",E","0",",E","19200513",",,E","","","19200506",",,E","19200519",",,E","2.7",",E,13,","","","16.8",",,E,06,","28.0",",E,19,","","","92.9",",E","56.6",",,,E","15.49",",E","21.64",",,,E","9.34",",,,E"
"BKM00014654","1920-06","43.8678","18.4228","630.0","SARAJEVO, BK","13.7","E","8.6",",E","20",",E","13",",E","1",",E","","","0",",E","0",",E","0",",E","14",",E","0",",E","19200606",",,E","","","19200604",",,E","19200630",",,E","3.2",",E,06,","","","28.6",",,E,04,","27.9",",E,30,","","","75.7",",E","126.9",",,,E","16.10",",E","21.02",",,,E","11.18",",,,E"
"BKM00014654","1920-07","43.8678","18.4228","630.0","SARAJEVO, BK","64.3","E","50.6",",E","8",",E","5",",E","1",",E","","","0",",E","0",",E","0",",E","25",",E","0",",E","19200730","+,,E","","","19200714",",,E","19200724",",,E","8.6",",E,30,+","","","33.8",",,E,14,","31.8",",E,24,","30.7","E","30.7",",E","52.9",",,,E","18.97",",E","25.04",",,,E","12.91",",,,E"
"BKM00014654","1920-08","43.8678","18.4228","630.0","SARAJEVO, BK","120.0","E","55.7",",E","11",",E","3",",E","1",",E","","","0",",E","0",",E","0",",E","23",",E","0",",E","19200828",",,E","","","19200825",",,E","19200806",",,E","6.2",",E,28,","","","26.8",",,E,25,","32.1",",E,06,","74.2","E","43.5",",E","50.1",",,,E","18.73",",E","24.69",",,,E","12.76",",,,E"
"BKM00014654","1920-09","43.8678","18.4228","630.0","SARAJEVO, BK","123.6","E","3.6",",E","9",",E","5",",E","0",",E","","","0",",E","0",",E","0",",E","16",",E","0",",E","19200914",",,E","","","19200907",",,E","19200923",",,E","3.2",",E,14,","","","15.1",",,E,07,","29.0",",E,23,","182.1","E","107.9",",E","38.7",",,,E","14.86",",E","21.12",",,,E","8.59",",,,E"
"BKM00014654","1920-10","43.8678","18.4228","630.0","SARAJEVO, BK","123.6","E","0.0",",E","10",",E","5",",E","0",",E","","","0",",E","5",",E","1",",E","2",",E","0",",E","19201030",",,E","","","19201020",",,E","19201001",",,E","-10.9",",E,30,","","","20.0",",,E,20,","21.8",",E,01,","506.1","E","324.0",",E","49.5",",,,E","7.88",",E","11.87",",,,E","3.89",",,,E"
"BKM00014654","1920-11","43.8678","18.4228","630.0","SARAJEVO, BK","123.6","E","0.0",",E","2",",E","1",",E","0",",E","","","0",",E","22",",E","8",",E","0",",E","0",",E","19201126",",,E","","","19201119",",,E","19201117",",,E","-10.8",",E,26,","","","13.6",",,E,19,","13.2",",E,17,","1036.0","E","529.9",",E","14.2",",,,E","0.67",",E","4.49",",,,E","-3.15",",,,E"
"BKM00014654","1920-12","43.8678","18.4228","630.0","SARAJEVO, BK","123.6","E","0.0","1,E","12",",E","6",",E","2",",E","","","0",",E","6",",E","0","1,E","0","1,E","0","1,E","19201227",",,E","","","19201215",",,E","19201207",",1,E","-1.8",",E,27,","","","48.1",",,E,15,","12.3","1,E,07,","1462.4","E","426.4","1,E","104.5",",,,E","4.09","1,E","6.79","1,,,E","1.39",",,,E"
"BKM00014654","1921-01","43.8678","18.4228","630.0","SARAJEVO, BK","0.0","E","0.0",",E","11",",E","6",",E","0",",E","","","0",",E","22",",E","2",",E","0",",E","0",",E","19210126",",,E","","","19210115",",,E","19210113",",,E","-9.2",",E,26,","","","12.0",",,E,15,","13.0",",E,13,","1959.7","E","497.3",",E","42.3",",,,E","2.29",",E","5.99",",,,E","-1.41",",,,E"
"BKM00014654","1921-02","43.8678","18.4228","630.0","SARAJEVO, BK","0.0","E","0.0",",E","7",",E","3",",E","0",",E","","","0",",E","22",",E","1",",E","0",",E","0",",E","19210221",",,E","","","19210207",",,E","19210207",",,E","-7.4",",E,21,","","","19.1",",,E,07,","11.4",",E,07,","2445.3","E","485.6",",E","37.2",",,,E","0.99",",E","5.04",",,,E","-3.06",",,,E"
"BKM00014654","1921-03","43.8678","18.4228","630.0","SARAJEVO, BK","0.0","E","0.0",",E","2",",E","1",",E","0",",E","","","0",",E","14",",E","0",",E","0",",E","0",",E","19210310","+,,E","","","19210307",",,E","19210325",",,E","-2.3",",E,10,+","","","14.4",",,E,07,","20.5",",E,25,","2792.7","E","347.4",",E","16.2",",,,E","7.13",",E","13.23",",,,E","1.02",",,,E"
"BKM00014654","1921-04","43.8678","18.4228","630.0","SARAJEVO, BK","0.0","E","0.0",",E","16",",E","9",",E","0",",E","","","0",",E","2",",E","0",",E","0",",E","0",",E","19210404",",,E","","","19210424",",,E","19210410",",,E","-3.0",",E,04,","","","19.1",",,E,24,","18.8",",E,10,","3078.6","E","285.9",",E","73.8",",,,E","8.80",",E","13.91",",,,E","3.70",",,,E"
"BKM00014654","1921-05","43.8678","18.4228","630.0","SARAJEVO, BK","2.8","E","2.8",",E","17",",E","8",",E","1",",E","","","0",",E","0",",E","0",",E","19",",E","0",",E","19210507",",,E","","","19210517",",,E","19210521",",,E","1.0",",E,07,","","","29.6",",,E,17,","26.7",",E,21,","3185.9","E","107.3",",E","102.2",",,,E","14.96",",E","20.67",",,,E","9.25",",,,E"
"BKM00014654","1921-06","43.8678","18.4228","630.0","SARAJEVO, BK","13.1","E","10.3",",E","16",",E","13",",E","1",",E","","","0",",E","0",",E","0",",E","12",",E","0",",E","19210622",",,E","","","19210615",",,E","19210630",",,E","3.8",",E,22,","","","34.1",",,E,15,","28.1",",E,30,","3314.6","E","128.7",",E","185.1",",,,E","14.38",",E","18.94",",,,E","9.82",",,,E"
"BKM00014654","1921-07","43.8678","18.4228","630.0","SARAJEVO, BK","76.9","E","63.8",",E","11",",E","5",",E","0",",E","","","0",",E","0",",E","0",",E","25",",E","0",",E","19210708",",,E","","","19210704",",,E","19210728",",,E","7.2",",E,08,","","","13.0",",,E,04,","32.1",",E,28,","33.3","E","33.3",",E","40.2",",,,E","19.32",",E","25.72",",,,E","12.92",",,,E"
"BKM00014654","1921-08","43.8678","18.4228","630.0","SARAJEVO, BK","148.9","E","72.0",",E","13",",E","7",",E","0",",E","","","0",",E","0",",E","0",",E","25",",E","5",",E","19210814",",,E","","","19210826",",,E","19210811",",,E","8.2",",E,14,","","","20.1",",,E,26,","34.5",",E,11,","60.0","E","26.7",",E","67.6",",,,E","19.79",",E","25.98",",,,E","13.61",",,,E"
"BKM00014654","1921-09","43.8678","18.4228","630.0","SARAJEVO, BK","153.7","E","4.8",",E","6",",E","2",",E","0",",E","","","0",",E","0",",E","0",",E","17",",E","0",",E","19210920",",,E","","","19210905",",,E","19210915",",,E","1.7",",E,20,","","","5.7",",,E,05,","28.8",",E,15,","178.1","E","118.1",",E","12.2",",,,E","14.55",",E","21.20",",,,E","7.91",",,,E"
"BKM00014654","1921-10","43.8678","18.4228","630.0","SARAJEVO, BK","153.7","E","0.0",",E","4",",E","2",",E","0",",E","","","0",",E","0",",E","0",",E","6",",E","0",",E","19211031",",,E","","","19211030",",,E","19211004",",,E","0.1",",E,31,","","","6.4",",,E,30,","23.8",",E,04,","406.6","E","228.5",",E","14.0",",,,E","10.96",",E","17.22",",,,E","4.70",",,,E"
"BKM00014654","1921-11","43.8678","18.4228","630.0","SARAJEVO, BK","153.7","E","0.0",",E","18",",E","12",",E","0",",E","","","0",",E","14",",E","5",",E","0",",E","0",",E","19211126",",,E","","","19211105",",,E","19211106",",,E","-8.9",",E,26,","","","24.0",",,E,05,","15.8",",E,06,","869.3","E","462.7",",E","138.3",",,,E","2.91",",E","5.90",",,,E","-0.08",",,,E"
"BKM00014654","1921-12","43.8678","18.4228","630.0","SARAJEVO, BK","153.7","E","0.0",",E","9",",E","6",",E","0",",E","","","0",",E","29",",E","13",",E","0",",E","0",",E","19211202",",,E","","","19211230",",,E","19211223",",,E","-10.1",",E,02,","","","16.2",",,E,30,","8.8",",E,23,","1492.6","E","623.3",",E","46.4",",,,E","-1.77",",E","0.67",",,,E","-4.22",",,,E"
"BKM00014654","1922-01","43.8678","18.4228","630.0","SARAJEVO, BK","0.0","E","0.0","2,E","15",",E","11",",E","1",",E","","","0","1,E","29","1,E","17","1,E","0","1,E","0","1,E","19220110",",1,E","","","19220112",",,E","19220131",",1,E","-14.5","1,E,10,","","","29.0",",,E,12,","10.4","1,E,31,","2122.7","E","630.1","1,E","121.9",",,,E","-3.26","2,E","-0.41","1,,,E","-6.12","1,,,E"
"BKM00014654","1922-02","43.8678","18.4228","630.0","SARAJEVO, BK","0.0","E","0.0",",E","12",",E","7",",E","2",",E","","","0",",E","23",",E","10",",E","0",",E","0",",E","19220213",",,E","","","19220206",",,E","19220228",",,E","-16.8",",E,13,","","","42.8",",,E,06,","10.6",",E,28,","2698.2","E","575.5",",E","112.8",",,,E","-2.22",",E","1.29",",,,E","-5.73",",,,E"
"BKM00014654","1922-03","43.8678","18.4228","630.0","SARAJEVO, BK","0.0","E","0.0",",E","12",",E","8",",E","1",",E","","","0",",E","4",",E","0",",E","1",",E","0",",E","19220317","+,,E","","","19220326",",,E","19220312",",,E","-1.8",",E,17,+","","","32.2",",,E,26,","22.0",",E,12,","3024.0","E","325.8",",E","101.2",",,,E","7.82",",E","12.36",",,,E","3.28",",,,E"
"BKM00014654","1922-04","43.8678","18.4228","630.0","SARAJEVO, BK","2.2","E","2.2",",E","13",",E","10",",E","0",",E","","","0",",E","1",",E","0",",E","6",",E","0",",E","19220408",",,E","","","19220406",",,E","19220416",",,E","-0.6",",E,08,","","","13.8",",,E,06,","26.2",",E,16,","3279.4","E","255.4",",E","83.0",",,,E","9.89",",E","15.00",",,,E","4.79",",,,E"
"BKM00014654","1922-05","43.8678","18.4228","630.0","SARAJEVO, BK","7.3","E","5.1",",E","10",",E","6",",E","0",",E","","","0",",E","0",",E","0",",E","10",",E","0",",E","19220505",",,E","","","19220531",",,E","19220517",",,E","4.2",",E,05,","","","13.2",",,E,31,","28.7",",E,17,","3407.8","E","128.4",",E","46.7",",,,E","14.35",",E","20.19",",,,E","8.52",",,,E"
"BKM00014654","1922-06","43.8678","18.4228","630.0","SARAJEVO, BK","19.6","E","12.3",",E","12",",E","5",",E","1",",E","","","0",",E","0",",E","0",",E","25",",E","0",",E","19220622",",,E","","","19220612",",,E","19220629",",,E","7.2",",E,22,","","","28.5",",,E,12,","28.7",",E,29,","3454.6","E","46.8",",E","72.2",",,,E","17.19",",E","23.15",",,,E","11.22",",,,E"
"BKM00014654","1922-07","43.8678","18.4228","630.0","SARAJEVO, BK","97.8","E","78.2",",E","6",",E","2",",E","0",",E","","","0",",E","0",",E","0",",E","29",",E","4",",E","19220727",",,E","","","19220728",",,E","19220712",",,E","7.8",",E,27,","","","15.3",",,E,28,","33.1",",E,12,","24.0","E","24.0",",E","33.3",",,,E","20.08",",E","27.06",",,,E","13.11",",,,E"
"BKM00014654","1922-08","43.8678","18.4228","630.0","SARAJEVO, BK","206.3","E","108.5",",E","5",",E","2",",E","0",",E","","","0",",E","0",",E","0",",E","30",",E","8",",E","19220828",",,E","","","19220824",",,E","19220811",",,E","6.2",",E,28,","","","11.1",",,E,24,","38.1",",E,11,","39.4","E","15.4",",E","20.1",",,,E","21.34",",E","29.52",",,,E","13.15",",,,E"
"BKM00014654","1922-09","43.8678","18.4228","630.0","SARAJEVO, BK","212.4","E","6.1",",E","17",",E","13",",E","2",",E","","","0",",E","0",",E","0",",E","14",",E","0",",E","19220920",",,E","","","19220911",",,E","19220901",",,E","1.2",",E,20,","","","29.7",",,E,11,","27.9",",E,01,","135.4","E","96.0",",E","160.0",",,,E","15.34",",E","20.53",",,,E","10.14",",,,E"
"BKM00014654","1922-10","43.8678","18.4228","630.0","SARAJEVO, BK","212.4","E","0.0",",E","21",",E","13",",E","1",",E","","","0",",E","0",",E","0",",E","0",",E","0",",E","19221025",",,E","","","19221009",",,E","19221005",",,E","1.8",",E,25,","","","27.8",",,E,09,","19.0",",E,05,","416.8","E","281.4",",E","138.7",",,,E","9.25",",E","12.25",",,,E","6.26",",,,E"
"BKM00014654","1922-11","43.8678","18.4228","630.0","SARAJEVO, BK","212.4","E","0.0",",E","16",",E","8",",E","0",",E","","","0",",E","18",",E","8",",E","0",",E","0",",E","19221129",",,E","","","19221127",",,E","19221103",",,E","-12.5",",E,29,","","","21.5",",,E,27,","17.1",",E,03,","940.4","E","523.6",",E","70.2",",,,E","0.88",",E","3.50",",,,E","-1.74",",,,E"
"BKM00014654","1922-12","43.8678","18.4228","630.0","SARAJEVO, BK","212.4","E","0.0",",E","6",",E","1",",E","0",",E","","","0",",E","20",",E","9",",E","0",",E","0",",E","19221211",",,E","","","19221206",",,E","19221221",",,E","-13.5",",E,11,","","","8.2",",,E,06,","11.7",",E,21,","1512.1","E","571.7",",E","13.8",",,,E","-0.11",",E","2.95",",,,E","-3.17",",,,E"
"BKM00014654","1923-01","43.8678","18.4228","630.0","SARAJEVO, BK","0.0","E","0.0",",E","10",",E","3",",E","0",",E","","","0",",E","19",",E","9",",E","0",",E","0",",E","19230121",",,E","","","19230118",",,E","19230101",",,E","-13.3",",E,21,","","","12.2",",,E,18,","12.2",",E,01,","2088.2","E","576.1",",E","30.0",",,,E","-0.25",",E","2.22",",,,E","-2.73",",,,E"
"BKM00014654","1923-02","43.8678","18.4228","630.0","SARAJEVO, BK","0.0","E","0.0",",E","12",",E","11",",E","0",",E","","","0",",E","16",",E","5",",E","0",",E","0",",E","19230217",",,E","","","19230206",",,E","19230203",",,E","-9.6",",E,17,","","","14.0",",,E,06,","11.8",",E,03,","2574.8","E","486.6",",E","72.7",",,,E","0.96",",E","3.86",",,,E","-1.95",",,,E"
"BKM00014654","1923-03","43.8678","18.4228","630.0","SARAJEVO, BK","0.0","E","0.0","2,E","14",",E","3",",E","0",",E","","","0","1,E","9","1,E","0","1,E","0","1,E","0","1,E","19230308",",1,E","","","19230313",",,E","19230327",",1,E","-3.1","1,E,08,","","","13.8",",,E,13,","20.4","1,E,27,","2937.3","E","362.5","1,E","36.5",",,,E","5.81","2,E","10.38","1,,,E","1.23","1,,,E"
"BKM00014654","1923-04","43.8678","18.4228","630.0","SARAJEVO, BK","0.0","E","0.0",",E","11",",E","6",",E","0",",E","","","0",",E","6",",E","0",",E","1",",E","0",",E","19230403",",,E","","","19230429",",,E","19230413",",,E","-5.2",",E,03,","","","11.5",",,E,29,","21.8",",E,13,","3196.9","E","259.6",",E","37.9",",,,E","9.68",",E","14.31",",,,E","5.05",",,,E"
"BKM00014654","1923-05","43.8678","18.4228","630.0","SARAJEVO, BK","8.8","E","8.8",",E","8",",E","6",",E","0",",E","","","0",",E","0",",E","0",",E","19",",E","0",",E","19230501",",,E","","","19230525",",,E","19230531",",,E","5.0",",E,01,","","","16.8",",,E,25,","30.2",",E,31,","3284.8","E","87.9",",E","56.2",",,,E","15.78",",E","22.49",",,,E","9.07",",,,E"
"BKM00014654","1923-06","43.8678","18.4228","630.0","SARAJEVO, BK","16.1","E","7.3",",E","13",",E","9",",E","0",",E","","","0",",E","0",",E","0",",E","11",",E","0",",E","19230609",",,E","","","19230617",",,E","19230601",",,E","4.3",",E,09,","","","17.4",",,E,17,","28.9",",E,01,","3405.8","E","121.0",",E","86.9",",,,E","14.54",",E","19.55",",,,E","9.54",",,,E"
"BKM00014654","1923-07","43.8678","18.4228","630.0","SARAJEVO, BK","57.9","E","41.8",",E","10",",E","3",",E","0",",E","","","0",",E","0",",E","0",",E","25",",E","0",",E","19230702",",,E","","","19230720",",,E","19230719",",,E","8.2",",E,02,","","","9.5",",,E,20,","32.1",",E,19,","25.8","E","25.8",",E","26.6",",,,E","18.85",",E","25.13",",,,E","12.57",",,,E"
"BKM00014654","1923-08","43.8678","18.4228","630.0","SARAJEVO, BK","135.0","E","77.1",",E","3",",E","2",",E","1",",E","","","0",",E","0",",E","0",",E","29",",E","2",",E","19230820",",,E","","","19230816",",,E","19230811",",,E","7.8",",E,20,","","","25.5",",,E,16,","34.1",",E,11,","35.7","E","9.9",",E","33.6",",,,E","20.50",",E","28.22",",,,E","12.78",",,,E"
"BKM00014654","1923-09","43.8678","18.4228","630.0","SARAJEVO, BK","161.6","E","26.6",",E","5",",E","1",",E","0",",E","","","0",",E","0",",E","0",",E","21",",E","1",",E","19230926",",,E","","","19230905",",,E","19230903",",,E","5.1",",E,26,","","","3.5",",,E,05,","33.6",",E,03,","113.7","E","78.0",",E","7.6",",,,E","16.62",",E","23.17",",,,E","10.07",",,,E"
"BKM00014654","1923-10","43.8678","18.4228","630.0","SARAJEVO, BK","162.9","E","1.3",",E","4",",E","3",",E","1",",E","","","0",",E","0",",E","0",",E","14",",E","0",",E","19231018",",,E","","","19231005",",,E","19231002",",,E","0.2",",E,18,","","","32.8",",,E,05,","27.2",",E,02,","263.8","E","150.1",",E","58.8",",,,E","13.53",",E","19.63",",,,E","7.43",",,,E"
"BKM00014654","1923-11","43.8678","18.4228","630.0","SARAJEVO, BK","162.9","E","0.0","2,E","13",",E","8",",E","1",",E","","","0","1,E","1","1,E","0","1,E","0","1,E","0","1,E","19231121",",1,E","","","19231120",",,E","19231130","+,1,E","0.0","1,E,21,","","","37.4",",,E,20,","18.6","1,E,30,+","470.5","E","206.7","1,E","118.0",",,,E","10.80","2,E","14.83","1,,,E","6.76","1,,,E"
"BKM00014654","1923-12","43.8678","18.4228","630.0","SARAJEVO, BK","","","","","18",",E","10",",E","0",",E","","","","","","","8","5,E","0","5,E","0","5,E","","","","","19231201",",,E","19231207",",5,E","","","","","18.4",",,E,01,","13.4","5,E,07,","","","","","93.7",",,,E","","","3.44","5,,,E","",""
"BKM00014654","1924-01","43.8678","18.4228","630.0","SARAJEVO, BK","0.0","E","0.0",",E","4",",E","4",",E","0",",E","","","0",",E","26",",E","15",",E","0",",E","0",",E","19240107",",,E","","","19240104",",,E","19240110",",,E","-17.6",",E,07,","","","13.9",",,E,04,","8.8",",E,10,","","","694.5",",E","35.9",",,,E","-4.07",",E","-0.88",",,,E","-7.25",",,,E"
"BKM00014654","1924-02","43.8678","18.4228","630.0","SARAJEVO, BK","0.0","E","0.0",",E","16",",E","10",",E","1",",E","","","0",",E","24",",E","11",",E","0",",E","0",",E","19240202",",,E","","","19240228",",,E","19240213",",,E","-9.6",",E,02,","","","34.4",",,E,28,","10.5",",E,13,","","","549.0",",E","113.6",",,,E","-0.60",",E","2.62",",,,E","-3.82",",,,E"
"BKM00014654","1924-03","43.8678","18.4228","630.0","SARAJEVO, BK","0.0","E","0.0",",E","11",",E","6",",E","0",",E","","","0",",E","15",",E","6",",E","0",",E","0",",E","19240301",",,E","","","19240327",",,E","19240325",",,E","-9.6",",E,01,","","","8.0",",,E,27,","17.6",",E,25,","","","440.6",",E","35.5",",,,E","4.12",",E","7.86",",,,E","0.37",",,,E"
"BKM00014654","1924-04","43.8678","18.4228","630.0","SARAJEVO, BK","0.0","E","0.0",",E","17",",E","11",",E","0",",E","","","0",",E","0",",E","0",",E","4",",E","0",",E","19240413",",,E","","","19240418",",,E","19240427",",,E","0.2",",E,13,","","","20.3",",,E,18,","24.5",",E,27,","","","250.0",",E","132.6",",,,E","10.00",",E","14.64",",,,E","5.36",",,,E"
"BKM00014654","1924-05","43.8678","18.4228","630.0","SARAJEVO, BK","23.1","E","23.1",",E","8",",E","5",",E","0",",E","","","0",",E","0",",E","0",",E","22",",E","0",",E","19240503",",,E","","","19240502",",,E","19240507",",,E","4.3",",E,03,","","","5.8",",,E,02,","28.6",",E,07,","","","72.2",",E","24.6",",,,E","16.75",",E","23.10",",,,E","10.40",",,,E"
"BKM00014654","1924-06","43.8678","18.4228","630.0","SARAJEVO, BK","39.3","E","16.2",",E","16",",E","12",",E","1",",E","","","0",",E","0",",E","0",",E","16",",E","0",",E","19240616",",,E","","","19240615",",,E","19240602",",,E","9.3",",E,16,","","","30.1",",,E,15,","30.2",",E,02,","","","46.2",",E","126.2",",,,E","17.33",",E","22.10",",,,E","12.57",",,,E"
"BKM00014654","1924-07","43.8678","18.4228","630.0","SARAJEVO, BK","83.5","E","44.2",",E","8",",E","7",",E","0",",E","","","0",",E","0",",E","0",",E","27",",E","1",",E","19240726",",,E","","","19240730",",,E","19240723",",,E","5.4",",E,26,","","","16.7",",,E,30,","32.9",",E,23,","28.2","E","28.2",",E","57.4",",,,E","18.85",",E","25.05",",,,E","12.64",",,,E"
"BKM00014654","1924-08","43.8678","18.4228","630.0","SARAJEVO, BK","108.6","E","25.1",",E","8",",E","6",",E","0",",E","","","0",",E","0",",E","0",",E","22",",E","0",",E","19240827",",,E","","","19240803",",,E","19240823",",,E","7.4",",E,27,","","","16.8",",,E,03,","28.8",",E,23,","70.4","E","42.2",",E","40.2",",,,E","17.78",",E","22.89",",,,E","12.68",",,,E"
"BKM00014654","1924-09","43.8678","18.4228","630.0","SARAJEVO, BK","133.8","E","25.2",",E","8",",E","4",",E","0",",E","","","0",",E","0",",E","0",",E","24",",E","0",",E","19240930",",,E","","","19240912",",,E","19240911",",,E","7.1",",E,30,","","","22.5",",,E,12,","32.0",",E,11,","117.9","E","47.5",",E","54.2",",,,E","17.59",",E","23.73",",,,E","11.45",",,,E"
"BKM00014654","1924-10","43.8678","18.4228","630.0","SARAJEVO, BK","133.8","E","0.0",",E","9",",E","7",",E","0",",E","","","0",",E","0",",E","0",",E","2",",E","0",",E","19241018",",,E","","","19241025",",,E","19241005",",,E","0.5",",E,18,","","","15.2",",,E,25,","25.0",",E,05,","352.0","E","234.1",",E","54.8",",,,E","10.78",",E","15.23",",,,E","6.34",",,,E"
"BKM00014654","1924-11","43.8678","18.4228","630.0","SARAJEVO, BK","133.8","E","0.0",",E","12",",E","4",",E","0",",E","","","0",",E","18",",E","13",",E","0",",E","0",",E","19241120",",,E","","","19241117",",,E","19241104",",,E","-6.1",",E,20,","","","9.2",",,E,17,","20.9",",E,04,","833.7","E","481.7",",E","33.5",",,,E","2.28",",E","4.70",",,,E","-0.15",",,,E"
"BKM00014654","1924-12","43.8678","18.4228","630.0","SARAJEVO, BK","133.8","E","0.0",",E","6",",E","1",",E","0",",E","","","0",",E","24",",E","16",",E","0",",E","0",",E","19241227",",,E","","","19241206",",,E","19241204",",,E","-9.0",",E,27,","","","4.4",",,E,06,","14.2",",E,04,","1431.4","E","597.7",",E","11.9",",,,E","-0.95",",E","0.95",",,,E","-2.84",",,,E"
"BKM00014654","1925-01","43.8678","18.4228","630.0","SARAJEVO, BK","0.0","E","0.0",",E","2",",E","1",",E","0",",E","","","0",",E","28",",E","9",",E","0",",E","0",",E","19250122",",,E","","","19250106",",,E","19250105",",,E","-8.9",",E,22,","","","8.4",",,E,06,","12.4",",E,05,","2025.1","E","593.7",",E","10.6",",,,E","-0.82",",E","2.75",",,,E","-4.39",",,,E"
"BKM00014654","1925-02","43.8678","18.4228","630.0","SARAJEVO, BK","0.0","E","0.0",",E","8",",E","5",",E","0",",E","","","0",",E","8",",E","0",",E","0",",E","0",",E","19250204",",,E","","","19250221",",,E","19250216",",,E","-6.6",",E,04,","","","13.0",",,E,21,","17.6",",E,16,","2380.5","E","355.4",",E","46.5",",,,E","5.64",",E","9.54",",,,E","1.74",",,,E"
"BKM00014654","1925-03","43.8678","18.4228","630.0","SARAJEVO, BK","0.0","E","0.0",",E","11",",E","6",",E","0",",E","","","0",",E","16",",E","7",",E","0",",E","0",",E","19250314",",,E","","","19250317",",,E","19250325",",,E","-11.1",",E,14,","","","12.2",",,E,17,","18.3",",E,25,","2824.3","E","443.8",",E","49.8",",,,E","4.02",",E","8.39",",,,E","-0.35",",,,E"
"BKM00014654","1925-04","43.8678","18.4228","630.0","SARAJEVO, BK","0.1","E","0.1",",E","8",",E","5",",E","0",",E","","","0",",E","2",",E","0",",E","2",",E","0",",E","19250401",",,E","","","19250417",",,E","19250425",",,E","-1.9",",E,01,","","","11.7",",,E,17,","23.6",",E,25,","3074.9","E","250.6",",E","42.2",",,,E","9.98",",E","15.38",",,,E","4.58",",,,E"
"BKM00014654","1925-05","43.8678","18.4228","630.0","SARAJEVO, BK","0.5","E","0.4",",E","14",",E","8",",E","0",",E","","","0",",E","0",",E","0",",E","12",",E","0",",E","19250504",",,E","","","19250503",",,E","19250509",",,E","1.2",",E,04,","","","14.6",",,E,03,","25.7",",E,09,","3221.5","E","146.6",",E","80.7",",,,E","13.61",",E","18.72",",,,E","8.51",",,,E"
"BKM00014654","1925-06","43.8678","18.4228","630.0","SARAJEVO, BK","5.3","E","4.8",",E","15",",E","9",",E","1",",E","","","0",",E","0",",E","0",",E","10",",E","0",",E","19250609",",,E","","","19250624",",,E","19250618",",,E","4.8",",E,09,","","","27.3",",,E,24,","27.2",",E,18,","3330.2","E","108.7",",E","98.4",",,,E","14.87",",E","19.92",",,,E","9.83",",,,E"
"BKM00014654","1925-07","43.8678","18.4228","630.0","SARAJEVO, BK","51.2","E","45.9",",E","8",",E","4",",E","0",",E","","","0",",E","0",",E","0",",E","27",",E","0",",E","19250718",",,E","","","19250711",",,E","19250731",",,E","10.4",",E,18,","","","23.5",",,E,11,","30.4",",E,31,","28.5","E","28.5",",E","46.5",",,,E","18.89",",E","24.70",",,,E","13.09",",,,E"
"BKM00014654","1925-08","43.8678","18.4228","630.0","SARAJEVO, BK","92.9","E","41.7",",E","8",",E","6",",E","0",",E","","","0",",E","0",",E","0",",E","27",",E","2",",E","19250818",",,E","","","19250812",",,E","19250825",",,E","6.9",",E,18,","","","9.8",",,E,12,","32.8",",E,25,","53.4","E","24.9",",E","45.4",",,,E","18.87",",E","25.63",",,,E","12.12",",,,E"
"BKM00014654","1925-09","43.8678","18.4228","630.0","SARAJEVO, BK","102.4","E","9.5",",E","11",",E","6",",E","1",",E","","","0",",E","0",",E","0",",E","16",",E","0",",E","19250917",",,E","","","19250912",",,E","19250903","+,,E","2.4",",E,17,","","","25.6",",,E,12,","28.5",",E,03,+","181.5","E","128.1",",E","69.4",",,,E","14.38",",E","19.68",",,,E","9.09",",,,E"
"BKM00014654","1925-10","43.8678","18.4228","630.0","SARAJEVO, BK","102.4","E","0.0",",E","6",",E","6",",E","1",",E","","","0",",E","2",",E","0",",E","1",",E","0",",E","19251017",",,E","","","19251013",",,E","19251002",",,E","-1.7",",E,17,","","","32.0",",,E,13,","21.2",",E,02,","426.0","E","244.5",",E","59.8",",,,E","10.45",",E","15.17",",,,E","5.72",",,,E"
"BKM00014654","1925-11","43.8678","18.4228","630.0","SARAJEVO, BK","102.4","E","0.0",",E","20",",E","14",",E","1",",E","","","0",",E","9",",E","3",",E","0",",E","0",",E","19251130",",,E","","","19251128",",,E","19251113",",,E","-7.9",",E,30,","","","28.6",",,E,28,","20.6",",E,13,","784.9","E","358.9",",E","201.5",",,,E","6.37",",E","9.44",",,,E","3.30",",,,E"
"BKM00014654","1925-12","43.8678","18.4228","630.0","SARAJEVO, BK","102.4","E","0.0",",E","15",",E","11",",E","0",",E","","","4",",E","18",",E","12",",E","0",",E","0",",E","19251218",",,E","","","19251201",",,E","19251223",",,E","-22.4",",E,18,","","","24.8",",,E,01,","15.0",",E,23,","1420.3","E","635.4",",E","126.7",",,,E","-2.16",",E","1.65",",,,E","-5.97",",,,E"
"BKM00014654","1926-01","43.8678","18.4228","630.0","SARAJEVO, BK","0.0","E","0.0",",E","16",",E","10",",E","0",",E","","","0",",E","23",",E","7",",E","0",",E","0",",E","19260124","+,,E","","","19260114",",,E","19260130",",,E","-14.6",",E,24,+","","","13.7",",,E,14,","11.0",",E,30,","2021.1","E","600.8",",E","73.5",",,,E","-1.05",",E","2.99",",,,E","-5.08",",,,E"
"BKM00014654","1926-02","43.8678","18.4228","630.0","SARAJEVO, BK","0.0","E","0.0",",E","5",",E","3",",E","0",",E","","","0",",E","6",",E","0",",E","0",",E","0",",E","19260217",",,E","","","19260218",",,E","19260212",",,E","-5.0",",E,17,","","","5.9",",,E,18,","17.7",",E,12,","2363.3","E","342.2",",E","15.3",",,,E","6.11",",E","10.45",",,,E","1.77",",,,E"
"BKM00014654","1926-03","43.8678","18.4228","630.0","SARAJEVO, BK","0.0","E","0.0",",E","14",",E","9",",E","0",",E","","","0",",E","17",",E","0",",E","1",",E","0",",E","19260312",",,E","","","19260325",",,E","19260331",",,E","-9.5",",E,12,","","","20.6",",,E,25,","23.3",",E,31,","2784.9","E","421.6",",E","65.7",",,,E","4.73",",E","9.47",",,,E","0.00",",,,E"
"BKM00014654","1926-04","43.8678","18.4228","630.0","SARAJEVO, BK","1.4","E","1.4",",E","9",",E","7",",E","0",",E","","","0",",E","4",",E","0",",E","8",",E","0",",E","19260405",",,E","","","19260420",",,E","19260424",",,E","-1.5",",E,05,","","","19.2",",,E,20,","29.4",",E,24,","2996.7","E","211.8",",E","68.9",",,,E","11.32",",E","17.79",",,,E","4.85",",,,E"
"BKM00014654","1926-05","43.8678","18.4228","630.0","SARAJEVO, BK","2.2","E","0.8",",E","15",",E","12",",E","0",",E","","","0",",E","0",",E","0",",E","13",",E","0",",E","19260510",",,E","","","19260529",",,E","19260503",",,E","1.3",",E,10,","","","22.7",",,E,29,","26.6",",E,03,","3138.5","E","141.8",",E","108.2",",,,E","13.79",",E","20.22",",,,E","7.35",",,,E"
"BKM00014654","1926-06","43.8678","18.4228","630.0","SARAJEVO, BK","8.8","E","6.6","2,E","18",",E","12",",E","1",",E","","","0","1,E","0","1,E","0","1,E","15","1,E","0","1,E","19260605",",1,E","","","19260620",",,E","19260613",",1,E","5.9","1,E,05,","","","25.8",",,E,20,","29.8","1,E,13,","3213.5","E","75.0","1,E","138.7",",,,E","15.86","2,E","21.30","1,,,E","10.42","1,,,E"
"BKM00014654","1926-07","43.8678","18.4228","630.0","SARAJEVO, BK","35.7","E","26.9",",E","16",",E","10",",E","0",",E","","","0",",E","0",",E","0",",E","20",",E","0",",E","19260730",",,E","","","19260710",",,E","19260720",",,E","7.7",",E,30,","","","17.5",",,E,10,","30.7",",E,20,","44.8","E","44.8",",E","87.2",",,,E","17.76",",E","23.52",",,,E","12.00",",,,E"
"BKM00014654","1926-08","43.8678","18.4228","630.0","SARAJEVO, BK","55.5","E","19.8",",E","7",",E","3",",E","0",",E","","","0",",E","0",",E","0",",E","27",",E","0",",E","19260825",",,E","","","19260808",",,E","19260822",",,E","5.5",",E,25,","","","10.2",",,E,08,","30.7",",E,22,","97.7","E","52.9",",E","27.7",",,,E","17.26",",E","24.31",",,,E","10.22",",,,E"
"BKM00014654","1926-09","43.8678","18.4228","630.0","SARAJEVO, BK","87.6","E","32.1",",E","8",",E","3",",E","0",",E","","","0",",E","0",",E","0",",E","23",",E","0",",E","19260925",",,E","","","19260929",",,E","19260913",",,E","2.5",",E,25,","","","8.9",",,E,29,","30.1",",E,13,","163.8","E","66.1",",E","21.2",",,,E","17.20",",E","24.37",",,,E","10.03",",,,E"
"BKM00014654","1926-10","43.8678","18.4228","630.0","SARAJEVO, BK","93.6","E","6.0",",E","8",",E","5",",E","0",",E","","","0",",E","2",",E","0",",E","11",",E","0",",E","19261028",",,E","","","19261024",",,E","19261031",",,E","-2.9",",E,28,","","","10.1",",,E,24,","24.8",",E,31,","329.0","E","165.2",",E","35.4",",,,E","13.20",",E","19.12",",,,E","7.27",",,,E"
"BKM00014654","1926-11","43.8678","18.4228","630.0","SARAJEVO, BK","93.7","E","0.1",",E","6",",E","5",",E","0",",E","","","0",",E","2",",E","0",",E","9",",E","0",",E","19261129",",,E","","","19261110",",,E","19261102",",,E","-2.9",",E,29,","","","19.1",",,E,10,","24.7",",E,02,","499.7","E","170.7",",E","54.1",",,,E","12.65",",E","17.00",",,,E","8.29",",,,E"
"BKM00014654","1926-12","43.8678","18.4228","630.0","SARAJEVO, BK","93.7","E","0.0",",E","17",",E","12",",E","1",",E","","","0",",E","25",",E","9",",E","0",",E","0",",E","19261226",",,E","","","19261205",",,E","19261202",",,E","-11.9",",E,26,","","","26.9",",,E,05,","9.3",",E,02,","1085.8","E","586.1",",E","132.4",",,,E","-0.57",",E","1.84",",,,E","-2.99",",,,E"
"BKM00014654","1927-01","43.8678","18.4228","630.0","SARAJEVO, BK","0.0","E","0.0",",E","13",",E","7",",E","0",",E","","","0",",E","20",",E","7",",E","0",",E","0",",E","19270109",",,E","","","19270115",",,E","19270114",",,E","-11.1",",E,09,","","","19.4",",,E,15,","11.2",",E,14,","1624.5","E","538.7",",E","73.7",",,,E","0.95",",E","4.24",",,,E","-2.33",",,,E"
"BKM00014654","1927-02","43.8678","18.4228","630.0","SARAJEVO, BK","0.0","E","0.0",",E","6",",E","2",",E","0",",E","","","0",",E","23",",E","4",",E","0",",E","0",",E","19270221",",,E","","","19270201",",,E","19270228",",,E","-14.7",",E,21,","","","5.8",",,E,01,","14.1",",E,28,","2157.9","E","533.4",",E","13.0",",,,E","-0.72",",E","4.00",",,,E","-5.43",",,,E"
"BKM00014654","1927-03","43.8678","18.4228","630.0","SARAJEVO, BK","0.0","E","0.0",",E","10",",E","6",",E","1",",E","","","0",",E","2",",E","0",",E","0",",E","0",",E","19270318","+,,E","","","19270329",",,E","19270323",",,E","-1.2",",E,18,+","","","38.0",",,E,29,","20.2",",E,23,","2475.7","E","317.8",",E","96.8",",,,E","8.08",",E","13.33",",,,E","2.83",",,,E"
"BKM00014654","1927-04","43.8678","18.4228","630.0","SARAJEVO, BK","0.2","E","0.2",",E","4",",E","1",",E","0",",E","","","0",",E","0",",E","0",",E","9",",E","0",",E","19270417",",,E","","","19270416",",,E","19270430",",,E","0.5",",E,17,","","","11.7",",,E,16,","26.7",",E,30,","2685.6","E","209.9",",E","14.7",",,,E","11.35",",E","16.95",",,,E","5.74",",,,E"
"BKM00014654","1927-05","43.8678","18.4228","630.0","SARAJEVO, BK","8.3","E","8.1",",E","6",",E","4",",E","0",",E","","","0",",E","0",",E","0",",E","21",",E","0",",E","19270513",",,E","","","19270523",",,E","19270531",",,E","1.4",",E,13,","","","11.7",",,E,23,","29.2",",E,31,","2788.0","E","102.4",",E","31.1",",,,E","15.29",",E","21.59",",,,E","8.99",",,,E"
"BKM00014654","1927-06","43.8678","18.4228","630.0","SARAJEVO, BK","82.1","E","73.8",",E","7",",E","4",",E","0",",E","","","0",",E","0",",E","0",",E","28",",E","4",",E","19270608",",,E","","","19270607",",,E","19270617",",,E","4.9",",E,08,","","","12.9",",,E,07,","33.5",",E,17,","2805.0","E","17.0",",E","34.6",",,,E","20.23",",E","28.29",",,,E","12.16",",,,E"
"BKM00014654","1927-07","43.8678","18.4228","630.0","SARAJEVO, BK","203.3","E","121.2",",E","3",",E","3",",E","0",",E","","","0",",E","0",",E","0",",E","31",",E","12",",E","19270722",",,E","","","19270731",",,E","19270728","+,,E","8.4",",E,22,","","","11.9",",,E,31,","34.9",",E,28,+","0.7","E","0.7",",E","30.9",",,,E","22.22",",E","30.48",",,,E","13.96",",,,E"
"BKM00014654","1927-08","43.8678","18.4228","630.0","SARAJEVO, BK","304.4","E","101.1",",E","9",",E","8",",E","1",",E","","","0",",E","0",",E","0",",E","27",",E","11",",E","19270817",",,E","","","19270830",",,E","19270825","+,,E","7.6",",E,17,","","","32.8",",,E,30,","35.2",",E,25,+","26.3","E","25.6",",E","100.8",",,,E","20.77",",E","28.62",",,,E","12.92",",,,E"
"BKM00014654","1927-09","43.8678","18.4228","630.0","SARAJEVO, BK","332.2","E","27.8",",E","13",",E","10",",E","0",",E","","","0",",E","0",",E","0",",E","22",",E","0",",E","19270915",",,E","","","19270913",",,E","19270926",",,E","7.2",",E,15,","","","12.2",",,E,13,","30.4",",E,26,","69.2","E","42.9",",E","76.6",",,,E","17.83",",E","23.16",",,,E","12.50",",,,E"
"BKM00014654","1927-10","43.8678","18.4228","630.0","SARAJEVO, BK","332.2","E","0.0",",E","10",",E","9",",E","0",",E","","","0",",E","0",",E","0",",E","3",",E","0",",E","19271026","+,,E","","","19271019",",,E","19271018",",,E","1.3",",E,26,+","","","24.5",",,E,19,","22.3",",E,18,","304.9","E","235.7",",E","82.3",",,,E","10.73",",E","14.91",",,,E","6.55",",,,E"
"BKM00014654","1927-11","43.8678","18.4228","630.0","SARAJEVO, BK","332.2","E","0.0",",E","8",",E","6",",E","0",",E","","","0",",E","8",",E","3",",E","1",",E","0",",E","19271116",",,E","","","19271112",",,E","19271105",",,E","-3.2",",E,16,","","","20.6",",,E,12,","21.2",",E,05,","600.9","E","296.0",",E","53.2",",,,E","8.47",",E","11.98",",,,E","4.96",",,,E"
"BKM00014654","1927-12","43.8678","18.4228","630.0","SARAJEVO, BK","332.2","E","0.0","2,E","15",",E","10",",E","0",",E","","","1","1,E","17","1,E","8","1,E","0","1,E","0","1,E","19271222",",1,E","","","19271230",",,E","19271227",",1,E","-18.6","1,E,22,","","","11.9",",,E,30,","13.2","1,E,27,","1135.2","E","534.3","1,E","67.1",",,,E","-0.29","2,E","2.47","1,,,E","-3.04","1,,,E"
"BKM00014654","1928-01","43.8678","18.4228","630.0","SARAJEVO, BK","0.0","E","0.0",",E","1",",E","0",",E","0",",E","","","0",",E","28",",E","8",",E","0",",E","0",",E","19280105",",,E","","","19280106",",,E","19280131",",,E","-9.8",",E,05,","","","0.3",",,E,06,","11.9",",E,31,","1688.6","E","553.4",",E","0.7",",,,E","0.48",",E","3.55",",,,E","-2.58",",,,E"
"BKM00014654","1928-02","43.8678","18.4228","630.0","SARAJEVO, BK","0.0","E","0.0","2,E","3",",E","3",",E","0",",E","","","0","1,E","21","1,E","4","1,E","0","1,E","0","1,E","19280224",",1,E","","","19280212",",,E","19280217",",1,E","-11.7","1,E,24,","","","19.5",",,E,12,","16.8","1,E,17,","2142.7","E","454.1","1,E","26.4",",,,E","1.49","2,E","6.52","1,,,E","-3.53","1,,,E"
"BKM00014654","1928-03","43.8678","18.4228","630.0","SARAJEVO, BK","0.0","E","0.0",",E","6",",E","4",",E","0",",E","","","0",",E","11",",E","3",",E","0",",E","0",",E","19280321",",,E","","","19280327",",,E","19280331",",,E","-5.1",",E,21,","","","5.2",",,E,27,","19.4",",E,31,","2521.4","E","378.7",",E","21.6",",,,E","6.12",",E","10.33",",,,E","1.90",",,,E"
"BKM00014654","1928-04","43.8678","18.4228","630.0","SARAJEVO, BK","1.9","E","1.9","3,E","13",",E","8",",E","0",",E","","","0","1,E","0","1,E","0","3,E","3","3,E","0","3,E","19280420",",1,E","","","19280420",",,E","19280429",",3,E","2.0","1,E,20,","","","17.9",",,E,20,","27.9","3,E,29,","2704.2","E","182.8","3,E","64.6",",,,E","11.67","3,E","16.76","3,,,E","6.58","1,,,E"
"BKM00014654","1928-05","43.8678","18.4228","630.0","SARAJEVO, BK","1.9","E","0.0",",E","16",",E","10",",E","0",",E","","","0",",E","0",",E","0",",E","7",",E","0",",E","19280512",",,E","","","19280508",",,E","19280520",",,E","1.0",",E,12,","","","15.8",",,E,08,","24.6",",E,20,","2898.5","E","194.3",",E","101.7",",,,E","12.06",",E","17.63",",,,E","6.50",",,,E"
"BKM00014654","1928-06","43.8678","18.4228","630.0","SARAJEVO, BK","48.4","E","46.5",",E","5",",E","4",",E","0",",E","","","0",",E","0",",E","0",",E","20",",E","5",",E","19280603",",,E","","","19280602",",,E","19280611",",,E","2.8",",E,03,","","","17.3",",,E,02,","33.5",",E,11,","2967.2","E","68.7",",E","43.8",",,,E","17.60",",E","24.50",",,,E","10.69",",,,E"
"BKM00014654","1928-07","43.8678","18.4228","630.0","SARAJEVO, BK","192.0","E","143.6",",E","2",",E","1",",E","0",",E","","","0",",E","0",",E","0",",E","31",",E","14",",E","19280712",",,E","","","19280718",",,E","19280728",",,E","11.3",",E,12,","","","3.6",",,E,18,","35.3",",E,28,","0.0","E","0.0",",E","4.1",",,,E","22.96",",E","31.44",",,,E","14.49",",,,E"
"BKM00014654","1928-08","43.8678","18.4228","630.0","SARAJEVO, BK","331.0","E","139.0",",E","4",",E","3",",E","0",",E","","","0",",E","0",",E","0",",E","29",",E","17",",E","19280808",",,E","","","19280806",",,E","19280830",",,E","7.2",",E,08,","","","11.4",",,E,06,","38.1",",E,30,","11.8","E","11.8",",E","24.1",",,,E","22.44",",E","31.25",",,,E","13.62",",,,E"
"BKM00014654","1928-09","43.8678","18.4228","630.0","SARAJEVO, BK","372.7","E","41.7",",E","12",",E","7",",E","0",",E","","","0",",E","0",",E","0",",E","21",",E","4",",E","19280925",",,E","","","19280917",",,E","19280911",",,E","4.5",",E,25,","","","23.0",",,E,17,","33.7",",E,11,","70.3","E","58.5",",E","88.2",",,,E","17.77",",E","24.61",",,,E","10.93",",,,E"
"BKM00014654","1928-10","43.8678","18.4228","630.0","SARAJEVO, BK","372.7","E","0.0",",E","10",",E","7",",E","1",",E","","","0",",E","6",",E","0",",E","6",",E","0",",E","19281017",",,E","","","19281013",",,E","19281001",",,E","-2.5",",E,17,","","","28.7",",,E,13,","24.9",",E,01,","303.9","E","233.6",",E","103.1",",,,E","10.80",",E","16.35",",,,E","5.24",",,,E"
"BKM00014654","1928-11","43.8678","18.4228","630.0","SARAJEVO, BK","372.7","E","0.0","2,E","16",",E","8",",E","1",",E","","","0","1,E","6","1,E","0","1,E","2","1,E","0","1,E","19281130",",1,E","","","19281125",",,E","19281101",",1,E","-3.2","1,E,30,","","","26.7",",,E,25,","21.9","1,E,01,","606.2","E","302.3","1,E","112.7",",,,E","7.50","2,E","11.16","1,,,E","3.83","1,,,E"
"BKM00014654","1928-12","43.8678","18.4228","630.0","SARAJEVO, BK","372.7","E","0.0",",E","12",",E","6",",E","0",",E","","","0",",E","23",",E","18",",E","0",",E","0",",E","19281208",",,E","","","19281230",",,E","19281211",",,E","-8.8",",E,08,","","","11.2",",,E,30,","12.0",",E,11,","1195.1","E","588.9",",E","54.5",",,,E","-0.66",",E","1.38",",,,E","-2.71",",,,E"
"BKM00014654","1929-01","43.8678","18.4228","630.0","SARAJEVO, BK","0.0","E","0.0",",E","11",",E","9",",E","1",",E","","","2",",E","27",",E","20",",E","0",",E","0",",E","19290119",",,E","","","19290102",",,E","19290102",",,E","-20.9",",E,19,","","","36.3",",,E,02,","11.9",",E,02,","1909.7","E","714.6",",E","102.2",",,,E","-4.72",",E","-1.13",",,,E","-8.31",",,,E"
"BKM00014654","1929-02","43.8678","18.4228","630.0","SARAJEVO, BK","0.0","E","0.0",",E","7",",E","2",",E","0",",E","","","8",",E","25",",E","23",",E","0",",E","0",",E","19290203",",,E","","","19290213",",,E","19290225",",,E","-23.2",",E,03,","","","15.8",",,E,13,","10.4",",E,25,","2663.4","E","753.7",",E","32.2",",,,E","-8.59",",E","-3.47",",,,E","-13.70",",,,E"
"BKM00014654","1929-03","43.8678","18.4228","630.0","SARAJEVO, BK","0.0","E","0.0",",E","4",",E","4",",E","0",",E","","","0",",E","22",",E","4",",E","0",",E","0",",E","19290303",",,E","","","19290304",",,E","19290321",",,E","-15.3",",E,03,","","","12.1",",,E,04,","15.4",",E,21,","3149.1","E","485.7",",E","29.2",",,,E","2.67",",E","7.84",",,,E","-2.51",",,,E"
"BKM00014654","1929-04","43.8678","18.4228","630.0","SARAJEVO, BK","0.0","E","0.0",",E","14",",E","11",",E","0",",E","","","0",",E","11",",E","0",",E","3",",E","0",",E","19290408","+,,E","","","19290406",",,E","19290430",",,E","-4.9",",E,08,+","","","24.5",",,E,06,","24.5",",E,30,","3473.0","E","323.9",",E","132.0",",,,E","7.54",",E","12.82",",,,E","2.25",",,,E"
"BKM00014654","1929-05","43.8678","18.4228","630.0","SARAJEVO, BK","6.2","E","6.2",",E","12",",E","9",",E","2",",E","","","0",",E","0",",E","0",",E","18",",E","0",",E","19290505",",,E","","","19290524",",,E","19290509",",,E","6.2",",E,05,","","","39.4",",,E,24,","27.9",",E,09,","3548.5","E","75.5",",E","131.2",",,,E","16.10",",E","22.05",",,,E","10.15",",,,E"
"BKM00014654","1929-06","43.8678","18.4228","630.0","SARAJEVO, BK","39.1","E","32.9",",E","13",",E","9",",E","2",",E","","","0",",E","0",",E","0",",E","23",",E","0",",E","19290601",",,E","","","19290626",",,E","19290610",",,E","7.4",",E,01,","","","43.0",",,E,26,","30.9",",E,10,","3583.4","E","34.9",",E","143.9",",,,E","18.27",",E","24.17",",,,E","12.36",",,,E"
"BKM00014654","1929-07","43.8678","18.4228","630.0","SARAJEVO, BK","109.7","E","70.6",",E","6",",E","2",",E","0",",E","","","0",",E","0",",E","0",",E","28",",E","2",",E","19290711",",,E","","","19290707",",,E","19290705",",,E","6.8",",E,11,","","","5.6",",,E,07,","32.8",",E,05,","23.3","E","23.3",",E","11.1",",,,E","19.86",",E","26.77",",,,E","12.95",",,,E"
"BKM00014654","1929-08","43.8678","18.4228","630.0","SARAJEVO, BK","203.1","E","93.4",",E","13",",E","11",",E","1",",E","","","0",",E","0",",E","0",",E","27",",E","4",",E","19290823",",,E","","","19290822",",,E","19290811",",,E","11.0",",E,23,","","","41.6",",,E,22,","34.2",",E,11,","37.5","E","14.2",",E","135.3",",,,E","20.89",",E","26.90",",,,E","14.88",",,,E"
"BKM00014654","1929-09","43.8678","18.4228","630.0","SARAJEVO, BK","218.7","E","15.6",",E","6",",E","5",",E","0",",E","","","0",",E","0",",E","0",",E","18",",E","0",",E","19290930",",,E","","","19290914",",,E","19290910",",,E","0.9",",E,30,","","","19.8",",,E,14,","27.3",",E,10,","147.3","E","109.8",",E","64.7",",,,E","15.19",",E","21.11",",,,E","9.28",",,,E"
"BKM00014654","1929-10","43.8678","18.4228","630.0","SARAJEVO, BK","218.7","E","0.0",",E","15",",E","9",",E","1",",E","","","0",",E","0",",E","0",",E","7",",E","0",",E","19291017",",,E","","","19291021",",,E","19291004",",,E","0.8",",E,17,","","","27.1",",,E,21,","24.6",",E,04,","358.0","E","210.7",",E","125.3",",,,E","11.54",",E","16.83",",,,E","6.24",",,,E"
"BKM00014654","1929-11","43.8678","18.4228","630.0","SARAJEVO, BK","218.7","E","0.0",",E","15",",E","10",",E","0",",E","","","0",",E","0",",E","0",",E","1",",E","0",",E","19291119","+,,E","","","19291118",",,E","19291103",",,E","0.5",",E,19,+","","","21.7",",,E,18,","23.6",",E,03,","662.0","E","304.0",",E","112.8",",,,E","8.20",",E","11.69",",,,E","4.71",",,,E"
"BKM00014654","1929-12","43.8678","18.4228","630.0","SARAJEVO, BK","218.7","E","0.0",",E","12",",E","7",",E","0",",E","","","0",",E","18",",E","8",",E","0",",E","0",",E","19291219",",,E","","","19291228",",,E","19291207",",,E","-5.2",",E,19,","","","13.8",",,E,28,","15.4",",E,07,","1160.1","E","498.1",",E","49.1",",,,E","2.26",",E","5.07",",,,E","-0.54",",,,E"
"BKM00014654","1930-01","43.8678","18.4228","630.0","SARAJEVO, BK","0.0","E","0.0",",E","8",",E","4",",E","0",",E","","","0",",E","23",",E","6",",E","0",",E","0",",E","19300123",",,E","","","19300103",",,E","19300127",",,E","-8.6",",E,23,","","","5.4",",,E,03,","13.5",",E,27,","1688.1","E","528.0",",E","20.2",",,,E","1.30",",E","4.89",",,,E","-2.29",",,,E"
"BKM00014654","1930-02","43.8678","18.4228","630.0","SARAJEVO, BK","0.0","E","0.0",",E","7",",E","6",",E","1",",E","","","0",",E","22",",E","3",",E","0",",E","0",",E","19300211",",,E","","","19300206",",,E","19300228",",,E","-10.4",",E,11,","","","49.8",",,E,06,","13.9",",E,28,","2168.2","E","480.1",",E","93.8",",,,E","1.19",",E","5.11",",,,E","-2.74",",,,E"
"BKM00014654","1930-03","43.8678","18.4228","630.0","SARAJEVO, BK","0.0","E","0.0",",E","12",",E","5",",E","1",",E","","","0",",E","6",",E","0",",E","0",",E","0",",E","19300314",",,E","","","19300309",",,E","19300324",",,E","-3.7",",E,14,","","","26.7",",,E,09,","21.0",",E,24,","2487.7","E","319.5",",E","71.7",",,,E","8.03",",E","13.25",",,,E","2.81",",,,E"
"BKM00014654","1930-04","43.8678","18.4228","630.0","SARAJEVO, BK","0.0","E","0.0",",E","16",",E","7",",E","0",",E","","","0",",E","1",",E","0",",E","7",",E","0",",E","19300401",",,E","","","19300405",",,E","19300426",",,E","-0.1",",E,01,","","","22.8",",,E,05,","27.1",",E,26,","2699.4","E","211.7",",E","72.8",",,,E","11.28",",E","16.97",",,,E","5.58",",,,E"
"BKM00014654","1930-05","43.8678","18.4228","630.0","SARAJEVO, BK","5.8","E","5.8",",E","15",",E","11",",E","0",",E","","","0",",E","0",",E","0",",E","10",",E","0",",E","19300514",",,E","","","19300521","+,,E","19300531",",,E","3.4",",E,14,","","","8.9",",,E,21,+","30.8",",E,31,","2854.6","E","155.2",",E","72.2",",,,E","13.51",",E","19.40",",,,E","7.63",",,,E"
"BKM00014654","1930-06","43.8678","18.4228","630.0","SARAJEVO, BK","35.6","E","29.8",",E","14",",E","8",",E","1",",E","","","0",",E","0",",E","0",",E","26",",E","0",",E","19300607",",,E","","","19300604",",,E","19300627",",,E","7.3",",E,07,","","","36.2",",,E,04,","30.1",",E,27,","2882.5","E","27.9",",E","116.1",",,,E","18.40",",E","24.87",",,,E","11.92",",,,E"
"BKM00014654","1930-07","43.8678","18.4228","630.0","SARAJEVO, BK","82.6","E","47.0",",E","10",",E","8",",E","0",",E","","","0",",E","0",",E","0",",E","29",",E","0",",E","19300715",",,E","","","19300714",",,E","19300706",",,E","6.6",",E,15,","","","25.1",",,E,14,","31.3",",E,06,","17.6","E","17.6",",E","80.4",",,,E","19.28",",E","26.63",",,,E","11.93",",,,E"
"BKM00014654","1930-08","43.8678","18.4228","630.0","SARAJEVO, BK","125.0","E","42.4",",E","7",",E","4",",E","0",",E","","","0",",E","0",",E","0",",E","27",",E","0",",E","19300817",",,E","","","19300814",",,E","19300807",",,E","6.0",",E,17,","","","14.7",",,E,14,","31.5",",E,07,","54.4","E","36.8",",E","51.4",",,,E","18.52",",E","26.16",",,,E","10.87",",,,E"
"BKM00014654","1930-09","43.8678","18.4228","630.0","SARAJEVO, BK","151.0","E","26.0",",E","7",",E","4",",E","0",",E","","","0",",E","0",",E","0",",E","24",",E","0",",E","19300918",",,E","","","19300922",",,E","19300913",",,E","6.3",",E,18,","","","16.1",",,E,22,","30.9",",E,13,","108.5","E","54.1",",E","45.7",",,,E","17.40",",E","24.29",",,,E","10.50",",,,E"
"BKM00014654","1930-10","43.8678","18.4228","630.0","SARAJEVO, BK","151.0","E","0.0",",E","11",",E","8",",E","0",",E","","","0",",E","2",",E","0",",E","4",",E","0",",E","19301004",",,E","","","19301021",",,E","19301010",",,E","-2.0",",E,04,","","","23.3",",,E,21,","25.0",",E,10,","335.7","E","227.2",",E","86.3",",,,E","11.00",",E","16.46",",,,E","5.55",",,,E"
"BKM00014654","1930-11","43.8678","18.4228","630.0","SARAJEVO, BK","151.0","E","0.0",",E","8",",E","2",",E","0",",E","","","0",",E","7",",E","0",",E","0",",E","0",",E","19301114",",,E","","","19301104",",,E","19301103",",,E","-5.3",",E,14,","","","17.3",",,E,04,","19.5",",E,03,","643.2","E","307.5",",E","27.5",",,,E","8.08",",E","13.20",",,,E","2.97",",,,E"
"BKM00014654","1930-12","43.8678","18.4228","630.0","SARAJEVO, BK","151.0","E","0.0",",E","13",",E","10",",E","0",",E","","","0",",E","25",",E","9",",E","0",",E","0",",E","19301220",",,E","","","19301219",",,E","19301201",",,E","-4.5",",E,20,","","","11.8",",,E,19,","11.8",",E,01,","1188.2","E","545.0",",E","74.8",",,,E","0.75",",E","2.85",",,,E","-1.35",",,,E"
"BKM00014654","1931-01","43.8678","18.4228","630.0","SARAJEVO, BK","0.0","E","0.0","2,E","19",",E","10",",E","0",",E","","","0","1,E","25","1,E","8","1,E","0","1,E","0","1,E","19310129",",1,E","","","19310125",",,E","19310105",",1,E","-10.6","1,E,29,","","","20.6",",,E,25,","13.9","1,E,05,","1708.9","E","520.7","1,E","80.8",",,,E","0.45","2,E","4.05","1,,,E","-3.16","1,,,E"
"BKM00014654","1931-02","43.8678","18.4228","630.0","SARAJEVO, BK","0.0","E","0.0",",E","13",",E","5",",E","0",",E","","","0",",E","21",",E","4",",E","0",",E","0",",E","19310211",",,E","","","19310223",",,E","19310220",",,E","-10.0",",E,11,","","","18.5",",,E,23,","13.8",",E,20,","2180.0","E","471.1",",E","54.5",",,,E","1.51",",E","4.64",",,,E","-1.63",",,,E"
"BKM00014654","1931-03","43.8678","18.4228","630.0","SARAJEVO, BK","0.0","E","0.0",",E","21",",E","10",",E","1",",E","","","0",",E","19",",E","1",",E","0",",E","0",",E","19310328",",,E","","","19310311",",,E","19310308",",,E","-9.2",",E,28,","","","26.9",",,E,11,","16.0",",E,08,","2623.2","E","443.2",",E","97.4",",,,E","4.04",",E","8.93",",,,E","-0.86",",,,E"
"BKM00014654","1931-04","43.8678","18.4228","630.0","SARAJEVO, BK","0.0","E","0.0",",E","14",",E","6",",E","0",",E","","","0",",E","6",",E","0",",E","1",",E","0",",E","19310401",",,E","","","19310428",",,E","19310427",",,E","-6.4",",E,01,","","","19.0",",,E,28,","21.2",",E,27,","2915.0","E","291.8",",E","68.6",",,,E","8.61",",E","14.39",",,,E","2.83",",,,E"
"BKM00014654","1931-05","43.8678","18.4228","630.0","SARAJEVO, BK","5.0","E","5.0",",E","13",",E","5",",E","0",",E","","","0",",E","0",",E","0",",E","21",",E","0",",E","19310502",",,E","","","19310529",",,E","19310518",",,E","1.5",",E,02,","","","17.7",",,E,29,","28.5",",E,18,","2994.4","E","79.4",",E","67.1",",,,E","15.93",",E","22.85",",,,E","9.02",",,,E"
"BKM00014654","1931-06","43.8678","18.4228","630.0","SARAJEVO, BK","81.3","E","76.3",",E","6",",E","2",",E","0",",E","","","0",",E","0",",E","0",",E","28",",E","5",",E","19310628",",,E","","","19310603",",,E","19310624",",,E","6.8",",E,28,","","","9.9",",,E,03,","35.3",",E,24,","3011.0","E","16.6",",E","19.3",",,,E","20.33",",E","27.92",",,,E","12.73",",,,E"
"BKM00014654","1931-07","43.8678","18.4228","630.0","SARAJEVO, BK","199.1","E","117.8",",E","5",",E","5",",E","0",",E","","","0",",E","0",",E","0",",E","28",",E","12",",E","19310724",",,E","","","19310729",",,E","19310715",",,E","7.2",",E,24,","","","21.9",",,E,29,","36.9",",E,15,","19.2","E","19.2",",E","64.5",",,,E","21.51",",E","29.71",",,,E","13.31",",,,E"
"BKM00014654","1931-08","43.8678","18.4228","630.0","SARAJEVO, BK","303.8","E","104.7",",E","5",",E","2",",E","0",",E","","","0",",E","0",",E","0",",E","27",",E","11",",E","19310829",",,E","","","19310824",",,E","19310816",",,E","6.4",",E,29,","","","10.5",",,E,24,","36.2",",E,16,","38.0","E","18.8",",E","19.8",",,,E","21.10",",E","29.14",",,,E","13.07",",,,E"
"BKM00014654","1931-09","43.8678","18.4228","630.0","SARAJEVO, BK","313.4","E","9.6",",E","18",",E","12",",E","3",",E","","","0",",E","6",",E","0",",E","8",",E","0",",E","19310928",",,E","","","19310914",",,E","19310904",",,E","-2.2",",E,28,","","","86.8",",,E,14,","29.6",",E,04,","258.5","E","220.5",",E","241.6",",,,E","11.30",",E","16.29",",,,E","6.31",",,,E"
"BKM00014654","1931-10","43.8678","18.4228","630.0","SARAJEVO, BK","315.0","E","1.6",",E","14",",E","10",",E","3",",E","","","0",",E","4",",E","0",",E","7",",E","0",",E","19311031",",,E","","","19311016",",,E","19311007",",,E","-0.4",",E,31,","","","42.2",",,E,16,","23.6",",E,07,","535.2","E","276.7",",E","166.8",",,,E","9.46",",E","14.76",",,,E","4.15",",,,E"
"BKM00014654","1931-11","43.8678","18.4228","630.0","SARAJEVO, BK","315.0","E","0.0",",E","9",",E","4",",E","0",",E","","","0",",E","14",",E","0",",E","0",",E","0",",E","19311130",",,E","","","19311118",",,E","19311113",",,E","-5.5",",E,30,","","","16.5",",,E,18,","19.1",",E,13,","903.8","E","368.6",",E","41.3",",,,E","6.05",",E","10.11",",,,E","1.99",",,,E"
"BKM00014654","1931-12","43.8678","18.4228","630.0","SARAJEVO, BK","315.0","E","0.0",",E","13",",E","4",",E","1",",E","","","0",",E","26",",E","17",",E","0",",E","0",",E","19311224",",,E","","","19311231",",,E","19311207",",,E","-15.1",",E,24,","","","32.6",",,E,31,","14.5",",E,07,","1542.8","E","639.0",",E","63.7",",,,E","-2.28",",E","1.39",",,,E","-5.95",",,,E"
"BKM00014654","1932-01","43.8678","18.4228","630.0","SARAJEVO, BK","0.0","E","0.0",",E","6",",E","3",",E","0",",E","","","1",",E","29",",E","18",",E","0",",E","0",",E","19320103",",,E","","","19320109",",,E","19320109",",,E","-19.4",",E,03,","","","14.5",",,E,09,","12.0",",E,09,","2216.2","E","673.4",",E","33.9",",,,E","-3.39",",E","0.21",",,,E","-6.99",",,,E"
"BKM00014654","1932-02","43.8678","18.4228","630.0","SARAJEVO, BK","0.0","E","0.0",",E","8",",E","3",",E","0",",E","","","5",",E","29",",E","20",",E","0",",E","0",",E","19320214",",,E","","","19320210",",,E","19320208",",,E","-23.4",",E,14,","","","24.2",",,E,10,","6.9",",E,08,","2934.8","E","718.6",",E","49.7",",,,E","-6.45",",E","-1.27",",,,E","-11.63",",,,E"
"BKM00014654","1932-03","43.8678","18.4228","630.0","SARAJEVO, BK","0.0","E","0.0",",E","18",",E","12",",E","0",",E","","","0",",E","26",",E","5",",E","0",",E","0",",E","19320301",",,E","","","19320319",",,E","19320331",",,E","-15.9",",E,01,","","","23.2",",,E,19,","15.1",",E,31,","3488.0","E","553.2",",E","108.2",",,,E","0.49",",E","4.80",",,,E","-3.83",",,,E"
"BKM00014654","1932-04","43.8678","18.4228","630.0","SARAJEVO, BK","0.0","E","0.0",",E","16",",E","11",",E","1",",E","","","0",",E","5",",E","0",",E","2",",E","0",",E","19320410",",,E","","","19320414",",,E","19320405",",,E","-4.1",",E,10,","","","27.5",",,E,14,","22.9",",E,05,","3772.6","E","284.6",",E","112.7",",,,E","8.85",",E","13.76",",,,E","3.93",",,,E"
"BKM00014654","1932-05","43.8678","18.4228","630.0","SARAJEVO, BK","7.2","E","7.2",",E","12",",E","3",",E","0",",E","","","0",",E","0",",E","0",",E","20",",E","0",",E","19320512",",,E","","","19320517",",,E","19320521",",,E","0.2",",E,12,","","","12.0",",,E,17,","27.4",",E,21,","3870.0","E","97.4",",E","36.0",",,,E","15.42",",E","21.62",",,,E","9.23",",,,E"
"BKM00014654","1932-06","43.8678","18.4228","630.0","SARAJEVO, BK","25.1","E","17.9",",E","11",",E","6",",E","0",",E","","","0",",E","0",",E","0",",E","22",",E","0",",E","19320611",",,E","","","19320624",",,E","19320621",",,E","4.9",",E,11,","","","19.2",",,E,24,","30.1",",E,21,","3935.9","E","65.9",",E","72.9",",,,E","16.73",",E","23.42",",,,E","10.04",",,,E"
"BKM00014654","1932-07","43.8678","18.4228","630.0","SARAJEVO, BK","97.2","E","72.1",",E","10",",E","6",",E","0",",E","","","0",",E","0",",E","0",",E","31",",E","0",",E","19320730",",,E","","","19320709",",,E","19320708",",,E","10.1",",E,30,","","","15.0",",,E,09,","31.1",",E,08,","1.5","E","1.5",",E","71.4",",,,E","20.61",",E","27.94",",,,E","13.28",",,,E"
"BKM00014654","1932-08","43.8678","18.4228","630.0","SARAJEVO, BK","174.6","E","77.4",",E","9",",E","5",",E","0",",E","","","0",",E","0",",E","0",",E","29",",E","4",",E","19320806",",,E","","","19320817",",,E","19320815",",,E","8.7",",E,06,","","","18.3",",,E,17,","33.1",",E,15,","15.4","E","13.9",",E","60.0",",,,E","20.38",",E","28.10",",,,E","12.66",",,,E"
"BKM00014654","1932-09","43.8678","18.4228","630.0","SARAJEVO, BK","233.0","E","58.4",",E","5",",E","4",",E","0",",E","","","0",",E","0",",E","0",",E","28",",E","1",",E","19320917",",,E","","","19320902",",,E","19320912",",,E","4.2",",E,17,","","","11.1",",,E,02,","32.8",",E,12,","30.9","E","15.5",",E","37.4",",,,E","19.76",",E","26.85",",,,E","12.68",",,,E"
"BKM00014654","1932-10","43.8678","18.4228","630.0","SARAJEVO, BK","245.6","E","12.6",",E","16",",E","12",",E","2",",E","","","0",",E","1",",E","0",",E","9",",E","1",",E","19321021",",,E","","","19321006",",,E","19321002",",,E","-1.2",",E,21,","","","30.7",",,E,06,","32.2",",E,02,","184.2","E","153.3",",E","158.7",",,,E","13.79",",E","18.86",",,,E","8.72",",,,E"
"BKM00014654","1932-11","43.8678","18.4228","630.0","SARAJEVO, BK","245.6","E","0.0","2,E","9",",E","4",",E","0",",E","","","0","1,E","10","1,E","0","1,E","0","1,E","0","1,E","19321119",",1,E","","","19321123",",,E","19321129",",1,E","-3.5","1,E,19,","","","17.2",",,E,23,","17.3","1,E,29,","530.8","E","346.6","1,E","41.4",",,,E","6.01","2,E","9.84","1,,,E","2.18","1,,,E"
"BKM00014654","1932-12","43.8678","18.4228","630.0","SARAJEVO, BK","245.6","E","0.0",",E","9",",E","5",",E","0",",E","","","0",",E","19",",E","11",",E","0",",E","0",",E","19321229",",,E","","","19321204",",,E","19321201",",,E","-6.4",",E,29,","","","8.5",",,E,04,","16.9",",E,01,","1058.0","E","527.2",",E","33.4",",,,E","1.33",",E","3.17",",,,E","-0.52",",,,E"
"BKM00014654","1933-01","43.8678","18.4228","630.0","SARAJEVO, BK","0.0","E","0.0",",E","16",",E","6",",E","0",",E","","","0",",E","28",",E","17",",E","0",",E","0",",E","19330124",",,E","","","19330108",",,E","19330131",",,E","-11.6",",E,24,","","","9.8",",,E,08,","8.7",",E,31,","1716.0","E","658.0",",E","43.2",",,,E","-2.89",",E","-0.28",",,,E","-5.51",",,,E"
"BKM00014654","1933-02","43.8678","18.4228","630.0","SARAJEVO, BK","0.0","E","0.0",",E","12",",E","8",",E","0",",E","","","0",",E","22",",E","6",",E","0",",E","0",",E","19330214",",,E","","","19330212",",,E","19330210",",,E","-15.6",",E,14,","","","13.2",",,E,12,","13.3",",E,10,","2232.4","E","516.4",",E","67.4",",,,E","-0.11",",E","4.61",",,,E","-4.83",",,,E"
"BKM00014654","1933-03","43.8678","18.4228","630.0","SARAJEVO, BK","0.0","E","0.0",",E","6",",E","3",",E","0",",E","","","0",",E","19",",E","2",",E","1",",E","0",",E","19330302",",,E","","","19330321",",,E","19330331",",,E","-6.3",",E,02,","","","17.2",",,E,21,","21.4",",E,31,","2642.0","E","409.6",",E","33.6",",,,E","5.12",",E","10.05",",,,E","0.19",",,,E"
"BKM00014654","1933-04","43.8678","18.4228","630.0","SARAJEVO, BK","0.0","E","0.0",",E","13",",E","10",",E","0",",E","","","0",",E","3",",E","0",",E","3",",E","0",",E","19330410",",,E","","","19330421",",,E","19330418",",,E","-3.1",",E,10,","","","17.2",",,E,21,","22.7",",E,18,","2952.5","E","310.5",",E","72.6",",,,E","7.98",",E","12.87",",,,E","3.09",",,,E"
"BKM00014654","1933-05","43.8678","18.4228","630.0","SARAJEVO, BK","2.2","E","2.2",",E","26",",E","15",",E","1",",E","","","0",",E","1",",E","0",",E","12",",E","0",",E","19330516",",,E","","","19330515",",,E","19330502",",,E","0.0",",E,16,","","","31.3",",,E,15,","27.4",",E,02,","3108.1","E","155.6",",E","160.4",",,,E","13.39",",E","19.28",",,,E","7.50",",,,E"
"BKM00014654","1933-06","43.8678","18.4228","630.0","SARAJEVO, BK","6.0","E","3.8",",E","13",",E","7",",E","0",",E","","","0",",E","0",",E","0",",E","21",",E","0",",E","19330610","+,,E","","","19330623",",,E","19330622",",,E","5.0",",E,10,+","","","23.5",",,E,23,","28.6",",E,22,","3189.7","E","81.6",",E","78.4",",,,E","15.74",",E","22.25",",,,E","9.23",",,,E"
"BKM00014654","1933-07","43.8678","18.4228","630.0","SARAJEVO, BK","58.6","E","52.6",",E","9",",E","7",",E","1",",E","","","0",",E","0",",E","0",",E","24",",E","4",",E","19330707",",,E","","","19330723",",,E","19330716",",,E","5.5",",E,07,","","","26.5",",,E,23,","34.1",",E,16,","41.5","E","41.5",",E","75.8",",,,E","18.69",",E","25.93",",,,E","11.45",",,,E"
"BKM00014654","1933-08","43.8678","18.4228","630.0","SARAJEVO, BK","106.4","E","47.8",",E","9",",E","5",",E","0",",E","","","0",",E","0",",E","0",",E","23",",E","5",",E","19330831",",,E","","","19330805",",,E","19330821",",,E","5.6",",E,31,","","","21.2",",,E,05,","33.1",",E,21,","99.6","E","58.1",",E","44.8",",,,E","18.00",",E","24.95",",,,E","11.05",",,,E"
"BKM00014654","1933-09","43.8678","18.4228","630.0","SARAJEVO, BK","110.0","E","3.6",",E","9",",E","4",",E","0",",E","","","0",",E","0",",E","0",",E","20",",E","0",",E","19330915",",,E","","","19330914",",,E","19330914",",,E","3.8",",E,15,","","","13.4",",,E,14,","27.5",",E,14,","198.9","E","99.3",",E","31.7",",,,E","15.14",",E","22.11",",,,E","8.18",",,,E"
"BKM00014654","1933-10","43.8678","18.4228","630.0","SARAJEVO, BK","110.0","E","0.0",",E","13",",E","8",",E","0",",E","","","0",",E","2",",E","0",",E","10",",E","0",",E","19331016",",,E","","","19331018",",,E","19331001",",,E","-1.0",",E,16,","","","22.3",",,E,18,","26.5",",E,01,","396.3","E","197.4",",E","116.1",",,,E","11.97",",E","18.10",",,,E","5.83",",,,E"
"BKM00014654","1933-11","43.8678","18.4228","630.0","SARAJEVO, BK","110.0","E","0.0",",E","19",",E","13",",E","0",",E","","","0",",E","9",",E","0",",E","1",",E","0",",E","19331120",",,E","","","19331112",",,E","19331104",",,E","-2.8",",E,20,","","","19.3",",,E,12,","22.2",",E,04,","715.9","E","319.6",",E","141.5",",,,E","7.68",",E","12.56",",,,E","2.79",",,,E"
"BKM00014654","1933-12","43.8678","18.4228","630.0","SARAJEVO, BK","110.0","E","0.0",",E","21",",E","13",",E","2",",E","","","0",",E","26",",E","14",",E","0",",E","0",",E","19331219",",,E","","","19331215",",,E","19331230",",,E","-11.8",",E,19,","","","27.6",",,E,15,","13.5",",E,30,","1345.8","E","629.9",",E","135.8",",,,E","-1.99",",E","1.66",",,,E","-5.63",",,,E"
"BKM00014654","1934-01","43.8678","18.4228","630.0","SARAJEVO, BK","0.0","E","0.0",",E","13",",E","6",",E","0",",E","","","0",",E","30",",E","9",",E","0",",E","0",",E","19340111",",,E","","","19340116",",,E","19340115",",,E","-12.0",",E,11,","","","12.8",",,E,16,","9.8",",E,15,","1973.5","E","627.7",",E","50.4",",,,E","-1.92",",E","1.79",",,,E","-5.63",",,,E"
"BKM00014654","1934-02","43.8678","18.4228","630.0","SARAJEVO, BK","0.0","E","0.0",",E","6",",E","3",",E","0",",E","","","0",",E","25",",E","5",",E","0",",E","0",",E","19340207",",,E","","","19340212",",,E","19340228",",,E","-14.0",",E,07,","","","7.3",",,E,12,","16.5",",E,28,","2484.2","E","510.7",",E","19.3",",,,E","0.09",",E","5.21",",,,E","-5.03",",,,E"
"BKM00014654","1934-03","43.8678","18.4228","630.0","SARAJEVO, BK","0.0","E","0.0",",E","10",",E","6",",E","0",",E","","","0",",E","10",",E","0",",E","2",",E","0",",E","19340306",",,E","","","19340330",",,E","19340325",",,E","-4.8",",E,06,","","","16.4",",,E,30,","23.6",",E,25,","2765.4","E","281.2",",E","63.9",",,,E","9.26",",E","14.82",",,,E","3.70",",,,E"
"BKM00014654","1934-04","43.8678","18.4228","630.0","SARAJEVO, BK","14.0","E","14.0",",E","8",",E","2",",E","0",",E","","","0",",E","2",",E","0",",E","20",",E","0",",E","19340403",",,E","","","19340401",",,E","19340419",",,E","-0.2",",E,03,","","","5.8",",,E,01,","30.0",",E,19,","2882.7","E","117.3",",E","17.6",",,,E","14.89",",E","22.10",",,,E","7.67",",,,E"
"BKM00014654","1934-05","43.8678","18.4228","630.0","SARAJEVO, BK","20.9","E","6.9",",E","17",",E","11",",E","1",",E","","","0",",E","0",",E","0",",E","26",",E","0",",E","19340528",",,E","","","19340517",",,E","19340502",",,E","2.0",",E,28,","","","26.8",",,E,17,","30.5",",E,02,","2943.4","E","60.7",",E","117.8",",,,E","16.60",",E","23.92",",,,E","9.27",",,,E"
"BKM00014654","1934-06","43.8678","18.4228","630.0","SARAJEVO, BK","48.2","E","27.3",",E","17",",E","11",",E","1",",E","","","0",",E","0",",E","0",",E","22",",E","1",",E","19340622",",,E","","","19340621",",,E","19340626",",,E","6.6",",E,22,","","","61.4",",,E,21,","32.2",",E,26,","2987.3","E","43.9",",E","156.4",",,,E","17.78",",E","24.33",",,,E","11.22",",,,E"
"BKM00014654","1934-07","43.8678","18.4228","630.0","SARAJEVO, BK","109.4","E","61.2","2,E","10",",E","9",",E","0",",E","","","0","1,E","0","1,E","0","1,E","27","1,E","2","1,E","19340704",",1,E","","","19340725",",,E","19340722",",1,E","7.6","1,E,04,","","","19.4",",,E,25,","33.5","1,E,22,","17.4","E","17.4","1,E","94.4",",,,E","19.85","2,E","26.71","1,,,E","12.99","1,,,E"
"BKM00014654","1934-08","43.8678","18.4228","630.0","SARAJEVO, BK","195.3","E","85.9",",E","8",",E","6",",E","1",",E","","","0",",E","0",",E","0",",E","31",",E","2",",E","19340817",",,E","","","19340814",",,E","19340804",",,E","9.0",",E,17,","","","27.8",",,E,14,","34.2",",E,04,","25.5","E","8.1",",E","83.7",",,,E","20.84",",E","28.31",",,,E","13.37",",,,E"
"BKM00014654","1934-09","43.8678","18.4228","630.0","SARAJEVO, BK","196.7","E","1.4",",E","12",",E","7",",E","0",",E","","","0",",E","0",",E","0",",E","22",",E","0",",E","19340916",",,E","","","19340904",",,E","19340901",",,E","7.3",",E,16,","","","24.3",",,E,04,","26.7",",E,01,","87.0","E","61.5",",E","81.5",",,,E","16.33",",E","22.45",",,,E","10.21",",,,E"
"BKM00014654","1934-10","43.8678","18.4228","630.0","SARAJEVO, BK","199.4","E","2.7",",E","11",",E","8",",E","1",",E","","","0",",E","7",",E","0",",E","6",",E","0",",E","19341020",",,E","","","19341016",",,E","19341004",",,E","-3.1",",E,20,","","","33.3",",,E,16,","27.6",",E,04,","334.7","E","247.7",",E","96.4",",,,E","10.43",",E","16.50",",,,E","4.35",",,,E"
"BKM00014654","1934-11","43.8678","18.4228","630.0","SARAJEVO, BK","199.4","E","0.0","2,E","15",",E","8",",E","1",",E","","","0","1,E","9","1,E","1","1,E","0","1,E","0","1,E","19341129",",1,E","","","19341112",",,E","19341106",",1,E","-3.6","1,E,29,","","","37.1",",,E,12,","21.0","1,E,06,","639.4","E","304.7","1,E","109.9",",,,E","7.58","2,E","11.26","1,,,E","3.90","1,,,E"
"BKM00014654","1934-12","43.8678","18.4228","630.0","SARAJEVO, BK","199.4","E","0.0",",E","10",",E","4",",E","0",",E","","","0",",E","16",",E","0",",E","0",",E","0",",E","19341229","+,,E","","","19341223",",,E","19341211",",,E","-4.4",",E,29,+","","","7.6",",,E,23,","14.4",",E,11,","1091.8","E","452.4",",E","32.5",",,,E","3.74",",E","6.68",",,,E","0.80",",,,E"
"BKM00014654","1935-01","43.8678","18.4228","630.0","SARAJEVO, BK","0.0","E","0.0","2,E","17",",E","9",",E","0",",E","","","0","1,E","29","1,E","22","1,E","0","1,E","0","1,E","19350120",",1,E","","","19350108",",,E","19350127",",1,E","-16.8","1,E,20,","","","13.8",",,E,08,","9.1","1,E,27,","1813.3","E","721.5","1,E","67.1",",,,E","-6.40","2,E","-2.77","1,,,E","-10.03","1,,,E"
"BKM00014654","1935-02","43.8678","18.4228","630.0","SARAJEVO, BK","0.0","E","0.0","1,E","13",",E","10",",E","1",",E","","","2","1,E","24","1,E","7","1,E","0","1,E","0","1,E","19350214",",1,E","","","19350226",",,E","19350222",",1,E","-20.7","1,E,14,","","","41.1",",,E,26,","12.6","1,E,22,","2334.9","E","521.6","1,E","128.5",",,,E","-0.99","1,E","4.32","1,,,E","-6.29","1,,,E"
"BKM00014654","1935-03","43.8678","18.4228","630.0","SARAJEVO, BK","","","","","12",",E","9",",E","0",",E","","","0",",E","20",",E","","","","","","","19350309",",,E","","","19350308",",,E","","","-13.0",",E,09,","","","9.2",",,E,08,","","","","","","","53.8",",,,E","","","","","-2.29",",,,E"
"BKM00014654","1935-04","43.8678","18.4228","630.0","SARAJEVO, BK","","","0.0",",E","11",",E","5",",E","1",",E","","","0",",E","2",",E","0",",E","5",",E","0",",E","19350401",",,E","","","19350430",",,E","19350411",",,E","-5.1",",E,01,","","","34.8",",,E,30,","24.8",",E,11,","","","252.2",",E","65.5",",,,E","9.93",",E","15.80",",,,E","4.06",",,,E"
"BKM00014654","1935-05","43.8678","18.4228","630.0","SARAJEVO, BK","","","4.6",",E","10",",E","3",",E","0",",E","","","0",",E","2",",E","0",",E","16",",E","0",",E","19350503","+,,E","","","19350513",",,E","19350528",",,E","-2.3",",E,03,+","","","23.8",",,E,13,","27.6",",E,28,","","","147.6",",E","54.2",",,,E","13.72",",E","19.59",",,,E","7.85",",,,E"
"BKM00014654","1935-06","43.8678","18.4228","630.0","SARAJEVO, BK","","","","","9",",E","5",",E","0",",E","","","0",",E","0",",E","","","","","","","19350603",",,E","","","19350622",",,E","","","8.5",",E,03,","","","13.8",",,E,22,","","","","","","","47.8",",,,E","","","","","12.87",",,,E"
"BKM00014654","1935-07","43.8678","18.4228","630.0","SARAJEVO, BK","","","","","5",",E","3",",E","0",",E","","","","","","","","","","","","","","","","","19350731",",,E","","","","","","","17.5",",,E,31,","","","","","","","25.7",",,,E","","","","","",""
"BKM00014654","1935-08","43.8678","18.4228","630.0","SARAJEVO, BK","","","36.5",",E","6",",E","4",",E","1",",E","","","0",",E","0",",E","0",",E","26",",E","1",",E","19350824",",,E","","","19350820",",,E","19350813",",,E","4.6",",E,24,","","","26.7",",,E,20,","33.2",",E,13,","","","36.5",",E","68.9",",,,E","18.33",",E","26.03",",,,E","10.64",",,,E"
"BKM00014654","1935-09","43.8678","18.4228","630.0","SARAJEVO, BK","","","5.3",",E","5",",E","3",",E","0",",E","","","0",",E","0",",E","0",",E","20",",E","0",",E","19350921",",,E","","","19350918",",,E","19350903",",,E","0.5",",E,21,","","","17.6",",,E,18,","28.5",",E,03,","","","112.0",",E","39.2",",,,E","14.78",",E","22.42",",,,E","7.14",",,,E"
"BKM00014654","1935-10","43.8678","18.4228","630.0","SARAJEVO, BK","","","6.4",",E","8",",E","7",",E","2",",E","","","0",",E","0",",E","0",",E","18",",E","0",",E","19351028",",,E","","","19351023",",,E","19351006",",,E","0.9",",E,28,","","","37.3",",,E,23,","27.2",",E,06,","","","132.2",",E","110.9",",,,E","14.28",",E","19.69",",,,E","8.86",",,,E"
"BKM00014654","1935-11","43.8678","18.4228","630.0","SARAJEVO, BK","","","0.0",",E","10",",E","4",",E","0",",E","","","0",",E","6",",E","0",",E","0",",E","0",",E","19351129",",,E","","","19351124",",,E","19351111",",,E","-4.8",",E,29,","","","9.7",",,E,24,","18.8",",E,11,","","","346.9",",E","34.6",",,,E","6.77",",E","11.22",",,,E","2.32",",,,E"
"BKM00014654","1935-12","43.8678","18.4228","630.0","SARAJEVO, BK","","","0.0","4,E","16",",E","8",",E","2",",E","","","0","2,E","19","2,E","4","2,E","0","2,E","0","2,E","19351223",",2,E","","","19351221",",,E","19351227",",2,E","-12.9","2,E,23,","","","32.1",",,E,21,","13.7","2,E,27,","","","417.6","2,E","115.8",",,,E","2.76","4,E","6.28","2,,,E","-0.76","2,,,E"
"BKM00014654","1936-01","43.8678","18.4228","630.0","SARAJEVO, BK","0.0","E","0.0",",E","10",",E","6",",E","0",",E","","","0",",E","9",",E","0",",E","0",",E","0",",E","19360124",",,E","","","19360119",",,E","19360127",",,E","-3.7",",E,24,","","","14.2",",,E,19,","15.8",",E,27,","","","394.9",",E","48.9",",,,E","5.60",",E","9.68",",,,E","1.51",",,,E"
"BKM00014654","1936-02","43.8678","18.4228","630.0","SARAJEVO, BK","0.0","E","0.0",",E","15",",E","13",",E","1",",E","","","2",",E","14",",E","8",",E","0",",E","0",",E","19360212",",,E","","","19360205",",,E","19360228",",,E","-21.5",",E,12,","","","32.4",",,E,05,","18.0",",E,28,","","","494.7",",E","156.3",",,,E","1.27",",E","5.64",",,,E","-3.09",",,,E"
"BKM00014654","1936-03","43.8678","18.4228","630.0","SARAJEVO, BK","0.0","E","0.0",",E","9",",E","4",",E","0",",E","","","0",",E","8",",E","0",",E","0",",E","0",",E","19360316",",,E","","","19360301",",,E","19360326",",,E","-2.0",",E,16,","","","19.2",",,E,01,","20.7",",E,26,","","","322.0",",E","46.4",",,,E","7.95",",E","13.01",",,,E","2.88",",,,E"
"BKM00014654","1936-04","43.8678","18.4228","630.0","SARAJEVO, BK","0.0","E","0.0",",E","16",",E","6",",E","0",",E","","","0",",E","0",",E","0",",E","4",",E","0",",E","19360420",",,E","","","19360405",",,E","19360429",",,E","0.3",",E,20,","","","9.5",",,E,05,","22.8",",E,29,","","","198.4",",E","50.0",",,,E","11.72",",E","17.19",",,,E","6.25",",,,E"
"BKM00014654","1936-05","43.8678","18.4228","630.0","SARAJEVO, BK","0.0","E","0.0",",E","22",",E","8",",E","0",",E","","","0",",E","0",",E","0",",E","14",",E","0",",E","19360524",",,E","","","19360517",",,E","19360530",",,E","6.5",",E,24,","","","15.1",",,E,17,","24.9",",E,30,","","","111.0",",E","81.3",",,,E","14.75",",E","20.36",",,,E","9.15",",,,E"
"BKM00014654","1936-06","43.8678","18.4228","630.0","SARAJEVO, BK","12.5","E","12.5",",E","20",",E","9",",E","0",",E","","","0",",E","0",",E","0",",E","19",",E","0",",E","19360607",",,E","","","19360627",",,E","19360622",",,E","5.3",",E,07,","","","16.0",",,E,27,","28.1",",E,22,","","","66.1",",E","100.8",",,,E","16.55",",E","22.44",",,,E","10.65",",,,E"
"BKM00014654","1936-07","43.8678","18.4228","630.0","SARAJEVO, BK","126.1","E","113.6",",E","8",",E","4",",E","0",",E","","","0",",E","0",",E","0",",E","26",",E","6",",E","19360714",",,E","","","19360723",",,E","19360729",",,E","10.2",",E,14,","","","16.0",",,E,23,","36.0",",E,29,","11.7","E","11.7",",E","43.9",",,,E","21.62",",E","28.26",",,,E","14.98",",,,E"
"BKM00014654","1936-08","43.8678","18.4228","630.0","SARAJEVO, BK","153.8","E","27.7",",E","8",",E","5",",E","0",",E","","","0",",E","0",",E","0",",E","26",",E","0",",E","19360829",",,E","","","19360803",",,E","19360809",",,E","6.0",",E,29,","","","16.3",",,E,03,","32.0",",E,09,","46.8","E","35.1",",E","67.4",",,,E","18.09",",E","25.03",",,,E","11.15",",,,E"
"BKM00014654","1936-09","43.8678","18.4228","630.0","SARAJEVO, BK","185.4","E","31.6",",E","6",",E","6",",E","1",",E","","","0",",E","2",",E","0",",E","18",",E","0",",E","19360930",",,E","","","19360930",",,E","19360904",",,E","-0.2",",E,30,","","","57.2",",,E,30,","31.1",",E,04,","149.8","E","103.0",",E","126.4",",,,E","15.95",",E","22.68",",,,E","9.23",",,,E"
"BKM00014654","1936-10","43.8678","18.4228","630.0","SARAJEVO, BK","185.4","E","0.0",",E","12",",E","8",",E","2",",E","","","0",",E","8",",E","0",",E","0",",E","0",",E","19361002",",,E","","","19361008",",,E","19361018",",,E","-2.6",",E,02,","","","49.4",",,E,08,","20.9",",E,18,","520.9","E","371.1",",E","175.9",",,,E","6.36",",E","10.94",",,,E","1.79",",,,E"
"BKM00014654","1936-11","43.8678","18.4228","630.0","SARAJEVO, BK","185.4","E","0.0",",E","11",",E","5",",E","0",",E","","","0",",E","9",",E","5",",E","0",",E","0",",E","19361126",",,E","","","19361111",",,E","19361108",",,E","-7.0",",E,26,","","","14.5",",,E,11,","17.9",",E,08,","946.8","E","425.9",",E","49.7",",,,E","4.14",",E","7.26",",,,E","1.01",",,,E"
"BKM00014654","1936-12","43.8678","18.4228","630.0","SARAJEVO, BK","185.4","E","0.0",",E","12",",E","7",",E","0",",E","","","0",",E","22",",E","6",",E","0",",E","0",",E","19361228",",,E","","","19361204",",,E","19361215",",,E","-11.5",",E,28,","","","10.1",",,E,04,","10.3",",E,15,","1530.4","E","583.6",",E","44.1",",,,E","-0.49",",E","2.64",",,,E","-3.63",",,,E"
"BKM00014654","1937-01","43.8678","18.4228","630.0","SARAJEVO, BK","0.0","E","0.0",",E","16",",E","11",",E","0",",E","","","0",",E","26",",E","13",",E","0",",E","0",",E","19370115",",,E","","","19370124","+,,E","19370128",",,E","-14.6",",E,15,","","","8.8",",,E,24,+","11.8",",E,28,","2112.3","E","581.9",",E","69.1",",,,E","-0.44",",E","2.80",",,,E","-3.68",",,,E"
"BKM00014654","1937-02","43.8678","18.4228","630.0","SARAJEVO, BK","","","","","14",",E","7",",E","0",",E","","","0",",","16",",E","","","","","","","19370213",",,E","","","19370223",",,E","","","-7.4",",E,13,","","","20.5",",,E,23,","","","","","","","63.0",",,,E","","","","","-0.66",",,,E"
"BKM00014654","1937-03","43.8678","18.4228","630.0","SARAJEVO, BK","","","0.0",",E","18",",E","9",",E","1",",E","","","0",",E","2",",E","0",",E","2",",E","0",",E","19370317","+,,E","","","19370301",",,E","19370320",",,E","-1.0",",E,17,+","","","27.0",",,E,01,","22.8",",E,20,","","","289.9",",E","94.8",",,,E","8.98",",E","13.13",",,,E","4.83",",,,E"
"BKM00014654","1937-04","43.8678","18.4228","630.0","SARAJEVO, BK","","","0.0",",E","20",",E","9",",E","1",",E","","","0",",E","1",",E","0",",E","0",",E","0",",E","19370425",",,E","","","19370424",",,E","19370414",",,E","-0.2",",E,25,","","","35.1",",,E,24,","19.5",",E,14,","","","281.7",",E","149.5",",,,E","8.94",",E","13.26",",,,E","4.62",",,,E"
"BKM00014654","1937-05","43.8678","18.4228","630.0","SARAJEVO, BK","","","6.8",",E","13",",E","9",",E","0",",E","","","0",",E","0",",E","0",",E","20",",E","0",",E","19370501",",,E","","","19370526",",,E","19370520",",,E","4.2",",E,01,","","","11.0",",,E,26,","29.3",",E,20,","","","92.3",",E","53.7",",,,E","15.57",",E","21.55",",,,E","9.60",",,,E"
"BKM00014654","1937-06","43.8678","18.4228","630.0","SARAJEVO, BK","","","43.6",",E","11",",E","10",",E","0",",E","","","0",",E","0",",E","0",",E","28",",E","0",",E","19370601",",,E","","","19370613",",,E","19370607",",,E","9.0",",E,01,","","","21.2",",,E,13,","31.2",",E,07,","","","5.7",",E","105.2",",,,E","19.60",",E","25.99",",,,E","13.21",",,,E"
"BKM00014654","1937-07","43.8678","18.4228","630.0","SARAJEVO, BK","","","44.9",",E","10",",E","8",",E","0",",E","","","0",",E","0",",E","0",",E","26",",E","0",",E","19370712",",,E","","","19370718",",,E","19370725",",,E","6.2",",E,12,","","","17.9",",,E,18,","31.0",",E,25,","21.3","E","21.3",",E","85.9",",,,E","19.10",",E","25.13",",,,E","13.06",",,,E"
"BKM00014654","1937-08","43.8678","18.4228","630.0","SARAJEVO, BK","","","28.2",",E","14",",E","11",",E","1",",E","","","0",",E","0",",E","0",",E","22",",E","0",",E","19370818",",,E","","","19370816",",,E","19370815",",,E","6.9",",E,18,","","","26.9",",,E,16,","30.5",",E,15,","58.2","E","36.9",",E","143.8",",,,E","18.05",",E","23.65",",,,E","12.46",",,,E"
"BKM00014654","1937-09","43.8678","18.4228","630.0","SARAJEVO, BK","","","4.5",",E","15",",E","11",",E","2",",E","","","0",",E","0",",E","0",",E","17",",E","0",",E","19370914",",,E","","","19370912",",,E","19370919",",,E","6.6",",E,14,","","","34.7",",,E,12,","28.9",",E,19,","127.9","E","69.7",",E","154.3",",,,E","16.16",",E","21.76",",,,E","10.56",",,,E"
"BKM00014654","1937-10","43.8678","18.4228","630.0","SARAJEVO, BK","","","","","15",",E","8",",E","1",",E","","","0",",","1",",E","","","","","","","19371017",",,E","","","19371007",",,E","","","-0.2",",E,17,","","","37.3",",,E,07,","","","","","","","104.2",",,,E","","","","","5.87",",,,E"
"BKM00014654","1937-11","43.8678","18.4228","630.0","SARAJEVO, BK","","","","","20",",E","16",",E","1",",E","","","0",",","11",",E","","","","","","","19371129",",,E","","","19371111",",,E","","","-6.0",",E,29,","","","40.2",",,E,11,","","","","","","","172.8",",,,E","","","","","1.98",",,,E"
"BKM00014654","1937-12","43.8678","18.4228","630.0","SARAJEVO, BK","","","","","21",",E","11",",E","1",",E","","","0",",","17",",E","","","","","","","19371231",",,E","","","19371212",",,E","","","-13.5",",E,31,","","","26.8",",,E,12,","","","","","","","126.0",",,,E","","","","","-0.96",",,,E"
"BKM00014654","1938-01","43.8678","18.4228","630.0","SARAJEVO, BK","0.0","E","0.0",",E","13",",E","8",",E","0",",E","","","2",",E","26",",E","8",",E","0",",E","0",",E","19380107",",,E","","","19380129",",,E","19380114","+,,E","-19.0",",E,07,","","","21.2",",,E,29,","10.2",",E,14,+","","","626.7",",E","66.8",",,,E","-1.88",",E","1.94",",,,E","-5.70",",,,E"
"BKM00014654","1938-02","43.8678","18.4228","630.0","SARAJEVO, BK","0.0","E","0.0",",E","8",",E","4",",E","0",",E","","","0",",E","27",",E","5",",E","0",",E","0",",E","19380221",",,E","","","19380211",",,E","19380216",",,E","-10.8",",E,21,","","","16.2",",,E,11,","10.2",",E,16,","","","551.8",",E","43.4",",,,E","-1.38",",E","2.80",",,,E","-5.55",",,,E"
"BKM00014654","1938-03","43.8678","18.4228","630.0","SARAJEVO, BK","0.0","E","0.0",",E","9",",E","5",",E","0",",E","","","0",",E","18",",E","1",",E","0",",E","0",",E","19380314",",,E","","","19380302",",,E","19380321",",,E","-5.0",",E,14,","","","11.4",",,E,02,","20.1",",E,21,","","","396.9",",E","36.4",",,,E","5.53",",E","11.05",",,,E","0.00",",,,E"
"BKM00014654","1938-04","43.8678","18.4228","630.0","SARAJEVO, BK","0.0","E","0.0",",E","15",",E","8",",E","0",",E","","","0",",E","12",",E","0",",E","2",",E","0",",E","19380405",",,E","","","19380408",",,E","19380403",",,E","-4.1",",E,05,","","","11.3",",,E,08,","22.2",",E,03,","","","363.0",",E","56.0",",,,E","6.23",",E","11.36",",,,E","1.10",",,,E"
"BKM00014654","1938-05","43.8678","18.4228","630.0","SARAJEVO, BK","0.0","E","0.0",",E","16",",E","9",",E","1",",E","","","0",",E","0",",E","0",",E","11",",E","0",",E","19380506",",,E","","","19380525",",,E","19380516",",,E","0.2",",E,06,","","","53.8",",,E,25,","27.6",",E,16,","","","155.4",",E","126.1",",,,E","13.32",",E","19.11",",,,E","7.53",",,,E"
"BKM00014654","1938-06","43.8678","18.4228","630.0","SARAJEVO, BK","55.3","E","55.3",",E","4",",E","4",",E","0",",E","","","0",",E","0",",E","0",",E","25",",E","2",",E","19380618",",,E","","","19380616",",,E","19380626",",,E","5.7",",E,18,","","","10.1",",,E,16,","32.7",",E,26,","","","23.3",",E","23.8",",,,E","19.40",",E","26.49",",,,E","12.31",",,,E"
"BKM00014654","1938-07","43.8678","18.4228","630.0","SARAJEVO, BK","123.8","E","68.5",",E","12",",E","11",",E","0",",E","","","0",",E","0",",E","0",",E","28",",E","1",",E","19380712",",,E","","","19380715",",,E","19380709",",,E","7.3",",E,12,","","","24.8",",,E,15,","34.0",",E,09,","14.0","E","14.0",",E","119.5",",,,E","20.09",",E","26.96",",,,E","13.22",",,,E"
"BKM00014654","1938-08","43.8678","18.4228","630.0","SARAJEVO, BK","161.4","E","37.6","1,E","16",",E","11",",E","1",",E","","","0","1,E","0","1,E","0",",E","28",",E","0",",E","19380825",",1,E","","","19380802",",,E","19380821",",,E","5.1","1,E,25,","","","25.5",",,E,02,","29.6",",E,21,","37.8","E","23.8",",E","109.4",",,,E","18.73","1,E","25.08",",,,E","12.38","1,,,E"
"BKM00014654","1938-09","43.8678","18.4228","630.0","SARAJEVO, BK","161.4","E","0.0",",E","9",",E","7",",E","0",",E","","","0",",E","0",",E","0",",E","15",",E","0",",E","19380919",",,E","","","19380902",",,E","19380910",",,E","4.7",",E,19,","","","12.6",",,E,02,","24.3",",E,10,","144.4","E","106.6",",E","58.6",",,,E","14.78",",E","20.37",",,,E","9.19",",,,E"
"BKM00014654","1938-10","43.8678","18.4228","630.0","SARAJEVO, BK","161.4","E","0.0",",E","14",",E","8",",E","1",",E","","","0",",E","0",",E","0",",E","7",",E","0",",E","19381026",",,E","","","19381027",",,E","19381017",",,E","0.8",",E,26,","","","33.7",",,E,27,","24.4",",E,17,","350.6","E","206.2",",E","80.9",",,,E","11.68",",E","16.70",",,,E","6.66",",,,E"
"BKM00014654","1938-11","43.8678","18.4228","630.0","SARAJEVO, BK","161.4","E","0.0",",E","7",",E","3",",E","1",",E","","","0",",E","15",",E","2",",E","0",",E","0",",E","19381116",",,E","","","19381123",",,E","19381105",",,E","-4.1",",E,16,","","","26.7",",,E,23,","17.6",",E,05,","747.9","E","397.3",",E","44.3",",,,E","5.09",",E","9.30",",,,E","0.87",",,,E"
"BKM00014654","1938-12","43.8678","18.4228","630.0","SARAJEVO, BK","161.4","E","0.0",",E","14",",E","6",",E","0",",E","","","0",",E","20",",E","9",",E","0",",E","0",",E","19381220",",,E","","","19381205",",,E","19381201",",,E","-12.4",",E,20,","","","17.1",",,E,05,","15.1",",E,01,","1306.9","E","559.0",",E","59.2",",,,E","0.30",",E","3.20",",,,E","-2.60",",,,E"
"BKM00014654","1939-01","43.8678","18.4228","630.0","SARAJEVO, BK","0.0","E","0.0",",E","8",",E","4",",E","0",",E","","","0",",E","14",",E","4",",E","0",",E","0",",E","19390110",",,E","","","19390107",",,E","19390119",",,E","-13.3",",E,10,","","","20.8",",,E,07,","16.5",",E,19,","1789.5","E","482.6",",E","50.2",",,,E","2.77",",E","6.70",",,,E","-1.17",",,,E"
"BKM00014654","1939-02","43.8678","18.4228","630.0","SARAJEVO, BK","0.0","E","0.0",",E","7",",E","3",",E","0",",E","","","0",",E","17",",E","0",",E","0",",E","0",",E","19390216",",,E","","","19390219",",,E","19390226",",,E","-8.5",",E,16,","","","7.1",",,E,19,","14.8",",E,26,","2223.2","E","433.7",",E","16.9",",,,E","2.84",",E","7.85",",,,E","-2.16",",,,E"
"BKM00014654","1939-03","43.8678","18.4228","630.0","SARAJEVO, BK","0.0","E","0.0",",E","20",",E","13",",E","1",",E","","","0",",E","22",",E","4",",E","0",",E","0",",E","19390315",",,E","","","19390328",",,E","19390331",",,E","-9.1",",E,15,","","","42.8",",,E,28,","14.8",",E,31,","2743.6","E","520.4",",E","148.7",",,,E","1.55",",E","5.25",",,,E","-2.16",",,,E"
"BKM00014654","1939-04","43.8678","18.4228","630.0","SARAJEVO, BK","0.0","E","0.0",",E","7",",E","3",",E","0",",E","","","0",",E","0",",E","0",",E","13",",E","0",",E","19390401",",,E","","","19390420",",,E","19390407",",,E","2.3",",E,01,","","","12.3",",,E,20,","27.4",",E,07,","2919.4","E","175.8",",E","23.0",",,,E","12.47",",E","18.95",",,,E","5.99",",,,E"
"BKM00014654","1939-05","43.8678","18.4228","630.0","SARAJEVO, BK","0.0","E","0.0",",E","13",",E","9",",E","1",",E","","","0",",E","0",",E","0",",E","6",",E","0",",E","19390501",",,E","","","19390530",",,E","19390520",",,E","4.1",",E,01,","","","37.4",",,E,30,","25.8",",E,20,","3061.4","E","142.0",",E","109.7",",,,E","13.75",",E","18.99",",,,E","8.52",",,,E"
"BKM00014654","1939-06","43.8678","18.4228","630.0","SARAJEVO, BK","27.1","E","27.1",",E","16",",E","8",",E","1",",E","","","0",",E","0",",E","0",",E","20",",E","0",",E","19390607",",,E","","","19390619",",,E","19390626",",,E","6.8",",E,07,","","","31.0",",,E,19,","30.9",",E,26,","3111.5","E","50.1",",E","109.2",",,,E","17.57",",E","23.11",",,,E","12.02",",,,E"
"BKM00014654","1939-07","43.8678","18.4228","630.0","SARAJEVO, BK","120.4","E","93.3",",E","5",",E","3",",E","0",",E","","","0",",E","0",",E","0",",E","29",",E","8",",E","19390730",",,E","","","19390726",",,E","19390722",",,E","9.2",",E,30,","","","7.6",",,E,26,","36.8",",E,22,","15.1","E","15.1",",E","23.2",",,,E","20.86",",E","27.69",",,,E","14.03",",,,E"
"BKM00014654","1939-08","43.8678","18.4228","630.0","SARAJEVO, BK","","","","","11",",E","8",",E","1",",E","","","0",",","0",",E","","","","","","","19390813",",,E","","","19390828",",,E","","","8.6",",E,13,","","","26.4",",,E,28,","","","","","","","104.9",",,,E","","","","","12.89",",,,E"
"BKM00014654","1939-09","43.8678","18.4228","630.0","SARAJEVO, BK","","","","","15",",E","9",",E","0",",E","","","","","","","","","","","","","","","","","19390918",",,E","","","","","","","24.8",",,E,18,","","","","","","","90.3",",,,E","","","","","",""
"BKM00014654","1939-10","43.8678","18.4228","630.0","SARAJEVO, BK","","","","","16",",E","14",",E","1",",E","","","0",",","0",",E","","","","","","","19391021",",,E","","","19391008",",,E","","","0.7",",E,21,","","","36.3",",,E,08,","","","","","","","163.0",",,,E","","","","","4.66",",,,E"
"BKM00014654","1939-11","43.8678","18.4228","630.0","SARAJEVO, BK","","","0.0",",E","11",",E","6",",E","0",",E","","","0",",E","6",",E","1",",E","1",",E","0",",E","19391126",",,E","","","19391106",",,E","19391105",",,E","-2.0",",E,26,","","","15.8",",,E,06,","21.9",",E,05,","","","353.0",",E","57.8",",,,E","6.57",",E","10.16",",,,E","2.97",",,,E"
"BKM00014654","1939-12","43.8678","18.4228","630.0","SARAJEVO, BK","","","","","15",",E","8",",E","0",",E","","","0",",","25",",E","","","","","","","19391230",",,E","","","19391221",",,E","","","-9.7",",E,30,","","","21.2",",,E,21,","","","","","","","94.4",",,,E","","","","","-3.77",",,,E"
"BKM00014654","1940-01","43.8678","18.4228","630.0","SARAJEVO, BK","0.0","E","0.0",",E","17",",E","10",",E","0",",E","","","4",",E","31",",E","26",",E","0",",E","0",",E","19400113",",,E","","","19400119",",,E","19400123",",,E","-19.9",",E,13,","","","19.7",",,E,19,","9.6",",E,23,","","","806.1",",E","96.6",",,,E","-7.67",",E","-4.36",",,,E","-10.98",",,,E"
"BKM00014654","1940-02","43.8678","18.4228","630.0","SARAJEVO, BK","0.0","E","0.0",",E","10",",E","6",",E","1",",E","","","3",",E","22",",E","9",",E","0",",E","0",",E","19400216",",,E","","","19400214",",,E","19400204",",,E","-19.4",",E,16,","","","28.9",",,E,14,","13.1",",E,04,","","","568.6",",E","64.1",",,,E","-1.27",",E","3.66",",,,E","-6.20",",,,E"
"BKM00014654","1940-03","43.8678","18.4228","630.0","SARAJEVO, BK","0.0","E","0.0",",E","13",",E","7",",E","1",",E","","","0",",E","17",",E","4",",E","1",",E","0",",E","19400310",",,E","","","19400329",",,E","19400326",",,E","-14.9",",E,10,","","","36.3",",,E,29,","21.6",",E,26,","","","451.1",",E","74.5",",,,E","3.78",",E","8.54",",,,E","-0.98",",,,E"
"BKM00014654","1940-04","43.8678","18.4228","630.0","SARAJEVO, BK","0.0","E","0.0",",E","14",",E","10",",E","0",",E","","","0",",E","9",",E","0",",E","6",",E","0",",E","19400413","+,,E","","","19400412",",,E","19400419",",,E","-1.9",",E,13,+","","","22.7",",,E,12,","24.6",",E,19,","","","276.5",",E","76.2",",,,E","9.12",",E","14.21",",,,E","4.02",",,,E"
"BKM00014654","1940-05","43.8678","18.4228","630.0","SARAJEVO, BK","1.5","E","1.5",",E","18",",E","12",",E","1",",E","","","0",",E","0",",E","0",",E","6",",E","0",",E","19400515",",,E","","","19400505",",,E","19400529",",,E","2.3",",E,15,","","","28.9",",,E,05,","25.5",",E,29,","","","161.3",",E","115.1",",,,E","13.18",",E","17.91",",,,E","8.45",",,,E"
"BKM00014654","1940-06","43.8678","18.4228","630.0","SARAJEVO, BK","16.5","E","15.0",",E","15",",E","8",",E","1",",E","","","0",",E","0",",E","0",",E","18",",E","0",",E","19400610",",,E","","","19400621",",,E","19400617","+,,E","7.0",",E,10,","","","26.5",",,E,21,","28.6",",E,17,+","","","84.6",",E","100.0",",,,E","16.01",",E","20.92",",,,E","11.10",",,,E"
"BKM00014654","1940-07","43.8678","18.4228","630.0","SARAJEVO, BK","62.8","E","46.3",",E","13",",E","6",",E","1",",E","","","0",",E","0",",E","0",",E","25",",E","0",",E","19400731",",,E","","","19400711",",,E","19400727",",,E","10.2",",E,31,","","","26.0",",,E,11,","32.0",",E,27,","20.5","E","20.5",",E","79.7",",,,E","19.17",",E","24.96",",,,E","13.37",",,,E"
"BKM00014654","1940-08","43.8678","18.4228","630.0","SARAJEVO, BK","84.0","E","21.2",",E","12",",E","10",",E","2",",E","","","0",",E","0",",E","0",",E","16",",E","0",",E","19400823",",,E","","","19400823",",,E","19400811",",,E","5.1",",E,23,","","","41.5",",,E,23,","31.5",",E,11,","114.2","E","93.7",",E","126.2",",,,E","16.00",",E","21.88",",,,E","10.11",",,,E"
"BKM00014654","1940-09","43.8678","18.4228","630.0","SARAJEVO, BK","86.5","E","2.5",",E","9",",E","5",",E","1",",E","","","0",",E","0",",E","0",",E","21",",E","0",",E","19400913",",,E","","","19400930",",,E","19400928",",,E","4.0",",E,13,","","","29.9",",,E,30,","27.4",",E,28,","190.1","E","75.9",",E","66.6",",,,E","15.88",",E","22.39",",,,E","9.37",",,,E"
"BKM00014654","1940-10","43.8678","18.4228","630.0","SARAJEVO, BK","90.2","E","3.7",",E","14",",E","9",",E","2",",E","","","0",",E","4",",E","0",",E","9",",E","0",",E","19401019",",,E","","","19401030",",,E","19401003",",,E","-1.8",",E,19,","","","67.6",",,E,30,","24.9",",E,03,","382.6","E","192.5",",E","184.7",",,,E","12.24",",E","17.85",",,,E","6.64",",,,E"
"BKM00014654","1940-11","43.8678","18.4228","630.0","SARAJEVO, BK","90.2","E","0.0","2,E","9",",E","7",",E","3",",E","","","0","1,E","3","1,E","0","1,E","0","1,E","0","1,E","19401128","+,1,E","","","19401119",",,E","19401115",",1,E","-3.0","1,E,28,+","","","40.7",",,E,19,","18.9","1,E,15,","655.1","E","272.5","1,E","155.0",",,,E","8.49","2,E","12.03","1,,,E","4.95","1,,,E"
"BKM00014654","1940-12","43.8678","18.4228","630.0","SARAJEVO, BK","","","","","13",",E","9",",E","0",",E","","","0",",","28",",E","","","","","","","19401216",",,E","","","19401209",",,E","","","-14.1",",E,16,","","","14.6",",,E,09,","","","","","","","75.6",",,,E","","","","","-8.05",",,,E"
"BKM00014654","1941-01","43.8678","18.4228","630.0","SARAJEVO, BK","0.0","E","0.0",",E","10",",E","7",",E","0",",E","","","0",",E","19",",E","7",",E","0",",E","0",",E","19410119",",,E","","","19410117",",,E","19410103",",,E","-13.2",",E,19,","","","21.0",",,E,17,","13.5",",E,03,","","","523.3",",E","73.4",",,,E","1.45",",E","4.41",",,,E","-1.51",",,,E"
"BKM00014654","1941-02","43.8678","18.4228","630.0","SARAJEVO, BK","0.0","E","0.0",",E","16",",E","13",",E","0",",E","","","0",",E","14",",E","2",",E","0",",E","0",",E","19410208",",,E","","","19410222",",,E","19410217",",,E","-10.1",",E,08,","","","22.3",",,E,22,","14.3",",E,17,","","","415.9",",E","125.6",",,,E","3.48",",E","7.26",",,,E","-0.31",",,,E"
"BKM00014654","1941-03","43.8678","18.4228","630.0","SARAJEVO, BK","0.0","E","0.0",",E","7",",E","6",",E","0",",E","","","0",",E","13",",E","0",",E","0",",E","0",",E","19410319",",,E","","","19410306",",,E","19410327",",,E","-10.4",",E,19,","","","9.9",",,E,06,","18.0",",E,27,","","","402.9",",E","44.0",",,,E","5.34",",E","10.57",",,,E","0.10",",,,E"
"BKM00014654","1941-04","43.8678","18.4228","630.0","SARAJEVO, BK","","","","","0",",E","0",",E","0",",E","","","0",",","1",",E","","","","","","","19410402",",,E","","","19410430","+,,E","","","-0.8",",E,02,","","","0.0",",,E,30,+","","","","","","","0.0",",,,E","","","","","4.16",",,,E"
"BKM00014654","1941-05","43.8678","18.4228","630.0","SARAJEVO, BK","","","1.3","2,E","0",",E","0",",E","0",",E","","","0","1,E","0","1,E","0","1,E","6","1,E","0","1,E","19410501",",1,E","","","19410531","+,,E","19410529",",1,E","4.6","1,E,01,","","","0.0",",,E,31,+","27.5","1,E,29,","","","109.1","1,E","0.0",",,,E","14.63","2,E","19.83","1,,,E","9.44","1,,,E"
"BKM00014654","1941-06","43.8678","18.4228","630.0","SARAJEVO, BK","","","14.0",",E","11",",E","5",",E","0",",E","","","0",",E","0",",E","0",",E","22",",E","0",",E","19410605",",,E","","","19410630",",,E","19410627",",,E","5.6",",E,05,","","","21.6",",,E,30,","31.8",",E,27,","","","62.3",",E","83.3",",,,E","16.72",",E","23.15",",,,E","10.29",",,,E"
"BKM00014654","1941-07","43.8678","18.4228","630.0","SARAJEVO, BK","","","40.3",",E","17",",E","8",",E","0",",E","","","0",",E","0",",E","0",",E","27",",E","1",",E","19410704",",,E","","","19410709",",,E","19410714",",,E","7.6",",E,04,","","","21.2",",,E,09,","32.4",",E,14,","30.8","E","30.8",",E","88.7",",,,E","18.64",",E","25.01",",,,E","12.27",",,,E"
"BKM00014654","1941-08","43.8678","18.4228","630.0","SARAJEVO, BK","","","52.6","2,E","6",",E","5",",E","0",",E","","","0","1,E","0","1,E","0","1,E","29","1,E","2","1,E","19410808",",1,E","","","19410822",",,E","19410820",",1,E","7.9","1,E,08,","","","17.6",",,E,22,","33.0","1,E,20,","49.0","E","18.2","1,E","62.8",",,,E","19.49","2,E","26.88","1,,,E","12.10","1,,,E"
"BKM00014654","1941-09","43.8678","18.4228","630.0","SARAJEVO, BK","","","0.0",",E","9",",E","7",",E","2",",E","","","0",",E","0",",E","0",",E","9",",E","0",",E","19410911",",,E","","","19410901",",,E","19410907",",,E","1.9",",E,11,","","","50.5",",,E,01,","25.8",",E,07,","234.4","E","185.4",",E","114.9",",,,E","12.15",",E","17.52",",,,E","6.79",",,,E"
"BKM00014654","1941-10","43.8678","18.4228","630.0","SARAJEVO, BK","","","0.0",",E","14",",E","10",",E","1",",E","","","0",",E","7",",E","0",",E","6",",E","0",",E","19411029",",,E","","","19411013",",,E","19411003",",,E","-3.3",",E,29,","","","45.2",",,E,13,","23.4",",E,03,","528.5","E","294.1",",E","162.9",",,,E","8.85",",E","13.75",",,,E","3.95",",,,E"
"BKM00014654","1941-11","43.8678","18.4228","630.0","SARAJEVO, BK","","","0.0",",E","15",",E","8",",E","0",",E","","","0",",E","13",",E","3",",E","0",",E","0",",E","19411129","+,,E","","","19411106",",,E","19411113",",,E","-6.0",",E,29,+","","","20.7",",,E,06,","17.3",",E,13,","956.8","E","428.3",",E","72.5",",,,E","4.06",",E","7.30",",,,E","0.81",",,,E"
"BKM00014654","1941-12","43.8678","18.4228","630.0","SARAJEVO, BK","","","0.0",",E","13",",E","7",",E","1",",E","","","2",",E","30",",E","13",",E","0",",E","0",",E","19411230",",,E","","","19411209",",,E","19411208",",,E","-20.9",",E,30,","","","34.5",",,E,09,","8.8",",E,08,","1624.7","E","667.9",",E","93.2",",,,E","-3.21",",E","0.46",",,,E","-6.88",",,,E"
"BKM00014654","1942-01","43.8678","18.4228","630.0","SARAJEVO, BK","0.0","E","0.0",",E","18",",E","7",",E","0",",E","","","6",",E","30",",E","23",",E","0",",E","0",",E","19420124",",,E","","","19420108",",,E","19420106",",,E","-26.4",",E,24,","","","12.2",",,E,08,","8.6",",E,06,","2430.6","E","805.9",",E","49.4",",,,E","-7.66",",E","-3.86",",,,E","-11.46",",,,E"
"BKM00014654","1942-02","43.8678","18.4228","630.0","SARAJEVO, BK","0.0","E","0.0",",E","15",",E","10",",E","0",",E","","","0",",E","24",",E","12",",E","0",",E","0",",E","19420214",",,E","","","19420224",",,E","19420225",",,E","-16.2",",E,14,","","","23.4",",,E,24,","12.2",",E,25,","3003.4","E","572.8",",E","124.3",",,,E","-2.12",",E","1.83",",,,E","-6.08",",,,E"
"BKM00014654","1942-03","43.8678","18.4228","630.0","SARAJEVO, BK","0.0","E","0.0",",E","9",",E","6",",E","0",",E","","","0",",E","15",",E","0",",E","0",",E","0",",E","19420331",",,E","","","19420330",",,E","19420328",",,E","-5.1",",E,31,","","","21.0",",,E,30,","18.6",",E,28,","3407.5","E","404.1",",E","63.8",",,,E","5.30",",E","10.05",",,,E","0.55",",,,E"
"BKM00014654","1942-04","43.8678","18.4228","630.0","SARAJEVO, BK","0.0","E","0.0",",E","19",",E","10",",E","0",",E","","","0",",E","4",",E","0",",E","1",",E","0",",E","19420401",",,E","","","19420423",",,E","19420408",",,E","-7.6",",E,01,","","","12.1",",,E,23,","21.4",",E,08,","3682.0","E","274.5",",E","87.7",",,,E","9.18",",E","14.53",",,,E","3.84",",,,E"
"BKM00014654","1942-05","43.8678","18.4228","630.0","SARAJEVO, BK","16.4","E","16.4",",E","10",",E","7",",E","0",",E","","","0",",E","0",",E","0",",E","22",",E","0",",E","19420506",",,E","","","19420502",",,E","19420528",",,E","0.7",",E,06,","","","17.1",",,E,02,","29.6",",E,28,","3796.9","E","114.9",",E","62.8",",,,E","15.15",",E","21.69",",,,E","8.61",",,,E"
"BKM00014654","1942-06","43.8678","18.4228","630.0","SARAJEVO, BK","52.4","E","36.0",",E","12",",E","11",",E","0",",E","","","0",",E","0",",E","0",",E","21",",E","1",",E","19420617",",,E","","","19420614",",,E","19420612",",,E","6.3",",E,17,","","","22.5",",,E,14,","32.4",",E,12,","3847.3","E","50.4",",E","104.6",",,,E","17.85",",E","23.83",",,,E","11.88",",,,E"
"BKM00014654","1942-07","43.8678","18.4228","630.0","SARAJEVO, BK","105.2","E","52.8",",E","7",",E","5",",E","2",",E","","","0",",E","0",",E","0",",E","29",",E","1",",E","19420701",",,E","","","19420714",",,E","19420711",",,E","6.7",",E,01,","","","49.1",",,E,14,","32.6",",E,11,","21.0","E","21.0",",E","106.4",",,,E","19.36",",E","25.98",",,,E","12.74",",,,E"
"BKM00014654","1942-08","43.8678","18.4228","630.0","SARAJEVO, BK","154.8","E","49.6",",E","7",",E","3",",E","0",",E","","","0",",E","0",",E","0",",E","26",",E","0",",E","19420828",",,E","","","19420817",",,E","19420804",",,E","10.1",",E,28,","","","12.3",",,E,17,","31.9",",E,04,","39.7","E","18.7",",E","32.1",",,,E","19.33",",E","26.02",",,,E","12.65",",,,E"
"BKM00014654","1942-09","43.8678","18.4228","630.0","SARAJEVO, BK","197.4","E","42.6",",E","8",",E","4",",E","0",",E","","","0",",E","0",",E","0",",E","30",",E","1",",E","19420911",",,E","","","19420928",",,E","19420927",",,E","8.8",",E,11,","","","7.2",",,E,28,","32.4",",E,27,","50.2","E","10.5",",E","26.2",",,,E","19.40",",E","26.97",",,,E","11.83",",,,E"
"BKM00014654","1942-10","43.8678","18.4228","630.0","SARAJEVO, BK","197.4","E","0.0",",E","7",",E","4",",E","0",",E","","","0",",E","4",",E","0",",E","9",",E","0",",E","19421021",",,E","","","19421010",",,E","19421008",",,E","-1.9",",E,21,","","","14.1",",,E,10,","26.7",",E,08,","275.2","E","225.0",",E","36.1",",,,E","11.08",",E","17.72",",,,E","4.43",",,,E"
"BKM00014654","1942-11","43.8678","18.4228","630.0","SARAJEVO, BK","197.4","E","0.0",",E","12",",E","7",",E","1",",E","","","0",",E","17",",E","4",",E","0",",E","0",",E","19421124",",,E","","","19421118",",,E","19421101",",,E","-12.9",",E,24,","","","25.6",",,E,18,","19.7",",E,01,","738.9","E","463.7",",E","98.0",",,,E","2.88",",E","6.19",",,,E","-0.44",",,,E"
"BKM00014654","1942-12","43.8678","18.4228","630.0","SARAJEVO, BK","197.4","E","0.0",",E","5",",E","4",",E","0",",E","","","0",",E","18",",E","9",",E","0",",E","0",",E","19421215",",,E","","","19421228",",,E","19421219",",,E","-5.7",",E,15,","","","5.9",",,E,28,","14.2",",E,19,","1238.4","E","499.5",",E","23.1",",,,E","2.22",",E","4.85",",,,E","-0.41",",,,E"
"BKM00014654","1943-01","43.8678","18.4228","630.0","SARAJEVO, BK","0.0","E","0.0",",E","15",",E","7",",E","0",",E","","","0",",E","30",",E","13",",E","0",",E","0",",E","19430112",",,E","","","19430102",",,E","19430123",",,E","-15.9",",E,12,","","","15.7",",,E,02,","11.1",",E,23,","1879.3","E","640.9",",E","67.5",",,,E","-2.34",",E","1.68",",,,E","-6.36",",,,E"
"BKM00014654","1943-02","43.8678","18.4228","630.0","SARAJEVO, BK","0.0","E","0.0",",E","6",",E","4",",E","0",",E","","","0",",E","22",",E","0",",E","0",",E","0",",E","19430210",",,E","","","19430214",",,E","19430225",",,E","-8.2",",E,10,","","","8.9",",,E,14,","16.2",",E,25,","2302.5","E","423.2",",E","23.8",",,,E","3.22",",E","8.21",",,,E","-1.77",",,,E"
"BKM00014654","1943-03","43.8678","18.4228","630.0","SARAJEVO, BK","0.0","E","0.0",",E","3",",E","0",",E","0",",E","","","0",",E","18",",E","0",",E","0",",E","0",",E","19430305",",,E","","","19430330",",,E","19430328",",,E","-6.8",",E,05,","","","2.2",",,E,30,","21.0",",E,28,","2660.9","E","358.4",",E","3.6",",,,E","6.77",",E","12.90",",,,E","0.64",",,,E"
"BKM00014654","1943-04","43.8678","18.4228","630.0","SARAJEVO, BK","1.4","E","1.4",",E","10",",E","6",",E","0",",E","","","0",",E","4",",E","0",",E","12",",E","0",",E","19430408",",,E","","","19430430",",,E","19430424",",,E","-2.3",",E,08,","","","10.9",",,E,30,","27.8",",E,24,","2883.4","E","222.5",",E","38.0",",,,E","10.96",",E","17.02",",,,E","4.91",",,,E"
"BKM00014654","1943-05","43.8678","18.4228","630.0","SARAJEVO, BK","1.4","E","0.0",",E","13",",E","9",",E","2",",E","","","0",",E","0",",E","0",",E","4",",E","0",",E","19430501",",,E","","","19430526",",,E","19430503",",,E","1.5",",E,01,","","","29.8",",,E,26,","25.7",",E,03,","3060.5","E","177.1",",E","127.7",",,,E","12.62",",E","18.46",",,,E","6.78",",,,E"
"BKM00014654","1943-06","43.8678","18.4228","630.0","SARAJEVO, BK","13.6","E","12.2",",E","17",",E","11",",E","2",",E","","","0",",E","0",",E","0",",E","19",",E","0",",E","19430620","+,,E","","","19430619",",,E","19430615",",,E","7.6",",E,20,+","","","47.2",",,E,19,","28.6",",E,15,","3133.2","E","72.7",",E","165.6",",,,E","16.32",",E","21.68",",,,E","10.95",",,,E"
"BKM00014654","1943-07","43.8678","18.4228","630.0","SARAJEVO, BK","70.1","E","56.5",",E","11",",E","8",",E","0",",E","","","0",",E","0",",E","0",",E","29",",E","1",",E","19430711",",,E","","","19430728",",,E","19430721",",,E","8.0",",E,11,","","","10.6",",,E,28,","34.3",",E,21,","17.7","E","17.7",",E","53.3",",,,E","19.59",",E","26.17",",,,E","13.00",",,,E"
"BKM00014654","1943-08","43.8678","18.4228","630.0","SARAJEVO, BK","164.3","E","94.2",",E","6",",E","3",",E","0",",E","","","0",",E","0",",E","0",",E","29",",E","5",",E","19430809",",,E","","","19430808",",,E","19430823",",,E","9.6",",E,09,","","","10.2",",,E,08,","35.1",",E,23,","22.4","E","4.7",",E","24.1",",,,E","21.22",",E","28.77",",,,E","13.67",",,,E"
"BKM00014654","1943-09","43.8678","18.4228","630.0","SARAJEVO, BK","216.7","E","52.4",",E","8",",E","6",",E","1",",E","","","0",",E","0",",E","0",",E","28",",E","1",",E","19430903",",,E","","","19430905",",,E","19430915",",,E","7.7",",E,03,","","","25.5",",,E,05,","32.8",",E,15,","36.5","E","14.1",",E","58.5",",,,E","19.61",",E","26.30",",,,E","12.92",",,,E"
"BKM00014654","1943-10","43.8678","18.4228","630.0","SARAJEVO, BK","216.7","E","0.0",",E","6",",E","4",",E","0",",E","","","0",",E","0",",E","0",",E","9",",E","0",",E","19431028",",,E","","","19431009",",,E","19431002","+,,E","4.0",",E,28,","","","11.7",",,E,09,","24.8",",E,02,+","189.0","E","152.5",",E","40.3",",,,E","13.41",",E","18.41",",,,E","8.42",",,,E"
"BKM00014654","1943-11","43.8678","18.4228","630.0","SARAJEVO, BK","216.7","E","0.0",",E","17",",E","11",",E","1",",E","","","0",",E","11",",E","0",",E","0",",E","0",",E","19431129",",,E","","","19431119",",,E","19431114",",,E","-4.4",",E,29,","","","35.7",",,E,19,","15.2",",E,14,","599.3","E","410.3",",E","158.8",",,,E","4.66",",E","8.03",",,,E","1.28",",,,E"
"BKM00014654","1943-12","43.8678","18.4228","630.0","SARAJEVO, BK","216.7","E","0.0",",E","17",",E","13",",E","1",",E","","","0",",E","17",",E","4",",E","0",",E","0",",E","19431218",",,E","","","19431202",",,E","19431206",",,E","-7.2",",E,18,","","","25.5",",,E,02,","15.0",",E,06,","1084.4","E","485.1",",E","121.1",",,,E","2.68",",E","5.55",",,,E","-0.18",",,,E"
"BKM00014654","1944-01","43.8678","18.4228","630.0","SARAJEVO, BK","0.0","E","0.0",",E","12",",E","7",",E","0",",E","","","0",",E","28",",E","8",",E","0",",E","0",",E","19440104","+,,E","","","19440127",",,E","19440130",",,E","-9.8",",E,04,+","","","24.5",",,E,27,","11.0",",E,30,","1671.6","E","587.2",",E","68.5",",,,E","-0.61",",E","2.75",",,,E","-3.97",",,,E"
"BKM00014654","1944-02","43.8678","18.4228","630.0","SARAJEVO, BK","0.0","E","0.0",",E","17",",E","8",",E","1",",E","","","0",",E","25",",E","18",",E","0",",E","0",",E","19440225",",,E","","","19440212",",,E","19440229",",,E","-15.7",",E,25,","","","30.6",",,E,12,","11.8",",E,29,","2234.9","E","563.3",",E","95.1",",,,E","-1.09",",E","2.66",",,,E","-4.84",",,,E"
"BKM00014654","1944-03","43.8678","18.4228","630.0","SARAJEVO, BK","0.0","E","0.0",",E","19",",E","7",",E","1",",E","","","0",",E","28",",E","1",",E","0",",E","0",",E","19440329",",,E","","","19440306",",,E","19440331",",,E","-10.5",",E,29,","","","43.6",",,E,06,","14.3",",E,31,","2778.4","E","543.5",",E","94.5",",,,E","0.80",",E","4.66",",,,E","-3.06",",,,E"
"BKM00014654","1944-04","43.8678","18.4228","630.0","SARAJEVO, BK","1.0","E","1.0",",E","14",",E","12",",E","0",",E","","","0",",E","3",",E","0",",E","9",",E","0",",E","19440403",",,E","","","19440426",",,E","19440417",",,E","-5.0",",E,03,","","","15.4",",,E,26,","24.7",",E,17,","3015.9","E","237.5",",E","81.9",",,,E","10.45",",E","15.93",",,,E","4.97",",,,E"
"BKM00014654","1944-05","43.8678","18.4228","630.0","SARAJEVO, BK","8.7","E","7.7",",E","5",",E","1",",E","0",",E","","","0",",E","1",",E","0",",E","18",",E","0",",E","19440501",",,E","","","19440523",",,E","19440531",",,E","-0.5",",E,01,","","","11.1",",,E,23,","29.2",",E,31,","3138.9","E","123.0",",E","16.0",",,,E","14.61",",E","20.96",",,,E","8.27",",,,E"
"BKM00014654","1944-06","43.8678","18.4228","630.0","SARAJEVO, BK","34.0","E","25.3",",E","10",",E","4",",E","1",",E","","","0",",E","0",",E","0",",E","24",",E","0",",E","19440626",",,E","","","19440619",",,E","19440630",",,E","6.2",",E,26,","","","29.3",",,E,19,","30.6",",E,30,","3177.0","E","38.1",",E","61.1",",,,E","17.90",",E","24.46",",,,E","11.34",",,,E"
"BKM00014654","1944-07","43.8678","18.4228","630.0","SARAJEVO, BK","81.2","E","47.2",",E","10",",E","7",",E","0",",E","","","0",",E","0",",E","0",",E","29",",E","0",",E","19440719",",,E","","","19440705",",,E","19440709",",,E","9.0",",E,19,","","","15.2",",,E,05,","31.5",",E,09,","15.3","E","15.3",",E","76.2",",,,E","19.36",",E","25.71",",,,E","13.02",",,,E"
"BKM00014654","1944-08","43.8678","18.4228","630.0","SARAJEVO, BK","138.6","E","57.4",",E","10",",E","8",",E","1",",E","","","0",",E","0",",E","0",",E","30",",E","1",",E","19440827",",,E","","","19440808",",,E","19440831",",,E","8.7",",E,27,","","","35.9",",,E,08,","32.9",",E,31,","21.1","E","5.8",",E","107.4",",,,E","20.00",",E","26.66",",,,E","13.33",",,,E"
"BKM00014654","1944-09","43.8678","18.4228","630.0","SARAJEVO, BK","170.5","E","31.9",",E","9",",E","9",",E","2",",E","","","0",",E","0",",E","0",",E","16",",E","2",",E","19440926",",,E","","","19440926",",,E","19440901",",,E","0.2",",E,26,","","","46.0",",,E,26,","33.8",",E,01,","134.9","E","113.8",",E","148.6",",,,E","15.60",",E","21.24",",,,E","9.97",",,,E"
"BKM00014654","1944-10","43.8678","18.4228","630.0","SARAJEVO, BK","172.0","E","1.5",",E","17",",E","13",",E","0",",E","","","0",",E","0",",E","0",",E","4",",E","0",",E","19441005",",,E","","","19441020",",,E","19441007",",,E","1.4",",E,05,","","","23.0",",,E,20,","25.7",",E,07,","327.9","E","193.0",",E","146.7",",,,E","12.15",",E","16.54",",,,E","7.77",",,,E"
"BKM00014654","1944-11","43.8678","18.4228","630.0","SARAJEVO, BK","172.0","E","0.0",",E","16",",E","8",",E","1",",E","","","0",",E","11",",E","0",",E","0",",E","0",",E","19441113","+,,E","","","19441110",",,E","19441103",",,E","-6.3",",E,13,+","","","27.0",",,E,10,","16.9",",E,03,","715.8","E","387.9",",E","131.8",",,,E","5.40",",E","9.27",",,,E","1.53",",,,E"
"BKM00014654","1944-12","43.8678","18.4228","630.0","SARAJEVO, BK","172.0","E","0.0",",E","11",",E","6",",E","1",",E","","","0",",E","17",",E","9",",E","0",",E","0",",E","19441227",",,E","","","19441210",",,E","19441209",",,E","-12.0",",E,27,","","","35.8",",,E,10,","13.5",",E,09,","1258.1","E","542.3",",E","84.1",",,,E","0.84",",E","3.45",",,,E","-1.77",",,,E"
"BKM00014654","1945-01","43.8678","18.4228","630.0","SARAJEVO, BK","0.0","E","0.0",",E","17",",E","10",",E","0",",E","","","1",",E","31",",E","17",",E","0",",E","0",",E","19450131",",,E","","","19450111",",,E","19450127",",,E","-18.4",",E,31,","","","24.5",",,E,11,","8.9",",E,27,","1961.0","E","702.9",",E","135.6",",,,E","-4.34",",E","-0.45",",,,E","-8.24",",,,E"
"BKM00014654","1945-02","43.8678","18.4228","630.0","SARAJEVO, BK","0.0","E","0.0",",E","4",",E","3",",E","0",",E","","","0",",E","26",",E","2",",E","0",",E","0",",E","19450203",",,E","","","19450225",",,E","19450228",",,E","-9.3",",E,03,","","","4.8",",,E,25,","13.1",",E,28,","2465.5","E","504.5",",E","12.7",",,,E","0.32",",E","4.50",",,,E","-3.87",",,,E"
"BKM00014654","1945-03","43.8678","18.4228","630.0","SARAJEVO, BK","0.0","E","0.0",",E","10",",E","4",",E","0",",E","","","0",",E","14",",E","1",",E","0",",E","0",",E","19450308",",,E","","","19450318",",,E","19450325",",,E","-9.7",",E,08,","","","8.5",",,E,18,","21.0",",E,25,","2866.4","E","400.9",",E","24.8",",,,E","5.40",",E","10.61",",,,E","0.19",",,,E"
"BKM00014654","1945-04","43.8678","18.4228","630.0","SARAJEVO, BK","0.0","E","0.0",",E","10",",E","7",",E","1",",E","","","0",",E","4",",E","0",",E","4",",E","0",",E","19450423",",,E","","","19450423",",,E","19450403",",,E","-0.9",",E,23,","","","26.2",",,E,23,","22.8",",E,03,","3112.1","E","245.7",",E","72.4",",,,E","10.14",",E","16.48",",,,E","3.81",",,,E"
"BKM00014654","1945-05","43.8678","18.4228","630.0","SARAJEVO, BK","33.0","E","33.0",",E","5",",E","2",",E","1",",E","","","0",",E","0",",E","0",",E","27",",E","0",",E","19450504",",,E","","","19450518",",,E","19450514","+,,E","1.1",",E,04,","","","30.5",",,E,18,","29.9",",E,14,+","3154.6","E","42.5",",E","41.2",",,,E","18.03",",E","25.29",",,,E","10.76",",,,E"
"BKM00014654","1945-06","43.8678","18.4228","630.0","SARAJEVO, BK","84.2","E","51.2",",E","11",",E","6",",E","0",",E","","","0",",E","0",",E","0",",E","29",",E","1",",E","19450615",",,E","","","19450618",",,E","19450622",",,E","6.8",",E,15,","","","14.2",",,E,18,","32.4",",E,22,","3174.1","E","19.5",",E","52.2",",,,E","19.39",",E","26.78",",,,E","11.99",",,,E"
"BKM00014654","1945-07","43.8678","18.4228","630.0","SARAJEVO, BK","200.3","E","116.1",",E","6",",E","4",",E","0",",E","","","0",",E","0",",E","0",",E","28",",E","8",",E","19450704",",,E","","","19450703",",,E","19450729",",,E","8.0",",E,04,","","","12.8",",,E,03,","37.4",",E,29,","12.7","E","12.7",",E","35.2",",,,E","21.67",",E","29.33",",,,E","14.01",",,,E"
"BKM00014654","1945-08","43.8678","18.4228","630.0","SARAJEVO, BK","300.1","E","99.8",",E","6",",E","4",",E","1",",E","","","0",",E","0",",E","0",",E","27",",E","6",",E","19450803",",,E","","","19450802",",,E","19450831",",,E","9.2",",E,03,","","","34.5",",,E,02,","34.6",",E,31,","26.1","E","13.4",",E","61.9",",,,E","21.12",",E","28.39",",,,E","13.85",",,,E"
"BKM00014654","1945-09","43.8678","18.4228","630.0","SARAJEVO, BK","317.4","E","17.3",",E","12",",E","8",",E","2",",E","","","0",",E","0",",E","0",",E","18",",E","0",",E","19450928",",,E","","","19450912",",,E","19450903",",,E","2.2",",E,28,","","","46.2",",,E,12,","29.2",",E,03,","116.9","E","90.8",",E","162.6",",,,E","15.88",",E","21.63",",,,E","10.14",",,,E"
"BKM00014654","1945-10","43.8678","18.4228","630.0","SARAJEVO, BK","317.4","E","0.0",",E","8",",E","3",",E","0",",E","","","0",",E","2",",E","0",",E","1",",E","0",",E","19451010",",,E","","","19451026",",,E","19451030",",,E","-0.9",",E,10,","","","12.5",",,E,26,","22.0",",E,30,","382.7","E","265.8",",E","23.5",",,,E","9.76",",E","15.42",",,,E","4.10",",,,E"
"BKM00014654","1945-11","43.8678","18.4228","630.0","SARAJEVO, BK","317.4","E","0.0",",E","11",",E","8",",E","0",",E","","","0",",E","8",",E","1",",E","0",",E","0",",E","19451130",",,E","","","19451112",",,E","19451102",",,E","-4.6",",E,30,","","","22.0",",,E,12,","19.4",",E,02,","783.6","E","400.9",",E","88.3",",,,E","4.97",",E","7.90",",,,E","2.04",",,,E"
"BKM00014654","1945-12","43.8678","18.4228","630.0","SARAJEVO, BK","317.4","E","0.0",",E","13",",E","7",",E","1",",E","","","0",",E","20",",E","10",",E","0",",E","0",",E","19451213",",,E","","","19451224",",,E","19451220",",,E","-13.5",",E,13,","","","33.7",",,E,24,","14.0",",E,20,","1325.3","E","541.7",",E","91.5",",,,E","0.86",",E","3.88",",,,E","-2.16",",,,E"
"BKM00014654","1946-01","43.8678","18.4228","630.0","SARAJEVO, BK","0.0","E","0.0",",E","8",",E","5",",E","0",",E","","","0",",E","30",",E","21",",E","0",",E","0",",E","19460110",",,E","","","19460114",",,E","19460112",",,E","-12.4",",E,10,","","","10.8",",,E,14,","10.4",",E,12,","1989.9","E","664.6",",E","39.6",",,,E","-3.10",",E","0.08",",,,E","-6.29",",,,E"
"BKM00014654","1946-02","43.8678","18.4228","630.0","SARAJEVO, BK","0.0","E","0.0",",E","15",",E","6",",E","1",",E","","","0",",E","22",",E","3",",E","0",",E","0",",E","19460202",",,E","","","19460222",",,E","19460228",",,E","-12.7",",E,02,","","","27.5",",,E,22,","14.8",",E,28,","2466.7","E","476.8",",E","90.5",",,,E","1.31",",E","5.80",",,,E","-3.19",",,,E"
"BKM00014654","1946-03","43.8678","18.4228","630.0","SARAJEVO, BK","0.0","E","0.0",",E","7",",E","3",",E","0",",E","","","0",",E","7",",E","0",",E","0",",E","0",",E","19460319",",,E","","","19460305",",,E","19460325",",,E","-3.4",",E,19,","","","11.2",",,E,05,","17.9",",E,25,","2817.3","E","350.6",",E","22.4",",,,E","7.02",",E","12.23",",,,E","1.82",",,,E"
"BKM00014654","1946-04","43.8678","18.4228","630.0","SARAJEVO, BK","0.0","E","0.0",",E","11",",E","5",",E","0",",E","","","0",",E","2",",E","0",",E","12",",E","0",",E","19460412",",,E","","","19460412",",,E","19460430",",,E","-3.5",",E,12,","","","8.4",",,E,12,","25.3",",E,30,","3013.9","E","196.6",",E","34.2",",,,E","11.78",",E","18.76",",,,E","4.80",",,,E"
"BKM00014654","1946-05","43.8678","18.4228","630.0","SARAJEVO, BK","6.5","E","6.5",",E","17",",E","9",",E","0",",E","","","0",",E","0",",E","0",",E","26",",E","0",",E","19460510",",,E","","","19460523",",,E","19460513",",,E","4.8",",E,10,","","","17.3",",,E,23,","29.5",",E,13,","3079.9","E","66.0",",E","78.6",",,,E","16.41",",E","23.05",",,,E","9.77",",,,E"
"BKM00014654","1946-06","43.8678","18.4228","630.0","SARAJEVO, BK","62.9","E","56.4",",E","7",",E","4",",E","0",",E","","","0",",E","0",",E","0",",E","26",",E","0",",E","19460606",",,E","","","19460604",",,E","19460611",",,E","7.0",",E,06,","","","8.5",",,E,04,","31.9",",E,11,","3106.5","E","26.6",",E","22.2",",,,E","19.33",",E","26.83",",,,E","11.83",",,,E"
"BKM00014654","1946-07","43.8678","18.4228","630.0","SARAJEVO, BK","187.4","E","124.5",",E","6",",E","2",",E","0",",E","","","0",",E","0",",E","0",",E","30",",E","12",",E","19460713",",,E","","","19460715",",,E","19460729",",,E","8.4",",E,13,","","","6.4",",,E,15,","35.7",",E,29,","5.5","E","5.5",",E","17.4",",,,E","22.17",",E","29.79",",,,E","14.55",",,,E"
"BKM00014654","1946-08","43.8678","18.4228","630.0","SARAJEVO, BK","356.6","E","169.2",",E","4",",E","3",",E","1",",E","","","0",",E","0",",E","0",",E","29",",E","19",",E","19460829",",,E","","","19460828",",,E","19460819",",,E","7.9",",E,29,","","","27.6",",,E,28,","40.0",",E,19,","16.4","E","10.9",",E","41.8",",,,E","23.44",",E","32.04",",,,E","14.84",",,,E"
"BKM00014654","1946-09","43.8678","18.4228","630.0","SARAJEVO, BK","426.6","E","70.0",",E","2",",E","1",",E","0",",E","","","0",",E","0",",E","0",",E","29",",E","5",",E","19460923",",,E","","","19460904",",,E","19460908",",,E","5.9",",E,23,","","","3.8",",,E,04,","37.7",",E,08,","29.7","E","13.3",",E","5.1",",,,E","20.22",",E","28.64",",,,E","11.81",",,,E"
"BKM00014654","1946-10","43.8678","18.4228","630.0","SARAJEVO, BK","426.6","E","0.0",",E","16",",E","12",",E","0",",E","","","0",",E","10",",E","0",",E","3",",E","0",",E","19461026",",,E","","","19461022",",,E","19461002",",,E","-9.5",",E,26,","","","24.3",",,E,22,","25.7",",E,02,","361.9","E","332.2",",E","137.9",",,,E","7.62",",E","12.95",",,,E","2.29",",,,E"
"BKM00014654","1946-11","43.8678","18.4228","630.0","SARAJEVO, BK","426.6","E","0.0",",E","14",",E","9",",E","2",",E","","","0",",E","7",",E","0",",E","0",",E","0",",E","19461114",",,E","","","19461103",",,E","19461101",",,E","-2.1",",E,14,","","","47.5",",,E,03,","19.4",",E,01,","706.6","E","344.7",",E","181.7",",,,E","6.84",",E","10.26",",,,E","3.42",",,,E"
"BKM00014654","1946-12","43.8678","18.4228","630.0","SARAJEVO, BK","426.6","E","0.0",",E","15",",E","5",",E","0",",E","","","0",",E","22",",E","16",",E","0",",E","0",",E","19461221","+,,E","","","19461225",",,E","19461205",",,E","-10.5",",E,21,+","","","10.0",",,E,25,","11.5",",E,05,","1305.6","E","599.0",",E","37.4",",,,E","-0.99",",E","1.21",",,,E","-3.18",",,,E"
"BKM00014654","1947-01","43.8678","18.4228","630.0","SARAJEVO, BK","0.0","E","0.0",",E","14",",E","6",",E","0",",E","","","4",",E","31",",E","23",",E","0",",E","0",",E","19470106",",,E","","","19470115",",,E","19470114",",,E","-25.6",",E,06,","","","18.0",",,E,15,","8.5",",E,14,","2088.3","E","782.7",",E","54.5",",,,E","-6.92",",E","-3.61",",,,E","-10.22",",,,E"
"BKM00014654","1947-02","43.8678","18.4228","630.0","SARAJEVO, BK","0.0","E","0.0",",E","18",",E","10",",E","0",",E","","","0",",E","17",",E","6",",E","0",",E","0",",E","19470201",",,E","","","19470205",",,E","19470225",",,E","-16.0",",E,01,","","","9.1",",,E,05,","19.0",",E,25,","2530.3","E","442.0",",E","68.9",",,,E","2.55",",E","6.47",",,,E","-1.38",",,,E"
"BKM00014654","1947-03","43.8678","18.4228","630.0","SARAJEVO, BK","0.0","E","0.0",",E","11",",E","6",",E","0",",E","","","0",",E","4",",E","0",",E","5",",E","0",",E","19470310",",,E","","","19470310",",,E","19470325",",,E","-8.0",",E,10,","","","10.4",",,E,10,","23.5",",E,25,","2777.6","E","247.3",",E","35.2",",,,E","10.35",",E","15.60",",,,E","5.11",",,,E"
"BKM00014654","1947-04","43.8678","18.4228","630.0","SARAJEVO, BK","0.9","E","0.9",",E","11",",E","6",",E","0",",E","","","0",",E","3",",E","0",",E","16",",E","0",",E","19470414",",,E","","","19470410",",,E","19470428",",,E","-2.0",",E,14,","","","10.2",",,E,10,","27.9",",E,28,","2958.0","E","180.4",",E","35.3",",,,E","12.35",",E","19.20",",,,E","5.49",",,,E"
"BKM00014654","1947-05","43.8678","18.4228","630.0","SARAJEVO, BK","10.9","E","10.0",",E","14",",E","11",",E","0",",E","","","0",",E","0",",E","0",",E","20",",E","0",",E","19470510",",,E","","","19470523",",,E","19470503",",,E","5.5",",E,10,","","","19.6",",,E,23,","29.9",",E,03,","3040.4","E","82.4",",E","110.5",",,,E","16.00",",E","21.98",",,,E","10.02",",,,E"
"BKM00014654","1947-06","43.8678","18.4228","630.0","SARAJEVO, BK","34.5","E","23.6",",E","17",",E","10",",E","2",",E","","","0",",E","0",",E","0",",E","20",",E","0",",E","19470612","+,,E","","","19470622",",,E","19470604",",,E","5.5",",E,12,+","","","32.2",",,E,22,","30.0",",E,04,","3087.6","E","47.2",",E","155.4",",,,E","17.54",",E","23.64",",,,E","11.45",",,,E"
"BKM00014654","1947-07","43.8678","18.4228","630.0","SARAJEVO, BK","99.9","E","65.4",",E","10",",E","6",",E","1",",E","","","0",",E","0",",E","0",",E","30",",E","1",",E","19470716",",,E","","","19470702",",,E","19470731",",,E","8.5",",E,16,","","","28.6",",,E,02,","32.2",",E,31,","7.9","E","7.9",",E","74.2",",,,E","20.19",",E","26.86",",,,E","13.52",",,,E"
"BKM00014654","1947-08","43.8678","18.4228","630.0","SARAJEVO, BK","152.6","E","52.7",",E","15",",E","9",",E","0",",E","","","0",",E","0",",E","0",",E","24",",E","3",",E","19470831",",,E","","","19470809",",,E","19470806",",,E","5.8",",E,31,","","","16.4",",,E,09,","34.5",",E,06,","42.0","E","34.1",",E","97.4",",,,E","18.93",",E","24.95",",,,E","12.91",",,,E"
"BKM00014654","1947-09","43.8678","18.4228","630.0","SARAJEVO, BK","164.7","E","12.1",",E","4",",E","3",",E","0",",E","","","0",",E","0",",E","0",",E","26",",E","0",",E","19470901",",,E","","","19470903",",,E","19470913",",,E","3.6",",E,01,","","","8.8",",,E,03,","29.8",",E,13,","81.0","E","39.0",",E","23.1",",,,E","17.44",",E","25.06",",,,E","9.81",",,,E"
"BKM00014654","1947-10","43.8678","18.4228","630.0","SARAJEVO, BK","164.8","E","0.1",",E","8",",E","6",",E","0",",E","","","0",",E","6",",E","0",",E","5",",E","0",",E","19471021",",,E","","","19471020",",,E","19471010",",,E","-4.0",",E,21,","","","8.7",",,E,20,","25.8",",E,10,","361.7","E","280.7",",E","41.7",",,,E","9.28",",E","15.03",",,,E","3.53",",,,E"
"BKM00014654","1947-11","43.8678","18.4228","630.0","SARAJEVO, BK","164.8","E","0.0",",E","12",",E","6",",E","0",",E","","","0",",E","9",",E","0",",E","0",",E","0",",E","19471127",",,E","","","19471130",",,E","19471116","+,,E","-5.6",",E,27,","","","19.5",",,E,30,","19.0",",E,16,+","704.6","E","342.9",",E","77.5",",,,E","6.90",",E","11.04",",,,E","2.77",",,,E"
"BKM00014654","1947-12","43.8678","18.4228","630.0","SARAJEVO, BK","164.8","E","0.0",",E","16",",E","11",",E","1",",E","","","0",",E","19",",E","8",",E","0",",E","0",",E","19471218",",,E","","","19471231",",,E","19471202",",,E","-12.7",",E,18,","","","46.4",",,E,31,","15.5",",E,02,","1225.4","E","520.8",",E","127.9",",,,E","1.53",",E","4.56",",,,E","-1.49",",,,E"
"BKM00014654","1948-01","43.8678","18.4228","630.0","SARAJEVO, BK","0.0","E","0.0",",E","12",",E","9",",E","0",",E","","","0",",E","10",",E","3",",E","0",",E","0",",E","19480102",",,E","","","19480121",",,E","19480128",",,E","-14.1",",E,02,","","","17.8",",,E,21,","13.9",",E,28,","1637.5","E","412.1",",E","99.8",",,,E","5.04",",E","8.85",",,,E","1.22",",,,E"
"BKM00014654","1948-02","43.8678","18.4228","630.0","SARAJEVO, BK","0.0","E","0.0","2,E","11",",E","7",",E","0",",E","","","0","1,E","23","1,E","6","1,E","0","1,E","0","1,E","19480219",",1,E","","","19480202",",,E","19480204",",1,E","-10.4","1,E,19,","","","15.6",",,E,02,","15.0","1,E,04,","2126.3","E","488.8","1,E","54.1",",,,E","0.30","2,E","4.43","1,,,E","-3.83","1,,,E"
"BKM00014654","1948-03","43.8678","18.4228","630.0","SARAJEVO, BK","0.0","E","0.0",",E","5",",E","1",",E","0",",E","","","0",",E","19",",E","0",",E","0",",E","0",",E","19480329",",,E","","","19480327",",,E","19480322",",,E","-5.5",",E,29,","","","3.3",",,E,27,","20.8",",E,22,","2522.5","E","396.2",",E","7.3",",,,E","5.55",",E","11.89",",,,E","-0.78",",,,E"
"BKM00014654","1948-04","43.8678","18.4228","630.0","SARAJEVO, BK","0.0","E","0.0",",E","13",",E","8",",E","0",",E","","","0",",E","1",",E","0",",E","3",",E","0",",E","19480427",",,E","","","19480425",",,E","19480422",",,E","-2.0",",E,27,","","","23.0",",,E,25,","22.9",",E,22,","2770.0","E","247.5",",E","86.6",",,,E","10.08",",E","15.54",",,,E","4.63",",,,E"
"BKM00014654","1948-05","43.8678","18.4228","630.0","SARAJEVO, BK","5.2","E","5.2",",E","18",",E","9",",E","0",",E","","","0",",E","0",",E","0",",E","17",",E","0",",E","19480520",",,E","","","19480522",",,E","19480513",",,E","3.0",",E,20,","","","17.6",",,E,22,","28.6",",E,13,","2874.2","E","104.2",",E","79.9",",,,E","15.14",",E","20.98",",,,E","9.30",",,,E"
"BKM00014654","1948-06","43.8678","18.4228","630.0","SARAJEVO, BK","17.1","E","11.9",",E","16",",E","12",",E","1",",E","","","0",",E","0",",E","0",",E","13",",E","0",",E","19480627",",,E","","","19480624",",,E","19480619",",,E","4.5",",E,27,","","","29.0",",,E,24,","30.0",",E,19,","2980.8","E","106.6",",E","136.8",",,,E","15.18",",E","20.14",",,,E","10.22",",,,E"
"BKM00014654","1948-07","43.8678","18.4228","630.0","SARAJEVO, BK","45.1","E","28.0","1,E","13",",E","7",",E","0",",E","","","0","1,E","0","1,E","0",",E","27",",E","0",",E","19480719","+,1,E","","","19480718",",,E","19480722","+,,E","7.0","1,E,19,+","","","23.8",",,E,18,","29.4",",E,22,+","33.1","E","33.1",",E","93.5",",,,E","18.11","1,E","24.51",",,,E","11.72","1,,,E"
"BKM00014654","1948-08","43.8678","18.4228","630.0","SARAJEVO, BK","117.1","E","72.0",",E","6",",E","4",",E","0",",E","","","0",",E","0",",E","0",",E","29",",E","3",",E","19480823",",,E","","","19480813",",,E","19480810",",,E","8.2",",E,23,","","","19.5",",,E,13,","34.0",",E,10,","51.6","E","18.5",",E","50.5",",,,E","20.06",",E","26.74",",,,E","13.38",",,,E"
"BKM00014654","1948-09","43.8678","18.4228","630.0","SARAJEVO, BK","127.8","E","10.7",",E","7",",E","4",",E","1",",E","","","0",",E","0",",E","0",",E","21",",E","0",",E","19480923",",,E","","","19480917",",,E","19480905",",,E","3.6",",E,23,","","","26.1",",,E,17,","29.4",",E,05,","128.9","E","77.3",",E","59.9",",,,E","16.11",",E","22.60",",,,E","9.63",",,,E"
"BKM00014654","1948-10","43.8678","18.4228","630.0","SARAJEVO, BK","127.8","E","0.0",",E","11",",E","6",",E","0",",E","","","0",",E","3",",E","0",",E","6",",E","0",",E","19481012",",,E","","","19481008",",,E","19481006",",,E","-1.4",",E,12,","","","24.5",",,E,08,","25.6",",E,06,","315.8","E","186.9",",E","78.5",",,,E","12.30",",E","17.73",",,,E","6.88",",,,E"
"BKM00014654","1948-11","43.8678","18.4228","630.0","SARAJEVO, BK","127.8","E","0.0",",E","13",",E","7",",E","0",",E","","","0",",E","13",",E","3",",E","0",",E","0",",E","19481130",",,E","","","19481109",",,E","19481108",",,E","-9.6",",E,30,","","","18.5",",,E,09,","19.3",",E,08,","712.4","E","396.6",",E","56.7",",,,E","5.11",",E","8.79",",,,E","1.43",",,,E"
"BKM00014654","1948-12","43.8678","18.4228","630.0","SARAJEVO, BK","127.8","E","0.0",",E","2",",E","0",",E","0",",E","","","0",",E","30",",E","16",",E","0",",E","0",",E","19481228",",,E","","","19481217",",,E","19481231",",,E","-12.7",",E,28,","","","1.9",",,E,17,","10.4",",E,31,","1353.4","E","641.0",",E","2.4",",,,E","-2.34",",E","1.03",",,,E","-5.72",",,,E"
"BKM00014654","1949-01","43.8678","18.4228","630.0","SARAJEVO, BK","0.0","E","0.0",",E","10",",E","9",",E","0",",E","","","0",",E","22",",E","3",",E","0",",E","0",",E","19490124",",,E","","","19490113",",,E","19490103",",,E","-11.5",",E,24,","","","20.4",",,E,13,","13.5",",E,03,","1895.1","E","541.7",",E","73.7",",,,E","0.86",",E","4.57",",,,E","-2.85",",,,E"
"BKM00014654","1949-02","43.8678","18.4228","630.0","SARAJEVO, BK","0.0","E","0.0",",E","4",",E","1",",E","0",",E","","","0",",E","23",",E","7",",E","0",",E","0",",E","19490204",",,E","","","19490211",",,E","19490227",",,E","-15.7",",E,04,","","","3.0",",,E,11,","13.7",",E,27,","2404.8","E","509.7",",E","4.9",",,,E","0.13",",E","4.98",",,,E","-4.73",",,,E"
"BKM00014654","1949-03","43.8678","18.4228","630.0","SARAJEVO, BK","0.0","E","0.0",",E","18",",E","12",",E","2",",E","","","0",",E","25",",E","7",",E","0",",E","0",",E","19490306",",,E","","","19490320",",,E","19490314",",,E","-14.7",",E,06,","","","27.4",",,E,20,","14.5",",E,14,","2959.2","E","554.4",",E","134.1",",,,E","0.45",",E","4.85",",,,E","-3.95",",,,E"
"BKM00014654","1949-04","43.8678","18.4228","630.0","SARAJEVO, BK","0.0","E","0.0",",E","5",",E","1",",E","0",",E","","","0",",E","4",",E","0",",E","11",",E","0",",E","19490401",",,E","","","19490428",",,E","19490425",",,E","-2.9",",E,01,","","","7.0",",,E,28,","26.0",",E,25,","3158.8","E","199.6",",E","13.2",",,,E","11.68",",E","18.82",",,,E","4.54",",,,E"
"BKM00014654","1949-05","43.8678","18.4228","630.0","SARAJEVO, BK","2.1","E","2.1",",E","15",",E","8",",E","1",",E","","","0",",E","3",",E","0",",E","13",",E","0",",E","19490515",",,E","","","19490523",",,E","19490531",",,E","-2.0",",E,15,","","","29.4",",,E,23,","28.8",",E,31,","3306.2","E","147.4",",E","99.0",",,,E","13.64",",E","20.35",",,,E","6.93",",,,E"
"BKM00014654","1949-06","43.8678","18.4228","630.0","SARAJEVO, BK","14.6","E","12.5",",E","18",",E","13",",E","3",",E","","","0",",E","0",",E","0",",E","13",",E","0",",E","19490623",",,E","","","19490625",",,E","19490610","+,,E","4.5",",E,23,","","","54.3",",,E,25,","28.8",",E,10,+","3415.8","E","109.6",",E","202.7",",,,E","15.10",",E","20.29",",,,E","9.90",",,,E"
"BKM00014654","1949-07","43.8678","18.4228","630.0","SARAJEVO, BK","54.2","E","39.6",",E","12",",E","7",",E","0",",E","","","0",",E","0",",E","0",",E","23",",E","0",",E","19490723",",,E","","","19490701",",,E","19490729","+,,E","6.3",",E,23,","","","17.9",",,E,01,","30.3",",E,29,+","49.2","E","49.2",",E","67.4",",,,E","18.02",",E","24.48",",,,E","11.57",",,,E"
"BKM00014654","1949-08","43.8678","18.4228","630.0","SARAJEVO, BK","99.0","E","44.8",",E","8",",E","7",",E","0",",E","","","0",",E","0",",E","0",",E","21",",E","0",",E","19490822",",,E","","","19490813",",,E","19490803",",,E","4.3",",E,22,","","","24.8",",,E,13,","32.1",",E,03,","120.0","E","70.8",",E","67.6",",,,E","17.49",",E","24.11",",,,E","10.87",",,,E"
"BKM00014654","1949-09","43.8678","18.4228","630.0","SARAJEVO, BK","108.2","E","9.2",",E","10",",E","4",",E","0",",E","","","0",",E","0",",E","0",",E","18",",E","0",",E","19490927",",,E","","","19490911",",,E","19490903",",,E","4.4",",E,27,","","","21.2",",,E,11,","30.0",",E,03,","199.5","E","79.5",",E","42.8",",,,E","15.99",",E","22.18",",,,E","9.80",",,,E"
"BKM00014654","1949-10","43.8678","18.4228","630.0","SARAJEVO, BK","108.2","E","0.0",",E","6",",E","3",",E","0",",E","","","0",",E","0",",E","0",",E","4",",E","0",",E","19491021",",,E","","","19491019",",,E","19491001",",,E","2.1",",E,21,","","","6.5",",,E,19,","23.6",",E,01,","403.7","E","204.2",",E","17.2",",,,E","11.75",",E","17.03",",,,E","6.46",",,,E"
"BKM00014654","1949-11","43.8678","18.4228","630.0","SARAJEVO, BK","108.2","E","0.0",",E","16",",E","10",",E","0",",E","","","0",",E","4",",E","0",",E","0",",E","0",",E","19491110",",,E","","","19491105",",,E","19491126",",,E","-0.5",",E,10,","","","13.0",",,E,05,","18.0",",E,26,","699.7","E","296.0",",E","92.5",",,,E","8.47",",E","11.82",",,,E","5.11",",,,E"
"BKM00014654","1949-12","43.8678","18.4228","630.0","SARAJEVO, BK","108.2","E","0.0",",E","10",",E","7",",E","0",",E","","","0",",E","23",",E","2",",E","0",",E","0",",E","19491226",",,E","","","19491211",",,E","19491210",",,E","-9.5",",E,26,","","","17.2",",,E,11,","16.2",",E,10,","1214.8","E","515.1",",E","84.8",",,,E","1.72",",E","6.26",",,,E","-2.82",",,,E"
"BKM00014654","1950-01","43.8678","18.4228","630.0","SARAJEVO, BK","0.0","E","0.0",",E","14",",E","8",",E","0",",E","","","0",",E","28",",E","11",",E","0",",E","0",",E","19500131",",,E","","","19500119",",,E","19500117",",,E","-14.5",",E,31,","","","11.7",",,E,19,","10.9",",E,17,","1847.4","E","632.6",",E","52.1",",,,E","-2.07",",E","1.65",",,,E","-5.80",",,,E"
"BKM00014654","1950-02","43.8678","18.4228","630.0","SARAJEVO, BK","0.0","E","0.0",",E","11",",E","8",",E","0",",E","","","0",",E","19",",E","1",",E","0",",E","0",",E","19500204",",,E","","","19500215",",,E","19500220",",,E","-13.3",",E,04,","","","15.3",",,E,15,","15.9",",E,20,","2252.6","E","405.2",",E","56.9",",,,E","3.86",",E","8.94",",,,E","-1.22",",,,E"
"BKM00014654","1950-03","43.8678","18.4228","630.0","SARAJEVO, BK","0.0","E","0.0",",E","10",",E","5",",E","0",",E","","","0",",E","15",",E","0",",E","0",",E","0",",E","19500312",",,E","","","19500320",",,E","19500318",",,E","-1.4",",E,12,","","","8.6",",,E,20,","18.5",",E,18,","2626.5","E","373.9",",E","39.0",",,,E","6.27",",E","11.70",",,,E","0.85",",,,E"
"BKM00014654","1950-04","43.8678","18.4228","630.0","SARAJEVO, BK","2.2","E","2.2",",E","12",",E","9",",E","0",",E","","","0",",E","1",",E","0",",E","4",",E","0",",E","19500409",",,E","","","19500401",",,E","19500421",",,E","-0.5",",E,09,","","","8.4",",,E,01,","30.2",",E,21,","2837.0","E","210.5",",E","49.7",",,,E","11.39",",E","16.95",",,,E","5.82",",,,E"
"BKM00014654","1950-05","43.8678","18.4228","630.0","SARAJEVO, BK","27.2","E","25.0",",E","9",",E","4",",E","0",",E","","","0",",E","0",",E","0",",E","14",",E","0",",E","19500503",",,E","","","19500529",",,E","19500526",",,E","3.7",",E,03,","","","11.9",",,E,29,","31.2",",E,26,","2957.7","E","120.7",",E","36.1",",,,E","15.25",",E","21.54",",,,E","8.95",",,,E"
"BKM00014654","1950-06","43.8678","18.4228","630.0","SARAJEVO, BK","64.6","E","37.4",",E","8",",E","4",",E","0",",E","","","0",",E","0",",E","0",",E","29",",E","1",",E","19500601",",,E","","","19500619",",,E","19500630",",,E","7.0",",E,01,","","","10.5",",,E,19,","33.3",",E,30,","2977.0","E","19.3",",E","26.5",",,,E","18.94",",E","25.92",",,,E","11.96",",,,E"
"BKM00014654","1950-07","43.8678","18.4228","630.0","SARAJEVO, BK","201.3","E","136.7",",E","4",",E","3",",E","0",",E","","","0",",E","0",",E","0",",E","31",",E","10",",E","19500710",",,E","","","19500716",",,E","19500706",",,E","9.9",",E,10,","","","19.3",",,E,16,","36.6",",E,06,","1.9","E","1.9",",E","32.3",",,,E","22.68",",E","30.13",",,,E","15.24",",,,E"
"BKM00014654","1950-08","43.8678","18.4228","630.0","SARAJEVO, BK","328.2","E","126.9",",E","4",",E","2",",E","0",",E","","","0",",E","0",",E","0",",E","31",",E","12",",E","19500805",",,E","","","19500804",",,E","19500827",",,E","8.6",",E,05,","","","16.2",",,E,04,","38.0",",E,27,","5.4","E","3.5",",E","21.9",",,,E","22.31",",E","30.73",",,,E","13.89",",,,E"
"BKM00014654","1950-09","43.8678","18.4228","630.0","SARAJEVO, BK","364.6","E","36.4",",E","6",",E","4",",E","0",",E","","","0",",E","0",",E","0",",E","19",",E","0",",E","19500925",",,E","","","19500903",",,E","19500912",",,E","5.8",",E,25,","","","23.6",",,E,03,","31.9",",E,12,","57.0","E","51.6",",E","50.1",",,,E","17.83",",E","24.30",",,,E","11.35",",,,E"
"BKM00014654","1950-10","43.8678","18.4228","630.0","SARAJEVO, BK","364.6","E","0.0",",E","11",",E","8",",E","0",",E","","","0",",E","4",",E","0",",E","3",",E","0",",E","19501014",",,E","","","19501028",",,E","19501001",",,E","-0.4",",E,14,","","","18.0",",,E,28,","22.9",",E,01,","316.1","E","259.1",",E","90.2",",,,E","9.98",",E","15.95",",,,E","4.01",",,,E"
"BKM00014654","1950-11","43.8678","18.4228","630.0","SARAJEVO, BK","364.6","E","0.0",",E","15",",E","11",",E","0",",E","","","0",",E","11",",E","0",",E","0",",E","0",",E","19501111","+,,E","","","19501101",",,E","19501121",",,E","-3.3",",E,11,+","","","18.3",",,E,01,","17.5",",E,21,","663.6","E","347.5",",E","123.0",",,,E","6.75",",E","10.28",",,,E","3.22",",,,E"
"BKM00014654","1950-12","43.8678","18.4228","630.0","SARAJEVO, BK","364.6","E","0.0",",E","17",",E","10",",E","2",",E","","","0",",E","9",",E","2",",E","0",",E","0",",E","19501221",",,E","","","19501209",",,E","19501207",",,E","-4.0",",E,21,","","","47.4",",,E,09,","17.3",",E,07,","1053.4","E","389.8",",E","149.1",",,,E","5.76",",E","8.97",",,,E","2.55",",,,E"
"BKM00014654","1951-01","43.8678","18.4228","630.0","SARAJEVO, BK","0.0","E","0.0",",E","9",",E","6",",E","0",",E","","","0",",E","18",",E","0",",E","0",",E","0",",E","19510123",",,E","","","19510115",",,E","19510104",",,E","-6.6",",E,23,","","","14.7",",,E,15,","12.7",",E,04,","1523.5","E","470.1",",E","44.0",",,,E","3.17",",E","6.51",",,,E","-0.18",",,,E"
"BKM00014654","1951-02","43.8678","18.4228","630.0","SARAJEVO, BK","0.0","E","0.0",",E","11",",E","8",",E","1",",E","","","0",",E","11",",E","0",",E","0",",E","0",",E","19510223",",,E","","","19510227",",,E","19510207",",,E","-2.3",",E,23,","","","30.0",",,E,27,","16.2",",E,07,","1875.5","E","352.0",",E","84.6",",,,E","5.76",",E","9.73",",,,E","1.80",",,,E"
"BKM00014654","1951-03","43.8678","18.4228","630.0","SARAJEVO, BK","0.0","E","0.0",",E","18",",E","14",",E","1",",E","","","0",",E","12",",E","0",",E","0",",E","0",",E","19510323",",,E","","","19510326",",,E","19510314",",,E","-5.8",",E,23,","","","28.4",",,E,26,","18.8",",E,14,","2243.9","E","368.4",",E","97.6",",,,E","6.45",",E","10.84",",,,E","2.05",",,,E"
"BKM00014654","1951-04","43.8678","18.4228","630.0","SARAJEVO, BK","0.0","E","0.0",",E","14",",E","9",",E","0",",E","","","0",",E","1",",E","0",",E","0",",E","0",",E","19510416",",,E","","","19510413",",,E","19510419",",,E","0.0",",E,16,","","","15.9",",,E,13,","20.7",",E,19,","2500.3","E","256.4",",E","70.0",",,,E","9.79",",E","15.06",",,,E","4.51",",,,E"
"BKM00014654","1951-05","43.8678","18.4228","630.0","SARAJEVO, BK","15.1","E","15.1",",E","11",",E","7",",E","0",",E","","","0",",E","0",",E","0",",E","17",",E","0",",E","19510517",",,E","","","19510526",",,E","19510530",",,E","4.5",",E,17,","","","23.5",",,E,26,","29.4",",E,30,","2600.2","E","99.9",",E","70.3",",,,E","15.60",",E","21.63",",,,E","9.57",",,,E"
"BKM00014654","1951-06","43.8678","18.4228","630.0","SARAJEVO, BK","51.1","E","36.0",",E","10",",E","4",",E","0",",E","","","0",",E","0",",E","0",",E","25",",E","0",",E","19510612",",,E","","","19510606",",,E","19510618",",,E","7.8",",E,12,","","","25.2",",,E,06,","30.9",",E,18,","2632.0","E","31.8",",E","45.7",",,,E","18.48",",E","24.34",",,,E","12.61",",,,E"
"BKM00014654","1951-07","43.8678","18.4228","630.0","SARAJEVO, BK","98.5","E","47.4",",E","10",",E","8",",E","0",",E","","","0",",E","0",",E","0",",E","25",",E","0",",E","19510723",",,E","","","19510719",",,E","19510716",",,E","9.4",",E,23,","","","22.2",",,E,19,","32.0",",E,16,","23.2","E","23.2",",E","75.9",",,,E","19.11",",E","25.04",",,,E","13.19",",,,E"
"BKM00014654","1951-08","43.8678","18.4228","630.0","SARAJEVO, BK","193.4","E","94.9",",E","4",",E","4",",E","0",",E","","","0",",E","0",",E","0",",E","30",",E","6",",E","19510820",",,E","","","19510824",",,E","19510809",",,E","8.6",",E,20,","","","25.0",",,E,24,","35.2",",E,09,","30.0","E","6.8",",E","59.4",",,,E","21.18",",E","28.34",",,,E","14.01",",,,E"
"BKM00014654","1951-09","43.8678","18.4228","630.0","SARAJEVO, BK","224.1","E","30.7",",E","12",",E","8",",E","1",",E","","","0",",E","0",",E","0",",E","22",",E","0",",E","19510922",",,E","","","19510913",",,E","19510901",",,E","3.4",",E,22,","","","41.7",",,E,13,","30.0",",E,01,","71.8","E","41.8",",E","93.0",",,,E","17.96",",E","23.93",",,,E","12.00",",,,E"
"BKM00014654","1951-10","43.8678","18.4228","630.0","SARAJEVO, BK","224.1","E","0.0",",E","15",",E","12",",E","0",",E","","","0",",E","2",",E","0",",E","0",",E","0",",E","19511018",",,E","","","19511002",",,E","19511022","+,,E","-1.2",",E,18,","","","12.2",",,E,02,","18.8",",E,22,+","362.9","E","291.1",",E","78.4",",,,E","8.94",",E","12.64",",,,E","5.25",",,,E"
"BKM00014654","1951-11","43.8678","18.4228","630.0","SARAJEVO, BK","224.5","E","0.4",",E","14",",E","6",",E","0",",E","","","0",",E","6",",E","0",",E","1",",E","0",",E","19511129",",,E","","","19511124",",,E","19511111",",,E","-3.4",",E,29,","","","14.0",",,E,24,","21.4",",E,11,","643.1","E","280.2",",E","62.9",",,,E","9.01",",E","13.30",",,,E","4.71",",,,E"
"BKM00014654","1951-12","43.8678","18.4228","630.0","SARAJEVO, BK","224.5","E","0.0",",E","11",",E","4",",E","0",",E","","","0",",E","19",",E","1",",E","0",",E","0",",E","19511213",",,E","","","19511204",",,E","19511227",",,E","-7.8",",E,13,","","","10.5",",,E,04,","13.4",",E,27,","1115.5","E","472.4",",E","39.2",",,,E","3.10",",E","6.80",",,,E","-0.61",",,,E"
"BKM00014654","1952-01","43.8678","18.4228","630.0","SARAJEVO, BK","0.0","E","0.0",",E","16",",E","10",",E","1",",E","","","0",",E","26",",E","8",",E","0",",E","0",",E","19520130",",,E","","","19520114",",,E","19520125",",,E","-15.0",",E,30,","","","50.7",",,E,14,","10.9",",E,25,","1696.2","E","580.7",",E","129.5",",,,E","-0.40",",E","3.81",",,,E","-4.61",",,,E"
"BKM00014654","1952-02","43.8678","18.4228","630.0","SARAJEVO, BK","0.0","E","0.0",",E","17",",E","7",",E","0",",E","","","0",",E","23",",E","9",",E","0",",E","0",",E","19520204",",,E","","","19520203",",,E","19520223",",,E","-13.2",",E,04,","","","11.2",",,E,03,","14.8",",E,23,","2209.5","E","513.3",",E","50.1",",,,E","0.63",",E","4.11",",,,E","-2.84",",,,E"
"BKM00014654","1952-03","43.8678","18.4228","630.0","SARAJEVO, BK","0.6","E","0.6",",E","7",",E","6",",E","0",",E","","","0",",E","16",",E","3",",E","2",",E","0",",E","19520316",",,E","","","19520307",",,E","19520329",",,E","-11.5",",E,16,","","","12.5",",,E,07,","23.4",",E,29,","2624.5","E","415.0",",E","36.5",",,,E","4.96",",E","10.57",",,,E","-0.65",",,,E"
"BKM00014654","1952-04","43.8678","18.4228","630.0","SARAJEVO, BK","0.6","E","0.0",",E","8",",E","4",",E","0",",E","","","0",",E","2",",E","0",",E","16",",E","0",",E","19520403",",,E","","","19520429",",,E","19520424",",,E","-0.6",",E,03,","","","4.7",",,E,29,","25.7",",E,24,","2781.2","E","156.7",",E","20.8",",,,E","13.11",",E","19.78",",,,E","6.44",",,,E"
"BKM00014654","1952-05","43.8678","18.4228","630.0","SARAJEVO, BK","17.9","E","17.3",",E","14",",E","9",",E","1",",E","","","0",",E","1",",E","0",",E","14",",E","0",",E","19520519",",,E","","","19520513",",,E","19520510",",,E","-0.7",",E,19,","","","25.8",",,E,13,","29.8",",E,10,","2951.5","E","170.3",",E","74.0",",,,E","13.40",",E","19.25",",,,E","7.54",",,,E"
"BKM00014654","1952-06","43.8678","18.4228","630.0","SARAJEVO, BK","57.4","E","39.5",",E","7",",E","5",",E","0",",E","","","0",",E","0",",E","0",",E","22",",E","2",",E","19520611",",,E","","","19520610",",,E","19520619",",,E","6.1",",E,11,","","","11.0",",,E,10,","33.4",",E,19,","2997.9","E","46.4",",E","39.7",",,,E","18.10",",E","24.52",",,,E","11.69",",,,E"
"BKM00014654","1952-07","43.8678","18.4228","630.0","SARAJEVO, BK","147.9","E","90.5",",E","3",",E","2",",E","0",",E","","","0",",E","0",",E","0",",E","30",",E","2",",E","19520726",",,E","","","19520730",",,E","19520715",",,E","8.4",",E,26,","","","7.7",",,E,30,","35.0",",E,15,","5.8","E","5.8",",E","12.3",",,,E","21.06",",E","28.59",",,,E","13.54",",,,E"
"BKM00014654","1952-08","43.8678","18.4228","630.0","SARAJEVO, BK","305.7","E","157.8",",E","3",",E","1",",E","0",",E","","","0",",E","0",",E","0",",E","31",",E","16",",E","19520824",",,E","","","19520819",",,E","19520813",",,E","10.5",",E,24,","","","2.6",",,E,19,","37.4",",E,13,","5.8","E","0.0",",E","5.0",",,,E","23.42",",E","32.12",",,,E","14.73",",,,E"
"BKM00014654","1952-09","43.8678","18.4228","630.0","SARAJEVO, BK","334.9","E","29.2",",E","11",",E","6",",E","2",",E","","","0",",E","0",",E","0",",E","18",",E","0",",E","19520924",",,E","","","19520908",",,E","19520901",",,E","2.2",",E,24,","","","30.7",",,E,08,","30.9",",E,01,","84.4","E","78.6",",E","104.3",",,,E","16.69",",E","22.66",",,,E","10.72",",,,E"
"BKM00014654","1952-10","43.8678","18.4228","630.0","SARAJEVO, BK","335.0","E","0.1",",E","11",",E","7",",E","2",",E","","","0",",E","2",",E","0",",E","4",",E","0",",E","19521019",",,E","","","19521009",",,E","19521025",",,E","-0.5",",E,19,","","","27.5",",,E,09,","22.1",",E,25,","321.0","E","236.6",",E","140.3",",,,E","10.70",",E","15.74",",,,E","5.67",",,,E"
"BKM00014654","1952-11","43.8678","18.4228","630.0","SARAJEVO, BK","335.0","E","0.0",",E","16",",E","13",",E","1",",E","","","0",",E","12",",E","0",",E","0",",E","0",",E","19521110",",,E","","","19521108",",,E","19521129","+,,E","-5.3",",E,10,","","","30.2",",,E,08,","16.2",",E,29,+","718.8","E","397.8",",E","147.1",",,,E","5.07",",E","8.47",",,,E","1.67",",,,E"
"BKM00014654","1952-12","43.8678","18.4228","630.0","SARAJEVO, BK","335.0","E","0.0",",E","21",",E","20",",E","2",",E","","","0",",E","21",",E","12",",E","0",",E","0",",E","19521225",",,E","","","19521219",",,E","19521202","+,,E","-8.8",",E,25,","","","70.2",",,E,19,","15.0",",E,02,+","1238.1","E","519.3",",E","261.1",",,,E","1.58",",E","4.32",",,,E","-1.16",",,,E"
"BKM00014654","1953-01","43.8678","18.4228","630.0","SARAJEVO, BK","0.0","E","0.0",",E","14",",E","4",",E","0",",E","","","0",",E","28",",E","13",",E","0",",E","0",",E","19530128",",,E","","","19530102",",,E","19530131",",,E","-7.5",",E,28,","","","23.6",",,E,02,","12.2",",E,31,","1819.8","E","581.7",",E","47.2",",,,E","-0.43",",E","2.14",",,,E","-3.00",",,,E"
"BKM00014654","1953-02","43.8678","18.4228","630.0","SARAJEVO, BK","0.0","E","0.0",",E","11",",E","7",",E","0",",E","","","0",",E","25",",E","9",",E","0",",E","0",",E","19530210",",,E","","","19530212",",,E","19530224",",,E","-14.4",",E,10,","","","18.9",",,E,12,","13.1",",E,24,","2346.5","E","526.7",",E","83.1",",,,E","-0.48",",E","4.34",",,,E","-5.30",",,,E"
"BKM00014654","1953-03","43.8678","18.4228","630.0","SARAJEVO, BK","0.0","E","0.0",",E","7",",E","3",",E","0",",E","","","0",",E","24",",E","1",",E","0",",E","0",",E","19530314",",,E","","","19530311",",,E","19530330",",,E","-12.1",",E,14,","","","7.2",",,E,11,","20.6",",E,30,","2798.7","E","452.2",",E","18.1",",,,E","3.75",",E","9.97",",,,E","-2.48",",,,E"
"BKM00014654","1953-04","43.8678","18.4228","630.0","SARAJEVO, BK","0.0","E","0.0",",E","10",",E","4",",E","1",",E","","","0",",E","0",",E","0",",E","7",",E","0",",E","19530419","+,,E","","","19530412",",,E","19530407",",,E","2.0",",E,19,+","","","27.5",",,E,12,","23.8",",E,07,","3000.7","E","202.0",",E","49.3",",,,E","11.60",",E","17.51",",,,E","5.69",",,,E"
"BKM00014654","1953-05","43.8678","18.4228","630.0","SARAJEVO, BK","2.3","E","2.3",",E","18",",E","9",",E","1",",E","","","0",",E","2",",E","0",",E","11",",E","0",",E","19530510",",,E","","","19530509",",,E","19530527",",,E","-0.5",",E,10,","","","27.7",",,E,09,","27.7",",E,27,","3163.1","E","162.4",",E","107.5",",,,E","13.17",",E","18.76",",,,E","7.57",",,,E"
"BKM00014654","1953-06","43.8678","18.4228","630.0","SARAJEVO, BK","42.6","E","40.3",",E","12",",E","7",",E","0",",E","","","0",",E","0",",E","0",",E","24",",E","0",",E","19530602",",,E","","","19530606",",,E","19530608",",,E","7.7",",E,02,","","","24.4",",,E,06,","29.1",",E,08,","3191.9","E","28.8",",E","81.9",",,,E","18.72",",E","24.07",",,,E","13.37",",,,E"
"BKM00014654","1953-07","43.8678","18.4228","630.0","SARAJEVO, BK","134.4","E","91.8",",E","11",",E","5",",E","0",",E","","","0",",E","0",",E","0",",E","30",",E","7",",E","19530721",",,E","","","19530702",",,E","19530719",",,E","10.5",",E,21,","","","4.7",",,E,02,","35.2",",E,19,","2.9","E","2.9",",E","25.5",",,,E","21.20",",E","27.91",",,,E","14.49",",,,E"
"BKM00014654","1953-08","43.8678","18.4228","630.0","SARAJEVO, BK","168.2","E","33.8",",E","7",",E","7",",E","1",",E","","","0",",E","0",",E","0",",E","26",",E","0",",E","19530830",",,E","","","19530805",",,E","19530803",",,E","8.0",",E,30,","","","32.3",",,E,05,","30.2",",E,03,","30.2","E","27.3",",E","100.6",",,,E","18.54",",E","24.93",",,,E","12.15",",,,E"
"BKM00014654","1953-09","43.8678","18.4228","630.0","SARAJEVO, BK","192.0","E","23.8",",E","4",",E","1",",E","1",",E","","","0",",E","0",",E","0",",E","22",",E","0",",E","19530908",",,E","","","19530912",",,E","19530903",",,E","3.0",",E,08,","","","47.0",",,E,12,","30.0",",E,03,","85.5","E","55.3",",E","51.1",",,,E","17.28",",E","24.26",",,,E","10.31",",,,E"
"BKM00014654","1953-10","43.8678","18.4228","630.0","SARAJEVO, BK","192.9","E","0.9",",E","7",",E","2",",E","0",",E","","","0",",E","1",",E","0",",E","9",",E","0",",E","19531023",",,E","","","19531006",",,E","19531017",",,E","-0.1",",E,23,","","","12.7",",,E,06,","25.5",",E,17,","245.0","E","159.5",",E","22.4",",,,E","13.21",",E","18.21",",,,E","8.22",",,,E"
"BKM00014654","1953-11","43.8678","18.4228","630.0","SARAJEVO, BK","192.9","E","0.0",",E","5",",E","0",",E","0",",E","","","0",",E","18",",E","0",",E","0",",E","0",",E","19531127",",,E","","","19531101",",,E","19531102",",,E","-9.2",",E,27,","","","2.0",",,E,01,","15.9",",E,02,","674.6","E","429.6",",E","5.0",",,,E","4.01",",E","8.62",",,,E","-0.59",",,,E"
"BKM00014654","1953-12","43.8678","18.4228","630.0","SARAJEVO, BK","192.9","E","0.0",",E","9",",E","3",",E","1",",E","","","0",",E","28",",E","6",",E","0",",E","0",",E","19531226",",,E","","","19531230",",,E","19531210",",,E","-12.4",",E,26,","","","53.1",",,E,30,","11.8",",E,10,","1217.1","E","542.5",",E","68.4",",,,E","0.83",",E","4.81",",,,E","-3.14",",,,E"
"BKM00014654","1954-01","43.8678","18.4228","630.0","SARAJEVO, BK","0.0","E","0.0",",E","19",",E","7",",E","0",",E","","","3",",E","30",",E","22",",E","0",",E","0",",E","19540126",",,E","","","19540130",",,E","19540122",",,E","-22.0",",E,26,","","","12.6",",,E,30,","10.0",",E,22,","1960.9","E","743.8",",E","64.0",",,,E","-5.66",",E","-1.95",",,,E","-9.37",",,,E"
"BKM00014654","1954-02","43.8678","18.4228","630.0","SARAJEVO, BK","0.0","E","0.0",",E","16",",E","6",",E","0",",E","","","1",",E","24",",E","16",",E","0",",E","0",",E","19540201",",,E","","","19540218",",,E","19540227",",,E","-18.4",",E,01,","","","17.6",",,E,18,","10.8",",E,27,","2587.6","E","626.7",",E","69.6",",,,E","-4.05",",E","0.18",",,,E","-8.27",",,,E"
"BKM00014654","1954-03","43.8678","18.4228","630.0","SARAJEVO, BK","0.0","E","0.0",",E","17",",E","9",",E","0",",E","","","0",",E","3",",E","0",",E","0",",E","0",",E","19540323",",,E","","","19540303",",,E","19540331",",,E","-1.6",",E,23,","","","15.7",",,E,03,","19.0",",E,31,","2923.9","E","336.3",",E","75.2",",,,E","7.49",",E","11.81",",,,E","3.16",",,,E"
"BKM00014654","1954-04","43.8678","18.4228","630.0","SARAJEVO, BK","0.0","E","0.0",",E","13",",E","10",",E","0",",E","","","0",",E","4",",E","0",",E","1",",E","0",",E","19540413",",,E","","","19540422",",,E","19540401",",,E","-2.3",",E,13,","","","20.1",",,E,22,","21.9",",E,01,","3233.3","E","309.4",",E","73.8",",,,E","8.02",",E","12.53",",,,E","3.50",",,,E"
"BKM00014654","1954-05","43.8678","18.4228","630.0","SARAJEVO, BK","0.0","E","0.0",",E","20",",E","14",",E","1",",E","","","0",",E","0",",E","0",",E","5",",E","0",",E","19540515",",,E","","","19540506",",,E","19540531",",,E","1.4",",E,15,","","","29.0",",,E,06,","25.1",",E,31,","3403.7","E","170.4",",E","137.5",",,,E","12.84",",E","17.61",",,,E","8.06",",,,E"
"BKM00014654","1954-06","43.8678","18.4228","630.0","SARAJEVO, BK","45.4","E","45.4",",E","16",",E","8",",E","0",",E","","","0",",E","0",",E","0",",E","25",",E","0",",E","19540603",",,E","","","19540606",",,E","19540628",",,E","9.9",",E,03,","","","19.0",",,E,06,","31.0",",E,28,","3418.1","E","14.4",",E","59.1",",,,E","19.37",",E","24.99",",,,E","13.74",",,,E"
"BKM00014654","1954-07","43.8678","18.4228","630.0","SARAJEVO, BK","96.0","E","50.6",",E","6",",E","4",",E","0",",E","","","0",",E","0",",E","0",",E","27",",E","2",",E","19540709","+,,E","","","19540714",",,E","19540729",",,E","7.2",",E,09,+","","","9.7",",,E,14,","34.5",",E,29,","28.6","E","28.6",",E","29.6",",,,E","19.04",",E","25.67",",,,E","12.42",",,,E"
"BKM00014654","1954-08","43.8678","18.4228","630.0","SARAJEVO, BK","168.3","E","72.3",",E","8",",E","5",",E","0",",E","","","0",",E","0",",E","0",",E","28",",E","5",",E","19540828",",,E","","","19540818",",,E","19540815",",,E","9.0",",E,28,","","","6.7",",,E,18,","35.3",",E,15,","47.6","E","19.0",",E","28.3",",,,E","20.05",",E","27.43",",,,E","12.67",",,,E"
"BKM00014654","1954-09","43.8678","18.4228","630.0","SARAJEVO, BK","215.1","E","46.8",",E","4",",E","3",",E","2",",E","","","0",",E","0",",E","0",",E","24",",E","0",",E","19540925",",,E","","","19540923",",,E","19540914",",,E","2.5",",E,25,","","","37.4",",,E,23,","31.7",",E,14,","99.6","E","52.0",",E","85.4",",,,E","18.16",",E","25.42",",,,E","10.90",",,,E"
"BKM00014654","1954-10","43.8678","18.4228","630.0","SARAJEVO, BK","215.1","E","0.0",",E","11",",E","8",",E","2",",E","","","0",",E","5",",E","0",",E","4",",E","0",",E","19541001",",,E","","","19541027",",,E","19541024",",,E","-1.0",",E,01,","","","42.0",",,E,27,","22.7",",E,24,","371.7","E","272.1",",E","129.2",",,,E","9.56",",E","14.56",",,,E","4.55",",,,E"
"BKM00014654","1954-11","43.8678","18.4228","630.0","SARAJEVO, BK","215.1","E","0.0",",E","9",",E","7",",E","1",",E","","","0",",E","12",",E","4",",E","0",",E","0",",E","19541124",",,E","","","19541106",",,E","19541111","+,,E","-7.4",",E,24,","","","31.9",",,E,06,","18.5",",E,11,+","778.0","E","406.3",",E","98.9",",,,E","4.79",",E","8.04",",,,E","1.54",",,,E"
"BKM00014654","1954-12","43.8678","18.4228","630.0","SARAJEVO, BK","215.1","E","0.0",",E","10",",E","5",",E","0",",E","","","0",",E","20",",E","2",",E","0",",E","0",",E","19541225",",,E","","","19541206",",,E","19541211",",,E","-13.6",",E,25,","","","20.1",",,E,06,","17.0",",E,11,","1269.5","E","491.5",",E","57.0",",,,E","2.48",",E","6.02",",,,E","-1.06",",,,E"
"BKM00014654","1955-01","43.8678","18.4228","630.0","SARAJEVO, BK","0.0","E","0.0",",E","12",",E","3",",E","0",",E","","","0",",E","21",",E","9",",E","0",",E","0",",E","19550102",",,E","","","19550119",",,E","19550116",",,E","-10.5",",E,02,","","","16.5",",,E,19,","14.5",",E,16,","1767.1","E","497.6",",E","30.6",",,,E","2.28",",E","5.30",",,,E","-0.73",",,,E"
"BKM00014654","1955-02","43.8678","18.4228","630.0","SARAJEVO, BK","0.0","E","0.0",",E","19",",E","14",",E","0",",E","","","0",",E","15",",E","0",",E","0",",E","0",",E","19550215",",,E","","","19550227",",,E","19550224",",,E","-9.3",",E,15,","","","23.9",",,E,27,","15.0",",E,24,","2177.5","E","410.4",",E","151.4",",,,E","3.68",",E","7.73",",,,E","-0.38",",,,E"
"BKM00014654","1955-03","43.8678","18.4228","630.0","SARAJEVO, BK","0.0","E","0.0",",E","12",",E","6",",E","0",",E","","","0",",E","17",",E","3",",E","2",",E","0",",E","19550305",",,E","","","19550319",",,E","19550326",",,E","-12.0",",E,05,","","","24.0",",,E,19,","24.7",",E,26,","2614.0","E","436.5",",E","70.2",",,,E","4.25",",E","8.96",",,,E","-0.46",",,,E"
"BKM00014654","1955-04","43.8678","18.4228","630.0","SARAJEVO, BK","0.0","E","0.0",",E","13",",E","7",",E","0",",E","","","0",",E","10",",E","0",",E","4",",E","0",",E","19550419",",,E","","","19550411",",,E","19550430",",,E","-4.0",",E,19,","","","15.8",",,E,11,","23.1",",E,30,","2973.6","E","359.6",",E","51.7",",,,E","6.35",",E","11.32",",,,E","1.38",",,,E"
"BKM00014654","1955-05","43.8678","18.4228","630.0","SARAJEVO, BK","0.5","E","0.5",",E","10",",E","7",",E","0",",E","","","0",",E","0",",E","0",",E","18",",E","0",",E","19550524",",,E","","","19550530",",,E","19550502",",,E","0.2",",E,24,","","","13.3",",,E,30,","26.5",",E,02,","3094.1","E","120.5",",E","62.9",",,,E","14.46",",E","21.05",",,,E","7.88",",,,E"
"BKM00014654","1955-06","43.8678","18.4228","630.0","SARAJEVO, BK","27.9","E","27.4",",E","15",",E","5",",E","0",",E","","","0",",E","0",",E","0",",E","20",",E","0",",E","19550613",",,E","","","19550625",",,E","19550620",",,E","5.2",",E,13,","","","15.6",",,E,25,","30.5",",E,20,","3152.9","E","58.8",",E","60.8",",,,E","17.29",",E","23.09",",,,E","11.49",",,,E"
"BKM00014654","1955-07","43.8678","18.4228","630.0","SARAJEVO, BK","69.3","E","41.4",",E","17",",E","12",",E","2",",E","","","0",",E","0",",E","0",",E","23",",E","0",",E","19550707",",,E","","","19550706",",,E","19550721",",,E","9.4",",E,07,","","","47.0",",,E,06,","31.8",",E,21,","31.7","E","31.7",",E","168.6",",,,E","18.64",",E","23.67",",,,E","13.61",",,,E"
"BKM00014654","1955-08","43.8678","18.4228","630.0","SARAJEVO, BK","77.9","E","8.6",",E","18",",E","10",",E","1",",E","","","0",",E","0",",E","0",",E","25",",E","0",",E","19550809",",,E","","","19550809",",,E","19550802",",,E","7.6",",E,09,","","","38.5",",,E,09,","27.2",",E,02,","70.8","E","39.1",",E","105.0",",,,E","17.35",",E","22.25",",,,E","12.45",",,,E"
"BKM00014654","1955-09","43.8678","18.4228","630.0","SARAJEVO, BK","80.9","E","3.0",",E","9",",E","7",",E","1",",E","","","0",",E","0",",E","0",",E","12",",E","0",",E","19550918",",,E","","","19550916",",,E","19550907",",,E","3.7",",E,18,","","","57.8",",,E,16,","27.2",",E,07,","185.4","E","114.6",",E","142.9",",,,E","14.61",",E","19.76",",,,E","9.46",",,,E"
"BKM00014654","1955-10","43.8678","18.4228","630.0","SARAJEVO, BK","80.9","E","0.0",",E","17",",E","13",",E","2",",E","","","0",",E","0",",E","0",",E","0",",E","0",",E","19551030","+,,E","","","19551008",",,E","19551022",",,E","0.3",",E,30,+","","","27.5",",,E,08,","20.8",",E,22,","404.7","E","219.3",",E","181.0",",,,E","11.26",",E","15.51",",,,E","7.01",",,,E"
"BKM00014654","1955-11","43.8678","18.4228","630.0","SARAJEVO, BK","80.9","E","0.0",",E","14",",E","6",",E","2",",E","","","0",",E","12",",E","2",",E","0",",E","0",",E","19551127",",,E","","","19551101",",,E","19551112",",,E","-11.8",",E,27,","","","32.6",",,E,01,","17.1",",E,12,","843.1","E","438.4",",E","99.0",",,,E","3.72",",E","6.48",",,,E","0.96",",,,E"
"BKM00014654","1955-12","43.8678","18.4228","630.0","SARAJEVO, BK","80.9","E","0.0",",E","13",",E","7",",E","0",",E","","","0",",E","13",",E","0",",E","0",",E","0",",E","19551201",",,E","","","19551220",",,E","19551202",",,E","-4.4",",E,01,","","","18.8",",,E,20,","13.7",",E,02,","1274.4","E","431.3",",E","59.9",",,,E","4.42",",E","7.92",",,,E","0.92",",,,E"
"BKM00014654","1956-01","43.8678","18.4228","630.0","SARAJEVO, BK","0.0","E","0.0",",E","13",",E","5",",E","1",",E","","","0",",E","19",",E","9",",E","0",",E","0",",E","19560130",",,E","","","19560101",",,E","19560119",",,E","-15.6",",E,30,","","","40.0",",,E,01,","14.0",",E,19,","1811.6","E","537.2",",E","71.0",",,,E","1.00",",E","4.47",",,,E","-2.46",",,,E"
"BKM00014654","1956-02","43.8678","18.4228","630.0","SARAJEVO, BK","0.0","E","0.0",",E","15",",E","10",",E","1",",E","","","4",",E","29",",E","22",",E","0",",E","0",",E","19560206",",,E","","","19560219",",,E","19560219",",,E","-20.5",",E,06,","","","26.0",",,E,19,","8.0",",E,19,","2587.9","E","776.3",",E","98.6",",,,E","-8.44",",E","-4.48",",,,E","-12.40",",,,E"
"BKM00014654","1956-03","43.8678","18.4228","630.0","SARAJEVO, BK","0.0","E","0.0",",E","12",",E","7",",E","0",",E","","","0",",E","21",",E","6",",E","0",",E","0",",E","19560310",",,E","","","19560306",",,E","19560330",",,E","-10.2",",E,10,","","","9.0",",,E,06,","17.1",",E,30,","3074.1","E","486.2",",E","44.0",",,,E","2.65",",E","7.21",",,,E","-1.91",",,,E"
"BKM00014654","1956-04","43.8678","18.4228","630.0","SARAJEVO, BK","0.0","E","0.0",",E","13",",E","7",",E","0",",E","","","0",",E","5",",E","0",",E","1",",E","0",",E","19560409",",,E","","","19560406",",,E","19560417",",,E","-6.1",",E,09,","","","9.5",",,E,06,","21.6",",E,17,","3317.3","E","243.2",",E","50.7",",,,E","10.23",",E","14.89",",,,E","5.56",",,,E"
"BKM00014654","1956-05","43.8678","18.4228","630.0","SARAJEVO, BK","1.9","E","1.9",",E","17",",E","9",",E","1",",E","","","0",",E","0",",E","0",",E","16",",E","0",",E","19560504","+,,E","","","19560512",",,E","19560529",",,E","3.7",",E,04,+","","","36.0",",,E,12,","26.4",",E,29,","3469.2","E","151.9",",E","131.1",",,,E","13.49",",E","18.65",",,,E","8.34",",,,E"
"BKM00014654","1956-06","43.8678","18.4228","630.0","SARAJEVO, BK","17.9","E","16.0",",E","16",",E","9",",E","1",",E","","","0",",E","0",",E","0",",E","17",",E","0",",E","19560625",",,E","","","19560622",",,E","19560612",",,E","5.8",",E,25,","","","30.6",",,E,22,","29.8",",E,12,","3553.4","E","84.2",",E","98.2",",,,E","16.06",",E","21.20",",,,E","10.92",",,,E"
"BKM00014654","1956-07","43.8678","18.4228","630.0","SARAJEVO, BK","69.4","E","51.5",",E","5",",E","4",",E","0",",E","","","0",",E","0",",E","0",",E","30",",E","1",",E","19560727",",,E","","","19560713",",,E","19560730",",,E","8.9",",E,27,","","","6.1",",,E,13,","32.2",",E,30,","13.6","E","13.6",",E","21.7",",,,E","19.56",",E","25.95",",,,E","13.16",",,,E"
"BKM00014654","1956-08","43.8678","18.4228","630.0","SARAJEVO, BK","169.4","E","100.0",",E","4",",E","3",",E","0",",E","","","0",",E","0",",E","0",",E","30",",E","6",",E","19560825",",,E","","","19560813",",,E","19560829",",,E","9.0",",E,25,","","","22.8",",,E,13,","36.8",",E,29,","20.9","E","7.3",",E","35.8",",,,E","21.32",",E","28.86",",,,E","13.79",",,,E"
"BKM00014654","1956-09","43.8678","18.4228","630.0","SARAJEVO, BK","210.9","E","41.5",",E","5",",E","0",",E","0",",E","","","0",",E","0",",E","0",",E","22",",E","3",",E","19560920",",,E","","","19560913",",,E","19560903",",,E","2.6",",E,20,","","","1.8",",,E,13,","33.7",",E,03,","80.1","E","59.2",",E","4.0",",,,E","17.75",",E","25.02",",,,E","10.47",",,,E"
"BKM00014654","1956-10","43.8678","18.4228","630.0","SARAJEVO, BK","210.9","E","0.0",",E","9",",E","5",",E","0",",E","","","0",",E","3",",E","0",",E","5",",E","0",",E","19561012",",,E","","","19561029",",,E","19561003",",,E","-2.0",",E,12,","","","24.4",",,E,29,","26.4",",E,03,","319.9","E","239.8",",E","63.6",",,,E","10.60",",E","17.10",",,,E","4.09",",,,E"
"BKM00014654","1956-11","43.8678","18.4228","630.0","SARAJEVO, BK","210.9","E","0.0",",E","13",",E","11",",E","0",",E","","","0",",E","17",",E","6",",E","0",",E","0",",E","19561126",",,E","","","19561104",",,E","19561113",",,E","-10.9",",E,26,","","","16.3",",,E,04,","16.1",",E,13,","771.7","E","451.8",",E","93.4",",,,E","3.27",",E","6.28",",,,E","0.27",",,,E"
"BKM00014654","1956-12","43.8678","18.4228","630.0","SARAJEVO, BK","210.9","E","0.0",",E","11",",E","7",",E","0",",E","","","0",",E","29",",E","20",",E","0",",E","0",",E","19561210",",,E","","","19561202",",,E","19561231",",,E","-11.8",",E,10,","","","18.2",",,E,02,","8.7",",E,31,","1410.5","E","638.8",",E","52.8",",,,E","-2.27",",E","0.02",",,,E","-4.56",",,,E"
"BKM00014654","1957-01","43.8678","18.4228","630.0","SARAJEVO, BK","0.0","E","0.0",",E","12",",E","6",",E","0",",E","","","0",",E","27",",E","14",",E","0",",E","0",",E","19570122",",,E","","","19570115",",,E","19570102",",,E","-17.4",",E,22,","","","12.8",",,E,15,","12.0",",E,02,","2048.0","E","637.5",",E","41.9",",,,E","-2.23",",E","1.06",",,,E","-5.52",",,,E"
"BKM00014654","1957-02","43.8678","18.4228","630.0","SARAJEVO, BK","0.0","E","0.0",",E","10",",E","5",",E","0",",E","","","0",",E","10",",E","0",",E","0",",E","0",",E","19570201",",,E","","","19570222",",,E","19570218",",,E","-8.6",",E,01,","","","10.9",",,E,22,","16.9",",E,18,","2411.2","E","363.2",",E","39.1",",,,E","5.36",",E","9.22",",,,E","1.50",",,,E"
"BKM00014654","1957-03","43.8678","18.4228","630.0","SARAJEVO, BK","0.0","E","0.0",",E","4",",E","0",",E","0",",E","","","0",",E","12",",E","2",",E","5",",E","0",",E","19570302",",,E","","","19570331",",,E","19570320",",,E","-5.8",",E,02,","","","2.3",",,E,31,","24.0",",E,20,","2741.0","E","329.8",",E","5.2",",,,E","7.70",",E","13.90",",,,E","1.49",",,,E"
"BKM00014654","1957-04","43.8678","18.4228","630.0","SARAJEVO, BK","0.0","E","0.0",",E","12",",E","6",",E","1",",E","","","0",",E","3",",E","0",",E","4",",E","0",",E","19570417",",,E","","","19570414",",,E","19570429","+,,E","-2.4",",E,17,","","","28.5",",,E,14,","22.8",",E,29,+","3001.4","E","260.4",",E","63.8",",,,E","9.65",",E","14.63",",,,E","4.68",",,,E"
"BKM00014654","1957-05","43.8678","18.4228","630.0","SARAJEVO, BK","0.0","E","0.0",",E","23",",E","17",",E","0",",E","","","0",",E","3",",E","0",",E","1",",E","0",",E","19570509",",,E","","","19570527",",,E","19570524",",,E","-0.6",",E,09,","","","24.2",",,E,27,","21.1",",E,24,","3219.1","E","217.7",",E","159.9",",,,E","11.31",",E","15.39",",,,E","7.23",",,,E"
"BKM00014654","1957-06","43.8678","18.4228","630.0","SARAJEVO, BK","65.8","E","65.8",",E","7",",E","4",",E","0",",E","","","0",",E","0",",E","0",",E","26",",E","2",",E","19570629",",,E","","","19570627",",,E","19570624","+,,E","7.6",",E,29,","","","16.7",",,E,27,","32.6",",E,24,+","3245.6","E","26.5",",E","46.1",",,,E","19.64",",E","25.87",",,,E","13.41",",,,E"
"BKM00014654","1957-07","43.8678","18.4228","630.0","SARAJEVO, BK","129.2","E","63.4",",E","12",",E","8",",E","1",",E","","","0",",E","0",",E","0",",E","23",",E","2",",E","19570723",",,E","","","19570712",",,E","19570708","+,,E","9.0",",E,23,","","","26.7",",,E,12,","34.0",",E,08,+","24.3","E","24.3",",E","84.9",",,,E","19.59",",E","25.39",",,,E","13.80",",,,E"
"BKM00014654","1957-08","43.8678","18.4228","630.0","SARAJEVO, BK","192.7","E","63.5",",E","9",",E","5",",E","1",",E","","","0",",E","0",",E","0",",E","24",",E","4",",E","19570830",",,E","","","19570821",",,E","19570814",",,E","6.0",",E,30,","","","28.3",",,E,21,","36.4",",E,14,","64.6","E","40.3",",E","83.7",",,,E","19.08",",E","25.08",",,,E","13.08",",,,E"
"BKM00014654","1957-09","43.8678","18.4228","630.0","SARAJEVO, BK","193.1","E","0.4",",E","9",",E","6",",E","0",",E","","","0",",E","0",",E","0",",E","17",",E","0",",E","19570918",",,E","","","19570915",",,E","19570909",",,E","4.4",",E,18,","","","21.8",",,E,15,","25.4",",E,09,","158.8","E","94.2",",E","72.8",",,,E","15.20",",E","20.56",",,,E","9.85",",,,E"
"BKM00014654","1957-10","43.8678","18.4228","630.0","SARAJEVO, BK","193.1","E","0.0",",E","11",",E","7",",E","1",",E","","","0",",E","0",",E","0",",E","2",",E","0",",E","19571019","+,,E","","","19571002",",,E","19571020","+,,E","2.2",",E,19,+","","","33.2",",,E,02,","22.0",",E,20,+","404.8","E","246.0",",E","85.1",",,,E","10.40",",E","14.41",",,,E","6.38",",,,E"
"BKM00014654","1957-11","43.8678","18.4228","630.0","SARAJEVO, BK","193.1","E","0.0",",E","8",",E","3",",E","1",",E","","","0",",E","10",",E","0",",E","0",",E","0",",E","19571130",",,E","","","19571111",",,E","19571101",",,E","-10.1",",E,30,","","","36.8",",,E,11,","19.1",",E,01,","788.6","E","383.8",",E","56.3",",,,E","5.54",",E","8.69",",,,E","2.39",",,,E"
"BKM00014654","1957-12","43.8678","18.4228","630.0","SARAJEVO, BK","193.1","E","0.0",",E","14",",E","8",",E","0",",E","","","0",",E","23",",E","11",",E","0",",E","0",",E","19571205",",,E","","","19571231",",,E","19571213",",,E","-16.2",",E,05,","","","9.5",",,E,31,","17.0",",E,13,","1369.5","E","580.9",",E","54.3",",,,E","-0.40",",E","2.52",",,,E","-3.33",",,,E"
"BKM00014654","1958-01","43.8678","18.4228","630.0","SARAJEVO, BK","0.0","E","0.0",",E","14",",E","5",",E","0",",E","","","0",",E","25",",E","10",",E","0",",E","0",",E","19580129",",,E","","","19580108",",,E","19580121",",,E","-12.8",",E,29,","","","18.2",",,E,08,","12.8",",E,21,","1961.9","E","592.4",",E","61.5",",,,E","-0.78",",E","2.50",",,,E","-4.05",",,,E"
"BKM00014654","1958-02","43.8678","18.4228","630.0","SARAJEVO, BK","0.0","E","0.0",",E","5",",E","4",",E","2",",E","","","0",",E","13",",E","2",",E","0",",E","0",",E","19580221",",,E","","","19580219",",,E","19580216",",,E","-12.4",",E,21,","","","40.9",",,E,19,","17.9",",E,16,","2331.6","E","369.7",",E","89.9",",,,E","5.13",",E","10.16",",,,E","0.10",",,,E"
"BKM00014654","1958-03","43.8678","18.4228","630.0","SARAJEVO, BK","0.0","E","0.0",",E","17",",E","10",",E","0",",E","","","0",",E","25",",E","4",",E","0",",E","0",",E","19580306",",,E","","","19580309",",,E","19580329",",,E","-10.5",",E,06,","","","21.1",",,E,09,","15.4",",E,29,","2882.8","E","551.2",",E","123.5",",,,E","0.55",",E","4.73",",,,E","-3.63",",,,E"
"BKM00014654","1958-04","43.8678","18.4228","630.0","SARAJEVO, BK","0.0","E","0.0",",E","14",",E","10",",E","2",",E","","","0",",E","7",",E","0",",E","0",",E","0",",E","19580402",",,E","","","19580424",",,E","19580421",",,E","-3.7",",E,02,","","","48.1",",,E,24,","18.7",",E,21,","3222.9","E","340.1",",E","136.0",",,,E","7.00",",E","11.49",",,,E","2.51",",,,E"
"BKM00014654","1958-05","43.8678","18.4228","630.0","SARAJEVO, BK","34.4","E","34.4",",E","9",",E","5",",E","0",",E","","","0",",E","0",",E","0",",E","20",",E","0",",E","19580502",",,E","","","19580518",",,E","19580527",",,E","2.7",",E,02,","","","8.3",",,E,18,","30.7",",E,27,","3295.8","E","72.9",",E","26.0",",,,E","17.09",",E","23.68",",,,E","10.51",",,,E"
"BKM00014654","1958-06","43.8678","18.4228","630.0","SARAJEVO, BK","50.6","E","16.2",",E","13",",E","6",",E","0",",E","","","0",",E","0",",E","0",",E","21",",E","0",",E","19580616",",,E","","","19580612",",,E","19580603",",,E","6.1",",E,16,","","","14.3",",,E,12,","29.4",",E,03,","3352.6","E","56.8",",E","56.9",",,,E","16.98",",E","22.71",",,,E","11.25",",,,E"
"BKM00014654","1958-07","43.8678","18.4228","630.0","SARAJEVO, BK","113.6","E","63.0",",E","10",",E","6",",E","1",",E","","","0",",E","0",",E","0",",E","30",",E","3",",E","19580726",",,E","","","19580718",",,E","19580716",",,E","8.3",",E,26,","","","26.8",",,E,18,","33.5",",E,16,","9.4","E","9.4",",E","85.4",",,,E","20.06",",E","27.10",",,,E","13.03",",,,E"
"BKM00014654","1958-08","43.8678","18.4228","630.0","SARAJEVO, BK","192.1","E","78.5",",E","5",",E","3",",E","0",",E","","","0",",E","0",",E","0",",E","30",",E","1",",E","19580828",",,E","","","19580814",",,E","19580813",",,E","7.6",",E,28,","","","14.5",",,E,14,","32.2",",E,13,","27.0","E","17.6",",E","32.9",",,,E","20.30",",E","27.45",",,,E","13.15",",,,E"
"BKM00014654","1958-09","43.8678","18.4228","630.0","SARAJEVO, BK","193.8","E","1.7",",E","7",",E","4",",E","0",",E","","","0",",E","0",",E","0",",E","18",",E","0",",E","19580929",",,E","","","19580904",",,E","19580910",",,E","2.1",",E,29,","","","14.4",",,E,04,","27.8",",E,10,","122.6","E","95.6",",E","48.0",",,,E","15.20",",E","21.77",",,,E","8.63",",,,E"
"BKM00014654","1958-10","43.8678","18.4228","630.0","SARAJEVO, BK","193.8","E","0.0",",E","11",",E","7",",E","0",",E","","","0",",E","4",",E","0",",E","10",",E","0",",E","19581030",",,E","","","19581017",",,E","19581012",",,E","-2.3",",E,30,","","","23.9",",,E,17,","25.6",",E,12,","358.0","E","235.4",",E","82.8",",,,E","10.74",",E","15.79",",,,E","5.69",",,,E"
"BKM00014654","1958-11","43.8678","18.4228","630.0","SARAJEVO, BK","193.8","E","0.0",",E","15",",E","8",",E","1",",E","","","0",",E","1",",E","0",",E","0",",E","0",",E","19581104",",,E","","","19581103",",,E","19581111",",,E","-0.8",",E,04,","","","49.0",",,E,03,","16.5",",E,11,","698.2","E","340.2",",E","95.9",",,,E","6.99",",E","9.49",",,,E","4.50",",,,E"
"BKM00014654","1958-12","43.8678","18.4228","630.0","SARAJEVO, BK","193.8","E","0.0",",E","17",",E","11",",E","2",",E","","","0",",E","9",",E","2",",E","0",",E","0",",E","19581208",",,E","","","19581219",",,E","19581217",",,E","-7.2",",E,08,","","","31.4",",,E,19,","17.2",",E,17,","1098.7","E","400.5",",E","136.1",",,,E","5.41",",E","9.15",",,,E","1.68",",,,E"
"BKM00014654","1959-01","43.8678","18.4228","630.0","SARAJEVO, BK","0.0","E","0.0",",E","15",",E","9",",E","2",",E","","","0",",E","23",",E","12",",E","0",",E","0",",E","19590119",",,E","","","19590117",",,E","19590123",",,E","-16.6",",E,19,","","","44.4",",,E,17,","13.0",",E,23,","1685.3","E","586.6",",E","132.9",",,,E","-0.59",",E","3.63",",,,E","-4.81",",,,E"
"BKM00014654","1959-02","43.8678","18.4228","630.0","SARAJEVO, BK","0.0","E","0.0",",E","5",",E","3",",E","0",",E","","","0",",E","28",",E","13",",E","0",",E","0",",E","19590207",",,E","","","19590201",",,E","19590228",",,E","-15.4",",E,07,","","","11.1",",,E,01,","13.9",",E,28,","2271.1","E","585.8",",E","21.3",",,,E","-2.59",",E","2.36",",,,E","-7.53",",,,E"
"BKM00014654","1959-03","43.8678","18.4228","630.0","SARAJEVO, BK","0.0","E","0.0",",E","12",",E","4",",E","0",",E","","","0",",E","2",",E","0",",E","1",",E","0",",E","19590314",",,E","","","19590314",",,E","19590324",",,E","-0.8",",E,14,","","","9.0",",,E,14,","21.2",",E,24,","2563.7","E","292.6",",E","27.5",",,,E","8.90",",E","13.71",",,,E","4.08",",,,E"
"BKM00014654","1959-04","43.8678","18.4228","630.0","SARAJEVO, BK","0.0","E","0.0",",E","9",",E","6",",E","0",",E","","","0",",E","2",",E","0",",E","2",",E","0",",E","19590412",",,E","","","19590412",",,E","19590429",",,E","-0.7",",E,12,","","","16.8",",,E,12,","22.0",",E,29,","2814.1","E","250.4",",E","53.8",",,,E","9.99",",E","15.12",",,,E","4.85",",,,E"
"BKM00014654","1959-05","43.8678","18.4228","630.0","SARAJEVO, BK","0.6","E","0.6",",E","21",",E","9",",E","1",",E","","","0",",E","0",",E","0",",E","11",",E","0",",E","19590505",",,E","","","19590524",",,E","19590521",",,E","3.5",",E,05,","","","43.5",",,E,24,","26.2",",E,21,","2951.9","E","137.8",",E","134.9",",,,E","13.91",",E","19.01",",,,E","8.81",",,,E"
"BKM00014654","1959-06","43.8678","18.4228","630.0","SARAJEVO, BK","10.5","E","9.9",",E","17",",E","10",",E","2",",E","","","0",",E","0",",E","0",",E","18",",E","0",",E","19590616","+,,E","","","19590626",",,E","19590621",",,E","6.2",",E,16,+","","","41.0",",,E,26,","27.2",",E,21,","3021.0","E","69.1",",E","146.5",",,,E","16.36",",E","21.58",",,,E","11.14",",,,E"
"BKM00014654","1959-07","43.8678","18.4228","630.0","SARAJEVO, BK","57.9","E","47.4",",E","15",",E","10",",E","0",",E","","","0",",E","0",",E","0",",E","24",",E","0",",E","19590702",",,E","","","19590708",",,E","19590730",",,E","10.1",",E,02,","","","20.2",",,E,08,","31.2",",E,30,","20.0","E","20.0",",E","113.2",",,,E","19.22",",E","24.32",",,,E","14.12",",,,E"
"BKM00014654","1959-08","43.8678","18.4228","630.0","SARAJEVO, BK","82.3","E","24.4",",E","15",",E","12",",E","2",",E","","","0",",E","0",",E","0",",E","23",",E","0",",E","19590831","+,,E","","","19590819",",,E","19590811",",,E","9.6",",E,31,+","","","51.9",",,E,19,","30.6",",E,11,","54.7","E","34.7",",E","199.7",",,,E","18.00",",E","23.33",",,,E","12.67",",,,E"
"BKM00014654","1959-09","43.8678","18.4228","630.0","SARAJEVO, BK","83.7","E","1.4",",E","10",",E","5",",E","1",",E","","","0",",E","0",",E","0",",E","11",",E","0",",E","19590930",",,E","","","19590926",",,E","19590924",",,E","1.8",",E,30,","","","27.5",",,E,26,","25.6",",E,24,","194.9","E","140.2",",E","62.9",",,,E","13.71",",E","19.45",",,,E","7.96",",,,E"
"BKM00014654","1959-10","43.8678","18.4228","630.0","SARAJEVO, BK","83.7","E","0.0",",E","8",",E","5",",E","0",",E","","","0",",E","3",",E","0",",E","0",",E","0",",E","19591015",",,E","","","19591030",",,E","19591020",",,E","-1.2",",E,15,","","","19.6",",,E,30,","19.2",",E,20,","485.9","E","291.0",",E","60.1",",,,E","8.95",",E","14.27",",,,E","3.62",",,,E"
"BKM00014654","1959-11","43.8678","18.4228","630.0","SARAJEVO, BK","83.7","E","0.0",",E","13",",E","10",",E","1",",E","","","0",",E","5",",E","0",",E","0",",E","0",",E","19591111",",,E","","","19591108",",,E","19591113",",,E","-3.6",",E,11,","","","27.9",",,E,08,","16.8",",E,13,","851.9","E","366.0",",E","81.2",",,,E","6.13",",E","9.37",",,,E","2.90",",,,E"
"BKM00014654","1959-12","43.8678","18.4228","630.0","SARAJEVO, BK","83.7","E","0.0",",E","16",",E","11",",E","0",",E","","","0",",E","11",",E","0",",E","0",",E","0",",E","19591221",",,E","","","19591213",",,E","19591202",",,E","-2.4",",E,21,","","","23.6",",,E,13,","15.4",",E,02,","1252.5","E","400.6",",E","125.0",",,,E","5.41",",E","8.48",",,,E","2.34",",,,E"
"BKM00014654","1960-01","43.8678","18.4228","630.0","SARAJEVO, BK","0.0","E","0.0",",E","11",",E","7",",E","0",",E","","","0",",E","27",",E","10",",E","0",",E","0",",E","19600123",",,E","","","19600114",",,E","19600129",",,E","-16.4",",E,23,","","","17.0",",,E,14,","15.0",",E,29,","1859.6","E","607.1",",E","73.9",",,,E","-1.25",",E","2.52",",,,E","-5.02",",,,E"
"BKM00014654","1960-02","43.8678","18.4228","630.0","SARAJEVO, BK","0.0","E","0.0",",E","16",",E","6",",E","0",",E","","","0",",E","12",",E","7",",E","0",",E","0",",E","19600203",",,E","","","19600216",",,E","19600229",",,E","-13.6",",E,03,","","","11.1",",,E,16,","19.1",",E,29,","2305.3","E","445.7",",E","46.2",",,,E","2.96",",E","7.00",",,,E","-1.07",",,,E"
"BKM00014654","1960-03","43.8678","18.4228","630.0","SARAJEVO, BK","0.0","E","0.0",",E","15",",E","5",",E","0",",E","","","0",",E","6",",E","0",",E","0",",E","0",",E","19600308",",,E","","","19600317",",,E","19600316",",,E","-3.8",",E,08,","","","5.8",",,E,17,","19.7",",E,16,","2662.8","E","357.5",",E","35.2",",,,E","6.80",",E","10.67",",,,E","2.93",",,,E"
"BKM00014654","1960-04","43.8678","18.4228","630.0","SARAJEVO, BK","0.0","E","0.0",",E","11",",E","6",",E","0",",E","","","0",",E","3",",E","0",",E","0",",E","0",",E","19600427",",,E","","","19600421",",,E","19600414",",,E","-0.8",",E,27,","","","18.0",",,E,21,","20.8",",E,14,","2938.9","E","276.1",",E","59.6",",,,E","9.13",",E","13.84",",,,E","4.42",",,,E"
"BKM00014654","1960-05","43.8678","18.4228","630.0","SARAJEVO, BK","9.9","E","9.9",",E","17",",E","8",",E","0",",E","","","0",",E","0",",E","0",",E","10",",E","0",",E","19600501",",,E","","","19600503",",,E","19600517",",,E","2.0",",E,01,","","","11.4",",,E,03,","27.9",",E,17,","3121.9","E","183.0",",E","48.0",",,,E","12.75",",E","17.14",",,,E","8.35",",,,E"
"BKM00014654","1960-06","43.8678","18.4228","630.0","SARAJEVO, BK","18.8","E","8.9",",E","12",",E","6",",E","1",",E","","","0",",E","0",",E","0",",E","23",",E","0",",E","19600612",",,E","","","19600611",",,E","19600609",",,E","6.8",",E,12,","","","30.2",",,E,11,","27.2",",E,09,","3173.3","E","51.4",",E","76.9",",,,E","16.92",",E","22.98",",,,E","10.85",",,,E"
"BKM00014654","1960-07","43.8678","18.4228","630.0","SARAJEVO, BK","42.9","E","24.1",",E","14",",E","9",",E","1",",E","","","0",",E","0",",E","0",",E","21",",E","0",",E","19600705",",,E","","","19600710",",,E","19600720",",,E","5.9",",E,05,","","","37.0",",,E,10,","31.4",",E,20,","59.3","E","59.3",",E","97.9",",,,E","17.20",",E","22.96",",,,E","11.44",",,,E"
"BKM00014654","1960-08","43.8678","18.4228","630.0","SARAJEVO, BK","106.2","E","63.3",",E","3",",E","3",",E","0",",E","","","0",",E","0",",E","0",",E","29",",E","0",",E","19600810",",,E","","","19600804",",,E","19600829","+,,E","9.3",",E,10,","","","15.2",",,E,04,","31.8",",E,29,+","71.2","E","11.9",",E","29.1",",,,E","19.99",",E","26.75",",,,E","13.23",",,,E"
"BKM00014654","1960-09","43.8678","18.4228","630.0","SARAJEVO, BK","117.2","E","11.0",",E","11",",E","5",",E","1",",E","","","0",",E","0",",E","0",",E","12",",E","0",",E","19600926",",,E","","","19600923",",,E","19600918",",,E","2.5",",E,26,","","","40.0",",,E,23,","29.4",",E,18,","180.3","E","109.1",",E","70.8",",,,E","15.06",",E","20.90",",,,E","9.22",",,,E"
"BKM00014654","1960-10","43.8678","18.4228","630.0","SARAJEVO, BK","123.5","E","6.3",",E","12",",E","8",",E","0",",E","","","0",",E","0",",E","0",",E","14",",E","0",",E","19601019",",,E","","","19601016",",,E","19601024",",,E","0.7",",E,19,","","","18.6",",,E,16,","26.0",",E,24,","315.4","E","135.1",",E","69.8",",,,E","14.18",",E","19.23",",,,E","9.12",",,,E"
"BKM00014654","1960-11","43.8678","18.4228","630.0","SARAJEVO, BK","123.5","E","0.0",",E","14",",E","11",",E","2",",E","","","0",",E","3",",E","0",",E","1",",E","0",",E","19601127",",,E","","","19601114",",,E","19601104",",,E","-1.6",",E,27,","","","38.0",",,E,14,","21.2",",E,04,","608.7","E","293.3",",E","150.0",",,,E","8.56",",E","12.62",",,,E","4.49",",,,E"
"BKM00014654","1960-12","43.8678","18.4228","630.0","SARAJEVO, BK","123.5","E","0.0",",E","18",",E","9",",E","0",",E","","","0",",E","15",",E","4",",E","0",",E","0",",E","19601227",",,E","","","19601219",",,E","19601206",",,E","-4.8",",E,27,","","","18.4",",,E,19,","16.1",",E,06,","1037.9","E","429.2",",E","80.5",",,,E","4.49",",E","7.08",",,,E","1.90",",,,E"
"BKM00014654","1961-01","43.8678","18.4228","630.0","SARAJEVO, BK","0.0","E","0.0",",E","9",",E","3",",E","0",",E","","","0",",E","22",",E","9",",E","0",",E","0",",E","19610119",",,E","","","19610105",",,E","19610103",",,E","-17.2",",E,19,","","","4.0",",,E,05,","12.8",",E,03,","1609.7","E","571.8",",E","17.3",",,,E","-0.11",",E","3.18",",,,E","-3.40",",,,E"
"BKM00014654","1961-02","43.8678","18.4228","630.0","SARAJEVO, BK","0.0","E","0.0",",E","10",",E","6",",E","0",",E","","","0",",E","24",",E","1",",E","0",",E","0",",E","19610207",",,E","","","19610202",",,E","19610228",",,E","-8.7",",E,07,","","","16.0",",,E,02,","14.7",",E,28,","2065.8","E","456.1",",E","44.1",",,,E","2.04",",E","6.14",",,,E","-2.05",",,,E"
"BKM00014654","1961-03","43.8678","18.4228","630.0","SARAJEVO, BK","0.0","E","0.0",",E","6",",E","5",",E","0",",E","","","0",",E","11",",E","0",",E","0",",E","0",",E","19610329",",,E","","","19610320",",,E","19610311",",,E","-4.7",",E,29,","","","14.9",",,E,20,","20.6",",E,11,","2422.0","E","356.2",",E","35.8",",,,E","6.84",",E","12.60",",,,E","1.09",",,,E"
"BKM00014654","1961-04","43.8678","18.4228","630.0","SARAJEVO, BK","0.1","E","0.1",",E","9",",E","4",",E","0",",E","","","0",",E","0",",E","0",",E","8",",E","0",",E","19610404","+,,E","","","19610425",",,E","19610408",",,E","3.2",",E,04,+","","","15.0",",,E,25,","25.6",",E,08,","2571.6","E","149.6",",E","43.3",",,,E","13.35",",E","18.74",",,,E","7.96",",,,E"
"BKM00014654","1961-05","43.8678","18.4228","630.0","SARAJEVO, BK","1.2","E","1.1",",E","15",",E","10",",E","3",",E","","","0",",E","0",",E","0",",E","9",",E","0",",E","19610514",",,E","","","19610510",",,E","19610506",",,E","0.4",",E,14,","","","31.0",",,E,10,","25.8",",E,06,","2750.9","E","179.3",",E","150.5",",,,E","12.58",",E","17.97",",,,E","7.19",",,,E"
"BKM00014654","1961-06","43.8678","18.4228","630.0","SARAJEVO, BK","30.8","E","29.6",",E","11",",E","5",",E","0",",E","","","0",",E","0",",E","0",",E","23",",E","0",",E","19610604",",,E","","","19610603",",,E","19610627",",,E","7.0",",E,04,","","","15.0",",,E,03,","30.5",",E,27,","2788.7","E","37.8",",E","55.2",",,,E","18.06",",E","24.07",",,,E","12.04",",,,E"
"BKM00014654","1961-07","43.8678","18.4228","630.0","SARAJEVO, BK","61.7","E","30.9",",E","10",",E","5",",E","0",",E","","","0",",E","0",",E","0",",E","25",",E","0",",E","19610731",",,E","","","19610718",",,E","19610713",",,E","5.8",",E,31,","","","19.1",",,E,18,","30.6",",E,13,","29.1","E","29.1",",E","68.1",",,,E","18.39",",E","24.57",",,,E","12.21",",,,E"
"BKM00014654","1961-08","43.8678","18.4228","630.0","SARAJEVO, BK","110.4","E","48.7",",E","5",",E","1",",E","0",",E","","","0",",E","0",",E","0",",E","28",",E","4",",E","19610824",",,E","","","19610817",",,E","19610812",",,E","6.4",",E,24,","","","13.4",",,E,17,","35.1",",E,12,","61.6","E","32.5",",E","18.6",",,,E","18.85",",E","26.14",",,,E","11.56",",,,E"
"BKM00014654","1961-09","43.8678","18.4228","630.0","SARAJEVO, BK","126.4","E","16.0",",E","3",",E","2",",E","0",",E","","","0",",E","0",",E","0",",E","26",",E","0",",E","19610912",",,E","","","19610910",",,E","19610905",",,E","3.4",",E,12,","","","11.7",",,E,10,","30.2",",E,05,","116.8","E","55.2",",E","20.1",",,,E","17.03",",E","25.16",",,,E","8.89",",,,E"
"BKM00014654","1961-10","43.8678","18.4228","630.0","SARAJEVO, BK","127.0","E","0.6",",E","7",",E","6",",E","1",",E","","","0",",E","0",",E","0",",E","5",",E","0",",E","19611027",",,E","","","19611020",",,E","19611001",",,E","0.9",",E,27,","","","71.6",",,E,20,","27.6",",E,01,","299.4","E","182.6",",E","106.6",",,,E","12.46",",E","17.94",",,,E","6.99",",,,E"
"BKM00014654","1961-11","43.8678","18.4228","630.0","SARAJEVO, BK","127.0","E","0.0",",E","8",",E","6",",E","1",",E","","","0",",E","9",",E","0",",E","0",",E","0",",E","19611122",",,E","","","19611105",",,E","19611129",",,E","-7.2",",E,22,","","","38.2",",,E,05,","19.4",",E,29,","619.2","E","319.8",",E","98.9",",,,E","7.67",",E","11.85",",,,E","3.50",",,,E"
"BKM00014654","1961-12","43.8678","18.4228","630.0","SARAJEVO, BK","127.0","E","0.0",",E","18",",E","10",",E","0",",E","","","0",",E","19",",E","12",",E","0",",E","0",",E","19611217",",,E","","","19611225",",,E","19611204",",,E","-14.8",",E,17,","","","9.6",",,E,25,","15.6",",E,04,","1162.0","E","542.8",",E","65.9",",,,E","0.82",",E","4.25",",,,E","-2.60",",,,E"
"BKM00014654","1962-01","43.8678","18.4228","630.0","SARAJEVO, BK","0.0","E","0.0",",E","15",",E","5",",E","1",",E","","","0",",E","23",",E","7",",E","0",",E","0",",E","19620130",",,E","","","19620116",",,E","19620101",",,E","-9.7",",E,30,","","","29.8",",,E,16,","14.6",",E,01,","1694.4","E","532.4",",E","70.9",",,,E","1.16",",E","4.98",",,,E","-2.67",",,,E"
"BKM00014654","1962-02","43.8678","18.4228","630.0","SARAJEVO, BK","0.0","E","0.0",",E","16",",E","8",",E","2",",E","","","0",",E","23",",E","8",",E","0",",E","0",",E","19620216",",,E","","","19620214",",,E","19620213",",,E","-11.6",",E,16,","","","30.5",",,E,14,","10.4",",E,13,","2229.2","E","534.8",",E","113.5",",,,E","-0.77",",E","2.68",",,,E","-4.21",",,,E"
"BKM00014654","1962-03","43.8678","18.4228","630.0","SARAJEVO, BK","0.0","E","0.0",",E","21",",E","13",",E","1",",E","","","0",",E","21",",E","7",",E","0",",E","0",",E","19620320",",,E","","","19620326",",,E","19620305",",,E","-11.7",",E,20,","","","42.2",",,E,26,","17.0",",E,05,","2736.4","E","507.2",",E","174.4",",,,E","1.97",",E","5.65",",,,E","-1.70",",,,E"
"BKM00014654","1962-04","43.8678","18.4228","630.0","SARAJEVO, BK","0.0","E","0.0",",E","15",",E","8",",E","1",",E","","","0",",E","3",",E","0",",E","10",",E","0",",E","19620402",",,E","","","19620430",",,E","19620421",",,E","-1.4",",E,02,","","","29.0",",,E,30,","25.2",",E,21,","2982.1","E","245.7",",E","104.7",",,,E","10.14",",E","15.90",",,,E","4.38",",,,E"
"BKM00014654","1962-05","43.8678","18.4228","630.0","SARAJEVO, BK","11.4","E","11.4",",E","12",",E","7",",E","0",",E","","","0",",E","0",",E","0",",E","19",",E","0",",E","19620503","+,,E","","","19620501",",,E","19620530",",,E","0.6",",E,03,+","","","6.9",",,E,01,","28.0",",E,30,","3101.6","E","119.5",",E","31.0",",,,E","14.85",",E","21.49",",,,E","8.21",",,,E"
"BKM00014654","1962-06","43.8678","18.4228","630.0","SARAJEVO, BK","39.9","E","28.5",",E","14",",E","8",",E","0",",E","","","0",",E","0",",E","0",",E","17",",E","0",",E","19620608",",,E","","","19620628",",,E","19620601",",,E","2.6",",E,08,","","","14.0",",,E,28,","29.6",",E,01,","3208.7","E","107.1",",E","70.0",",,,E","15.71",",E","21.06",",,,E","10.37",",,,E"
"BKM00014654","1962-07","43.8678","18.4228","630.0","SARAJEVO, BK","93.6","E","53.7",",E","7",",E","4",",E","1",",E","","","0",",E","0",",E","0",",E","25",",E","1",",E","19620703",",,E","","","19620717",",,E","19620727",",,E","6.3",",E,03,","","","26.5",",,E,17,","32.7",",E,27,","31.3","E","31.3",",E","52.5",",,,E","19.06",",E","25.06",",,,E","13.05",",,,E"
"BKM00014654","1962-08","43.8678","18.4228","630.0","SARAJEVO, BK","192.4","E","98.8",",E","4",",E","2",",E","0",",E","","","0",",E","0",",E","0",",E","31",",E","1",",E","19620801",",,E","","","19620812",",,E","19620807",",,E","8.6",",E,01,","","","12.1",",,E,12,","32.9",",E,07,","37.7","E","6.4",",E","21.2",",,,E","21.31",",E","28.61",",,,E","14.02",",,,E"
"BKM00014654","1962-09","43.8678","18.4228","630.0","SARAJEVO, BK","220.4","E","28.0",",E","12",",E","3",",E","0",",E","","","0",",E","0",",E","0",",E","16",",E","0",",E","19620922",",,E","","","19620921",",,E","19620913",",,E","3.8",",E,22,","","","18.0",",,E,21,","31.7",",E,13,","134.4","E","96.7",",E","38.3",",,,E","16.04",",E","21.89",",,,E","10.19",",,,E"
"BKM00014654","1962-10","43.8678","18.4228","630.0","SARAJEVO, BK","220.4","E","0.0",",E","8",",E","3",",E","1",",E","","","0",",E","0",",E","0",",E","2",",E","0",",E","19621027",",,E","","","19621017",",,E","19621002",",,E","0.6",",E,27,","","","27.5",",,E,17,","21.8",",E,02,","369.4","E","235.0",",E","47.6",",,,E","10.75",",E","14.94",",,,E","6.56",",,,E"
"BKM00014654","1962-11","43.8678","18.4228","630.0","SARAJEVO, BK","220.4","E","0.0",",E","18",",E","10",",E","2",",E","","","0",",E","12",",E","5",",E","0",",E","0",",E","19621127",",,E","","","19621110",",,E","19621108",",,E","-7.3",",E,27,","","","46.6",",,E,10,","19.1",",E,08,","727.8","E","358.4",",E","178.8",",,,E","6.39",",E","9.66",",,,E","3.11",",,,E"
"BKM00014654","1962-12","43.8678","18.4228","630.0","SARAJEVO, BK","220.4","E","0.0",",E","15",",E","6",",E","0",",E","","","0",",E","27",",E","19",",E","0",",E","0",",E","19621228",",,E","","","19621215",",,E","19621230",",,E","-15.4",",E,28,","","","19.6",",,E,15,","11.4",",E,30,","1414.3","E","686.5",",E","85.1",",,,E","-3.81",",E","-0.76",",,,E","-6.86",",,,E"
"BKM00014654","1963-01","43.8678","18.4228","630.0","SARAJEVO, BK","0.0","E","0.0",",E","23",",E","11",",E","1",",E","","","7",",E","21",",E","19",",E","0",",E","0",",E","19630124",",,E","","","19630120",",,E","19630107",",,E","-21.8",",E,24,","","","30.0",",,E,20,","13.1",",E,07,","2149.7","E","735.4",",E","118.2",",,,E","-5.39",",E","-2.20",",,,E","-8.58",",,,E"
"BKM00014654","1963-02","43.8678","18.4228","630.0","SARAJEVO, BK","0.0","E","0.0",",E","17",",E","9",",E","1",",E","","","0",",E","23",",E","9",",E","0",",E","0",",E","19630202",",,E","","","19630218",",,E","19630220",",,E","-17.2",",E,02,","","","30.6",",,E,18,","8.6",",E,20,","2700.3","E","550.6",",E","100.6",",,,E","-1.33",",E","1.97",",,,E","-4.64",",,,E"
"BKM00014654","1963-03","43.8678","18.4228","630.0","SARAJEVO, BK","0.0","E","0.0",",E","15",",E","4",",E","0",",E","","","0",",E","14",",E","3",",E","0",",E","0",",E","19630303",",,E","","","19630322",",,E","19630312",",,E","-15.1",",E,03,","","","5.4",",,E,22,","14.6",",E,12,","3156.8","E","456.5",",E","34.1",",,,E","3.61",",E","8.22",",,,E","-1.00",",,,E"
"BKM00014654","1963-04","43.8678","18.4228","630.0","SARAJEVO, BK","0.0","E","0.0",",E","15",",E","7",",E","1",",E","","","0",",E","1",",E","0",",E","1",",E","0",",E","19630408",",,E","","","19630425",",,E","19630423",",,E","0.0",",E,08,","","","36.9",",,E,25,","22.4",",E,23,","3392.4","E","235.6",",E","99.2",",,,E","10.48",",E","15.47",",,,E","5.49",",,,E"
"BKM00014654","1963-05","43.8678","18.4228","630.0","SARAJEVO, BK","0.0","E","0.0",",E","16",",E","11",",E","0",",E","","","0",",E","0",",E","0",",E","14",",E","0",",E","19630507",",,E","","","19630530",",,E","19630528",",,E","3.4",",E,07,","","","24.0",",,E,30,","25.2",",E,28,","3525.8","E","133.4",",E","94.6",",,,E","14.03",",E","19.89",",,,E","8.16",",,,E"
"BKM00014654","1963-06","43.8678","18.4228","630.0","SARAJEVO, BK","46.8","E","46.8",",E","16",",E","8",",E","0",",E","","","0",",E","0",",E","0",",E","24",",E","0",",E","19630609",",,E","","","19630617",",,E","19630627",",,E","9.0",",E,09,","","","25.0",",,E,17,","32.1",",E,27,","3566.5","E","40.7",",E","86.7",",,,E","18.54",",E","24.60",",,,E","12.47",",,,E"
"BKM00014654","1963-07","43.8678","18.4228","630.0","SARAJEVO, BK","97.3","E","50.5",",E","16",",E","10",",E","2",",E","","","0",",E","0",",E","0",",E","29",",E","1",",E","19630710",",,E","","","19630724",",,E","19630701",",,E","10.4",",E,10,","","","43.0",",,E,24,","33.2",",E,01,","2.0","E","2.0",",E","167.1",",,,E","19.90",",E","25.97",",,,E","13.82",",,,E"
"BKM00014654","1963-08","43.8678","18.4228","630.0","SARAJEVO, BK","177.9","E","80.6",",E","8",",E","6",",E","1",",E","","","0",",E","0",",E","0",",E","29",",E","1",",E","19630823",",,E","","","19630810",",,E","19630815",",,E","5.3",",E,23,","","","33.2",",,E,10,","34.0",",E,15,","16.5","E","14.5",",E","92.6",",,,E","20.47",",E","27.65",",,,E","13.28",",,,E"
"BKM00014654","1963-09","43.8678","18.4228","630.0","SARAJEVO, BK","191.4","E","13.5",",E","10",",E","6",",E","1",",E","","","0",",E","0",",E","0",",E","22",",E","0",",E","19630930",",,E","","","19630922",",,E","19630905",",,E","1.2",",E,30,","","","28.8",",,E,22,","29.8",",E,05,","73.8","E","57.3",",E","82.7",",,,E","16.87",",E","23.19",",,,E","10.55",",,,E"
"BKM00014654","1963-10","43.8678","18.4228","630.0","SARAJEVO, BK","191.4","E","0.0",",E","5",",E","4",",E","0",",E","","","0",",E","2",",E","0",",E","3",",E","0",",E","19631021",",,E","","","19631009",",,E","19631003",",,E","-0.6",",E,21,","","","12.9",",,E,09,","23.5",",E,03,","333.4","E","259.6",",E","25.7",",,,E","9.96",",E","15.08",",,,E","4.84",",,,E"
"BKM00014654","1963-11","43.8678","18.4228","630.0","SARAJEVO, BK","191.4","E","0.0",",E","9",",E","6",",E","0",",E","","","0",",E","4",",E","0",",E","0",",E","0",",E","19631122",",,E","","","19631118",",,E","19631104",",,E","-3.2",",E,22,","","","16.7",",,E,18,","20.6",",E,04,","563.8","E","230.4",",E","61.4",",,,E","10.65",",E","15.12",",,,E","6.19",",,,E"
"BKM00014654","1963-12","43.8678","18.4228","630.0","SARAJEVO, BK","191.4","E","0.0",",E","16",",E","12",",E","3",",E","","","0",",E","26",",E","16",",E","0",",E","0",",E","19631218",",,E","","","19631222",",,E","19631205",",,E","-9.2",",E,18,","","","30.4",",,E,22,","13.2",",E,05,","1168.5","E","604.7",",E","147.5",",,,E","-1.17",",E","1.61",",,,E","-3.95",",,,E"
"BKM00014654","1964-01","43.8678","18.4228","630.0","SARAJEVO, BK","0.0","E","0.0",",E","5",",E","1",",E","0",",E","","","0",",E","31",",E","22",",E","0",",E","0",",E","19640118",",,E","","","19640115",",,E","19640114",",,E","-15.2",",E,18,","","","2.6",",,E,15,","6.4",",E,14,","1923.5","E","755.0",",E","5.3",",,,E","-6.02",",E","-2.38",",,,E","-9.66",",,,E"
"BKM00014654","1964-02","43.8678","18.4228","630.0","SARAJEVO, BK","0.0","E","0.0",",E","13",",E","5",",E","0",",E","","","0",",E","22",",E","4",",E","0",",E","0",",E","19640223",",,E","","","19640220",",,E","19640227",",,E","-11.6",",E,23,","","","9.5",",,E,20,","15.2",",E,27,","2427.1","E","503.6",",E","42.9",",,,E","0.97",",E","5.24",",,,E","-3.30",",,,E"
"BKM00014654","1964-03","43.8678","18.4228","630.0","SARAJEVO, BK","0.0","E","0.0",",E","13",",E","6",",E","0",",E","","","0",",E","17",",E","1",",E","0",",E","0",",E","19640303",",,E","","","19640317","+,,E","19640326",",,E","-4.7",",E,03,","","","12.2",",,E,17,+","19.6",",E,26,","2830.2","E","403.1",",E","54.8",",,,E","5.33",",E","9.60",",,,E","1.06",",,,E"
"BKM00014654","1964-04","43.8678","18.4228","630.0","SARAJEVO, BK","0.0","E","0.0",",E","8",",E","4",",E","0",",E","","","0",",E","2",",E","0",",E","2",",E","0",",E","19640409",",,E","","","19640425",",,E","19640420",",,E","-0.8",",E,09,","","","13.6",",,E,25,","22.8",",E,20,","3067.1","E","236.9",",E","39.1",",,,E","10.44",",E","16.27",",,,E","4.61",",,,E"
"BKM00014654","1964-05","43.8678","18.4228","630.0","SARAJEVO, BK","0.0","E","0.0",",E","10",",E","6",",E","1",",E","","","0",",E","0",",E","0",",E","12",",E","0",",E","19640502",",,E","","","19640521",",,E","19640514",",,E","1.7",",E,02,","","","36.0",",,E,21,","25.6",",E,14,","3220.4","E","153.3",",E","93.6",",,,E","13.39",",E","19.35",",,,E","7.43",",,,E"
"BKM00014654","1964-06","43.8678","18.4228","630.0","SARAJEVO, BK","33.0","E","33.0",",E","17",",E","14",",E","2",",E","","","0",",E","0",",E","0",",E","25",",E","0",",E","19640630",",,E","","","19640619",",,E","19640622",",,E","8.5",",E,30,","","","33.2",",,E,19,","30.0",",E,22,","3245.3","E","24.9",",E","141.2",",,,E","18.60",",E","24.40",",,,E","12.80",",,,E"
"BKM00014654","1964-07","43.8678","18.4228","630.0","SARAJEVO, BK","57.9","E","24.9",",E","14",",E","9",",E","0",",E","","","0",",E","0",",E","0",",E","24",",E","0",",E","19640701",",,E","","","19640711",",,E","19640721",",,E","4.8",",E,01,","","","15.8",",,E,11,","29.8",",E,21,","35.0","E","35.0",",E","78.3",",,,E","18.00",",E","23.96",",,,E","12.05",",,,E"
"BKM00014654","1964-08","43.8678","18.4228","630.0","SARAJEVO, BK","74.9","E","17.0",",E","7",",E","6",",E","0",",E","","","0",",E","0",",E","0",",E","25",",E","0",",E","19640804",",,E","","","19640803",",,E","19640829","+,,E","6.0",",E,04,","","","17.5",",,E,03,","28.6",",E,29,+","62.4","E","27.4",",E","60.9",",,,E","18.00",",E","24.45",",,,E","11.54",",,,E"
"BKM00014654","1964-09","43.8678","18.4228","630.0","SARAJEVO, BK","77.6","E","2.7",",E","11",",E","8",",E","1",",E","","","0",",E","0",",E","0",",E","13",",E","0",",E","19640923","+,,E","","","19640902",",,E","19640906",",,E","3.5",",E,23,+","","","32.1",",,E,02,","27.4",",E,06,","193.0","E","130.6",",E","91.8",",,,E","14.07",",E","19.44",",,,E","8.70",",,,E"
"BKM00014654","1964-10","43.8678","18.4228","630.0","SARAJEVO, BK","77.6","E","0.0",",E","18",",E","14",",E","0",",E","","","0",",E","0",",E","0",",E","2",",E","0",",E","19641023",",,E","","","19641027",",,E","19641002",",,E","2.1",",E,23,","","","17.4",",,E,27,","23.0",",E,02,","399.7","E","206.7",",E","131.9",",,,E","11.66",",E","15.90",",,,E","7.43",",,,E"
"BKM00014654","1964-11","43.8678","18.4228","630.0","SARAJEVO, BK","77.6","E","0.0",",E","18",",E","10",",E","0",",E","","","0",",E","6",",E","0",",E","0",",E","0",",E","19641120",",,E","","","19641102",",,E","19641118",",,E","-3.3",",E,20,","","","18.1",",,E,02,","15.2",",E,18,","759.2","E","359.5",",E","99.7",",,,E","6.35",",E","9.59",",,,E","3.11",",,,E"
"BKM00014654","1964-12","43.8678","18.4228","630.0","SARAJEVO, BK","77.6","E","0.0",",E","18",",E","12",",E","3",",E","","","0",",E","19",",E","9",",E","0",",E","0",",E","19641206",",,E","","","19641220",",,E","19641219",",,E","-11.8",",E,06,","","","32.3",",,E,20,","13.8",",E,19,","1284.1","E","524.9",",E","173.8",",,,E","1.40",",E","4.40",",,,E","-1.60",",,,E"
"BKM00014654","1965-01","43.8678","18.4228","630.0","SARAJEVO, BK","0.0","E","0.0",",E","8",",E","4",",E","0",",E","","","0",",E","25",",E","4",",E","0",",E","0",",E","19650108",",,E","","","19650120",",,E","19650131",",,E","-10.2",",E,08,","","","13.6",",,E,20,","15.0",",E,31,","1820.1","E","536.0",",E","34.0",",,,E","1.04",",E","4.46",",,,E","-2.38",",,,E"
"BKM00014654","1965-02","43.8678","18.4228","630.0","SARAJEVO, BK","0.0","E","0.0",",E","17",",E","8",",E","0",",E","","","0",",E","27",",E","17",",E","0",",E","0",",E","19650207",",,E","","","19650202",",,E","19650201",",,E","-17.6",",E,07,","","","19.0",",,E,02,","12.8",",E,01,","2458.9","E","638.8",",E","76.7",",,,E","-4.48",",E","-0.15",",,,E","-8.81",",,,E"
"BKM00014654","1965-03","43.8678","18.4228","630.0","SARAJEVO, BK","0.0","E","0.0",",E","17",",E","11",",E","0",",E","","","0",",E","11",",E","1",",E","0",",E","0",",E","19650301",",,E","","","19650304",",,E","19650316",",,E","-7.4",",E,01,","","","11.4",",,E,04,","16.6",",E,16,","2854.3","E","395.4",",E","62.1",",,,E","5.58",",E","10.34",",,,E","0.81",",,,E"
"BKM00014654","1965-04","43.8678","18.4228","630.0","SARAJEVO, BK","0.0","E","0.0",",E","16",",E","6",",E","1",",E","","","0",",E","4",",E","0",",E","1",",E","0",",E","19650402",",,E","","","19650429",",,E","19650408",",,E","-3.6",",E,02,","","","42.2",",,E,29,","22.8",",E,08,","3165.4","E","311.1",",E","101.6",",,,E","7.96",",E","12.94",",,,E","2.99",",,,E"
"BKM00014654","1965-05","43.8678","18.4228","630.0","SARAJEVO, BK","2.2","E","2.2",",E","18",",E","11",",E","1",",E","","","0",",E","0",",E","0",",E","10",",E","0",",E","19650510",",,E","","","19650513",",,E","19650519","+,,E","2.0",",E,10,","","","29.6",",,E,13,","26.2",",E,19,+","3355.3","E","189.9",",E","135.0",",,,E","12.28",",E","17.61",",,,E","6.95",",,,E"
"BKM00014654","1965-06","43.8678","18.4228","630.0","SARAJEVO, BK","36.3","E","34.1",",E","9",",E","6",",E","0",",E","","","0",",E","0",",E","0",",E","22",",E","0",",E","19650602",",,E","","","19650618",",,E","19650627",",,E","6.7",",E,02,","","","23.3",",,E,18,","31.4",",E,27,","3417.2","E","61.9",",E","78.7",",,,E","17.41",",E","23.83",",,,E","10.98",",,,E"
"BKM00014654","1965-07","43.8678","18.4228","630.0","SARAJEVO, BK","115.1","E","78.8",",E","2",",E","1",",E","0",",E","","","0",",E","0",",E","0",",E","28",",E","2",",E","19650712",",,E","","","19650706",",,E","19650726",",,E","6.6",",E,12,","","","15.0",",,E,06,","35.6",",E,26,","18.0","E","18.0",",E","16.1",",,,E","20.29",",E","27.92",",,,E","12.66",",,,E"
"BKM00014654","1965-08","43.8678","18.4228","630.0","SARAJEVO, BK","156.1","E","41.0",",E","6",",E","3",",E","1",",E","","","0",",E","0",",E","0",",E","23",",E","4",",E","19650830",",,E","","","19650825",",,E","19650808",",,E","4.8",",E,30,","","","27.2",",,E,25,","33.8",",E,08,","69.5","E","51.5",",E","49.8",",,,E","18.00",",E","25.20",",,,E","10.79",",,,E"
"BKM00014654","1965-09","43.8678","18.4228","630.0","SARAJEVO, BK","168.5","E","12.4",",E","11",",E","7",",E","1",",E","","","0",",E","0",",E","0",",E","21",",E","0",",E","19650914",",,E","","","19650913",",,E","19650903",",,E","4.9",",E,14,","","","40.0",",,E,13,","28.5",",E,03,","141.8","E","72.3",",E","118.2",",,,E","16.34",",E","22.29",",,,E","10.38",",,,E"
"BKM00014654","1965-10","43.8678","18.4228","630.0","SARAJEVO, BK","168.5","E","0.0",",E","1",",E","0",",E","0",",E","","","0",",E","10",",E","0",",E","8",",E","0",",E","19651025",",,E","","","19651031",",,E","19651002",",,E","-3.8",",E,25,","","","0.9",",,E,31,","25.1",",E,02,","397.9","E","256.1",",E","0.9",",,,E","10.07",",E","16.91",",,,E","3.23",",,,E"
"BKM00014654","1965-11","43.8678","18.4228","630.0","SARAJEVO, BK","168.5","E","0.0",",E","15",",E","13",",E","0",",E","","","0",",E","12",",E","2",",E","0",",E","0",",E","19651126",",,E","","","19651111",",,E","19651104",",,E","-11.0",",E,26,","","","25.0",",,E,11,","19.6",",E,04,","757.5","E","359.6",",E","170.7",",,,E","6.35",",E","10.89",",,,E","1.80",",,,E"
"BKM00014654","1965-12","43.8678","18.4228","630.0","SARAJEVO, BK","168.5","E","0.0",",E","14",",E","10",",E","0",",E","","","0",",E","16",",E","1",",E","0",",E","0",",E","19651216",",,E","","","19651212",",,E","19651208",",,E","-8.8",",E,16,","","","25.0",",,E,12,","15.4",",E,08,","1220.1","E","462.6",",E","99.5",",,,E","3.41",",E","7.18",",,,E","-0.36",",,,E"
"BKM00014654","1966-01","43.8678","18.4228","630.0","SARAJEVO, BK","0.0","E","0.0",",E","16",",E","12",",E","0",",E","","","0",",E","29",",E","18",",E","0",",E","0",",E","19660121",",,E","","","19660118",",,E","19660123",",,E","-16.0",",E,21,","","","14.7",",,E,18,","6.6",",E,23,","1911.8","E","691.7",",E","96.2",",,,E","-3.98",",E","-0.69",",,,E","-7.27",",,,E"
"BKM00014654","1966-02","43.8678","18.4228","630.0","SARAJEVO, BK","0.0","E","0.0",",E","8",",E","4",",E","0",",E","","","0",",E","7",",E","0",",E","0",",E","0",",E","19660205",",,E","","","19660224",",,E","19660228",",,E","-3.7",",E,05,","","","9.5",",,E,24,","18.4",",E,28,","2226.7","E","314.9",",E","25.5",",,,E","7.09",",E","11.68",",,,E","2.50",",,,E"
"BKM00014654","1966-03","43.8678","18.4228","630.0","SARAJEVO, BK","0.0","E","0.0",",E","16",",E","8",",E","2",",E","","","0",",E","17",",E","1",",E","0",",E","0",",E","19660327",",,E","","","19660326",",,E","19660324",",,E","-9.0",",E,27,","","","41.8",",,E,26,","16.3",",E,24,","2689.6","E","462.9",",E","131.1",",,,E","3.40",",E","7.55",",,,E","-0.75",",,,E"
"BKM00014654","1966-04","43.8678","18.4228","630.0","SARAJEVO, BK","0.0","E","0.0",",E","10",",E","4",",E","0",",E","","","0",",E","1",",E","0",",E","1",",E","0",",E","19660401",",,E","","","19660417",",,E","19660425",",,E","-0.4",",E,01,","","","13.1",",,E,17,","21.4",",E,25,","2911.5","E","221.9",",E","46.7",",,,E","10.94",",E","16.26",",,,E","5.61",",,,E"
"BKM00014654","1966-05","43.8678","18.4228","630.0","SARAJEVO, BK","0.0","E","0.0",",E","11",",E","8",",E","0",",E","","","0",",E","0",",E","0",",E","16",",E","0",",E","19660531",",,E","","","19660527",",,E","19660504",",,E","5.4",",E,31,","","","20.7",",,E,27,","25.8",",E,04,","3037.9","E","126.4",",E","84.7",",,,E","14.25",",E","20.41",",,,E","8.10",",,,E"
"BKM00014654","1966-06","43.8678","18.4228","630.0","SARAJEVO, BK","27.7","E","27.7",",E","10",",E","5",",E","0",",E","","","0",",E","0",",E","0",",E","24",",E","0",",E","19660603",",,E","","","19660617",",,E","19660624",",,E","4.6",",E,03,","","","18.3",",,E,17,","30.3",",E,24,","3098.5","E","60.6",",E","61.9",",,,E","17.24",",E","23.46",",,,E","11.01",",,,E"
"BKM00014654","1966-07","43.8678","18.4228","630.0","SARAJEVO, BK","72.4","E","44.7",",E","15",",E","9",",E","0",",E","","","0",",E","0",",E","0",",E","24",",E","0",",E","19660709",",,E","","","19660726",",,E","19660720",",,E","8.2",",E,09,","","","23.4",",,E,26,","30.1",",E,20,","28.2","E","28.2",",E","117.8",",,,E","18.87",",E","24.86",",,,E","12.87",",,,E"
"BKM00014654","1966-08","43.8678","18.4228","630.0","SARAJEVO, BK","121.2","E","48.8",",E","9",",E","6",",E","1",",E","","","0",",E","0",",E","0",",E","27",",E","0",",E","19660830",",,E","","","19660817",",,E","19660805",",,E","7.0",",E,30,","","","27.6",",,E,17,","31.2",",E,05,","50.0","E","21.8",",E","55.8",",,,E","19.20",",E","25.57",",,,E","12.84",",,,E"
"BKM00014654","1966-09","43.8678","18.4228","630.0","SARAJEVO, BK","128.7","E","7.5",",E","7",",E","3",",E","1",",E","","","0",",E","0",",E","0",",E","18",",E","0",",E","19660926","+,,E","","","19660901",",,E","19660912",",,E","6.0",",E,26,+","","","30.6",",,E,01,","29.0",",E,12,","127.1","E","77.1",",E","42.8",",,,E","16.01",",E","22.38",",,,E","9.64",",,,E"
"BKM00014654","1966-10","43.8678","18.4228","630.0","SARAJEVO, BK","128.7","E","0.0",",E","12",",E","7",",E","2",",E","","","0",",E","1",",E","0",",E","17",",E","0",",E","19661031",",,E","","","19661028",",,E","19661005",",,E","0.0",",E,31,","","","43.5",",,E,28,","24.6",",E,05,","235.1","E","108.0",",E","141.9",",,,E","14.85",",E","20.19",",,,E","9.50",",,,E"
"BKM00014654","1966-11","43.8678","18.4228","630.0","SARAJEVO, BK","128.7","E","0.0",",E","16",",E","11",",E","0",",E","","","0",",E","9",",E","0",",E","0",",E","0",",E","19661130",",,E","","","19661112",",,E","19661104",",,E","-3.8",",E,30,","","","16.5",",,E,12,","19.1",",E,04,","625.2","E","390.1",",E","110.0",",,,E","5.33",",E","8.79",",,,E","1.87",",,,E"
"BKM00014654","1966-12","43.8678","18.4228","630.0","SARAJEVO, BK","128.7","E","0.0",",E","20",",E","11",",E","1",",E","","","0",",E","23",",E","8",",E","0",",E","0",",E","19661227",",,E","","","19661214",",,E","19661202",",,E","-13.2",",E,27,","","","36.8",",,E,14,","13.2",",E,02,","1181.6","E","556.4",",E","124.4",",,,E","0.39",",E","3.44",",,,E","-2.67",",,,E"
"BKM00014654","1967-01","43.8678","18.4228","630.0","SARAJEVO, BK","0.0","E","0.0",",E","11",",E","7",",E","1",",E","","","5",",E","30",",E","17",",E","0",",E","0",",E","19670118",",,E","","","19670107",",,E","19670123",",,E","-20.2",",E,18,","","","40.3",",,E,07,","8.6",",E,23,","1906.6","E","725.0",",E","94.4",",,,E","-5.05",",E","-0.62",",,,E","-9.49",",,,E"
"BKM00014654","1967-02","43.8678","18.4228","630.0","SARAJEVO, BK","0.0","E","0.0",",E","7",",E","3",",E","0",",E","","","0",",E","19",",E","6",",E","0",",E","0",",E","19670214",",,E","","","19670210",",,E","19670227",",,E","-13.6",",E,14,","","","7.2",",,E,10,","15.2",",E,27,","2379.7","E","473.1",",E","19.5",",,,E","1.44",",E","6.21",",,,E","-3.34",",,,E"
"BKM00014654","1967-03","43.8678","18.4228","630.0","SARAJEVO, BK","0.0","E","0.0",",E","15",",E","8",",E","0",",E","","","0",",E","16",",E","0",",E","0",",E","0",",E","19670318",",,E","","","19670331",",,E","19670311",",,E","-6.0",",E,18,","","","23.5",",,E,31,","21.0",",E,11,","2769.2","E","389.5",",E","92.2",",,,E","5.77",",E","10.42",",,,E","1.12",",,,E"
"BKM00014654","1967-04","43.8678","18.4228","630.0","SARAJEVO, BK","0.0","E","0.0",",E","18",",E","8",",E","0",",E","","","0",",E","4",",E","0",",E","5",",E","0",",E","19670420",",,E","","","19670429",",,E","19670413",",,E","-2.5",",E,20,","","","14.4",",,E,29,","22.5",",E,13,","3057.9","E","288.7",",E","66.3",",,,E","8.71",",E","13.09",",,,E","4.32",",,,E"
"BKM00014654","1967-05","43.8678","18.4228","630.0","SARAJEVO, BK","0.4","E","0.4",",E","9",",E","6",",E","0",",E","","","0",",E","0",",E","0",",E","16",",E","0",",E","19670525","+,,E","","","19670505",",,E","19670530",",,E","4.0",",E,25,+","","","13.9",",,E,05,","26.0",",E,30,","3172.2","E","114.3",",E","55.5",",,,E","14.66",",E","20.62",",,,E","8.70",",,,E"
"BKM00014654","1967-06","43.8678","18.4228","630.0","SARAJEVO, BK","26.6","E","26.2",",E","15",",E","11",",E","0",",E","","","0",",E","0",",E","0",",E","18",",E","0",",E","19670615",",,E","","","19670614",",,E","19670627","+,,E","5.2",",E,15,","","","24.4",",,E,14,","30.7",",E,27,+","3257.5","E","85.3",",E","101.9",",,,E","16.36",",E","22.40",",,,E","10.33",",,,E"
"BKM00014654","1967-07","43.8678","18.4228","630.0","SARAJEVO, BK","85.8","E","59.2",",E","15",",E","7",",E","2",",E","","","0",",E","0",",E","0",",E","28",",E","2",",E","19670707",",,E","","","19670711",",,E","19670723",",,E","9.4",",E,07,","","","50.0",",,E,11,","33.0",",E,23,","14.7","E","14.7",",E","124.2",",,,E","19.77",",E","26.16",",,,E","13.37",",,,E"
"BKM00014654","1967-08","43.8678","18.4228","630.0","SARAJEVO, BK","149.2","E","63.4",",E","4",",E","3",",E","0",",E","","","0",",E","0",",E","0",",E","30",",E","2",",E","19670823",",,E","","","19670815",",,E","19670810",",,E","9.0",",E,23,","","","10.3",",,E,15,","33.6",",E,10,","21.0","E","6.3",",E","18.8",",,,E","20.17",",E","27.03",",,,E","13.32",",,,E"
"BKM00014654","1967-09","43.8678","18.4228","630.0","SARAJEVO, BK","162.2","E","13.0",",E","10",",E","6",",E","0",",E","","","0",",E","0",",E","0",",E","21",",E","0",",E","19670914",",,E","","","19670916",",,E","19670904",",,E","7.4",",E,14,","","","14.4",",,E,16,","28.4",",E,04,","65.9","E","44.9",",E","46.9",",,,E","17.27",",E","23.37",",,,E","11.18",",,,E"
"BKM00014654","1967-10","43.8678","18.4228","630.0","SARAJEVO, BK","162.2","E","0.0",",E","5",",E","3",",E","0",",E","","","0",",E","2",",E","0",",E","13",",E","0",",E","19671020",",,E","","","19671006",",,E","19671017",",,E","-2.5",",E,20,","","","19.8",",,E,06,","25.9",",E,17,","240.2","E","174.3",",E","31.3",",,,E","12.71",",E","19.80",",,,E","5.62",",,,E"
"BKM00014654","1967-11","43.8678","18.4228","630.0","SARAJEVO, BK","162.2","E","0.0",",E","8",",E","6",",E","0",",E","","","0",",E","11",",E","0",",E","1",",E","0",",E","19671122",",,E","","","19671130",",,E","19671109",",,E","-7.2",",E,22,","","","17.2",",,E,30,","21.4",",E,09,","573.4","E","333.2",",E","55.8",",,,E","7.23",",E","12.51",",,,E","1.95",",,,E"
"BKM00014654","1967-12","43.8678","18.4228","630.0","SARAJEVO, BK","162.2","E","0.0",",E","18",",E","13",",E","1",",E","","","0",",E","25",",E","11",",E","0",",E","0",",E","19671222",",,E","","","19671231",",,E","19671225",",,E","-15.8",",E,22,","","","36.0",",,E,31,","11.0",",E,25,","1184.9","E","611.5",",E","156.3",",,,E","-1.39",",E","1.93",",,,E","-4.72",",,,E"
"BKM00014654","1968-01","43.8678","18.4228","630.0","SARAJEVO, BK","0.0","E","0.0",",E","17",",E","13",",E","1",",E","","","1",",E","30",",E","13",",E","0",",E","0",",E","19680114",",,E","","","19680119",",,E","19680106",",,E","-18.0",",E,14,","","","26.7",",,E,19,","7.6",",E,06,","1853.3","E","668.4",",E","158.7",",,,E","-3.23",",E","0.61",",,,E","-7.07",",,,E"
"BKM00014654","1968-02","43.8678","18.4228","630.0","SARAJEVO, BK","0.0","E","0.0",",E","9",",E","5",",E","0",",E","","","0",",E","17",",E","1",",E","0",",E","0",",E","19680202",",,E","","","19680217",",,E","19680225",",,E","-9.0",",E,02,","","","17.8",",,E,17,","15.8",",E,25,","2290.8","E","437.5",",E","38.8",",,,E","3.25",",E","7.07",",,,E","-0.58",",,,E"
"BKM00014654","1968-03","43.8678","18.4228","630.0","SARAJEVO, BK","0.0","E","0.0",",E","12",",E","6",",E","0",",E","","","0",",E","16",",E","1",",E","2",",E","0",",E","19680304","+,,E","","","19680326",",,E","19680330",",,E","-8.0",",E,04,+","","","13.2",",,E,26,","23.0",",E,30,","2695.6","E","404.8",",E","44.8",",,,E","5.27",",E","10.69",",,,E","-0.14",",,,E"
"BKM00014654","1968-04","43.8678","18.4228","630.0","SARAJEVO, BK","0.0","E","0.0",",E","3",",E","2",",E","0",",E","","","0",",E","2",",E","0",",E","13",",E","0",",E","19680411",",,E","","","19680416",",,E","19680424",",,E","-2.8",",E,11,","","","3.7",",,E,16,","28.5",",E,24,","2858.4","E","162.8",",E","7.7",",,,E","12.91",",E","19.79",",,,E","6.02",",,,E"
"BKM00014654","1968-05","43.8678","18.4228","630.0","SARAJEVO, BK","25.6","E","25.6",",E","12",",E","8",",E","0",",E","","","0",",E","0",",E","0",",E","21",",E","0",",E","19680502",",,E","","","19680515",",,E","19680512",",,E","5.7",",E,02,","","","15.8",",,E,15,","31.4",",E,12,","2934.7","E","76.3",",E","71.9",",,,E","16.70",",E","22.77",",,,E","10.62",",,,E"
"BKM00014654","1968-06","43.8678","18.4228","630.0","SARAJEVO, BK","41.1","E","15.5",",E","18",",E","11",",E","0",",E","","","0",",E","0",",E","0",",E","23",",E","0",",E","19680612",",,E","","","19680611",",,E","19680629",",,E","7.4",",E,12,","","","16.3",",,E,11,","29.9",",E,29,","2981.3","E","46.6",",E","109.8",",,,E","17.30",",E","23.16",",,,E","11.44",",,,E"
"BKM00014654","1968-07","43.8678","18.4228","630.0","SARAJEVO, BK","93.8","E","52.7",",E","9",",E","7",",E","0",",E","","","0",",E","0",",E","0",",E","27",",E","2",",E","19680723",",,E","","","19680719",",,E","19680711",",,E","7.4",",E,23,","","","18.4",",,E,19,","35.2",",E,11,","39.9","E","39.9",",E","67.1",",,,E","18.75",",E","25.60",",,,E","11.89",",,,E"
"BKM00014654","1968-08","43.8678","18.4228","630.0","SARAJEVO, BK","108.8","E","15.0",",E","13",",E","8",",E","1",",E","","","0",",E","0",",E","0",",E","21",",E","0",",E","19680821",",,E","","","19680831",",,E","19680802",",,E","5.8",",E,21,","","","36.2",",,E,31,","29.3",",E,02,","87.2","E","47.3",",E","120.0",",,,E","17.29",",E","22.86",",,,E","11.73",",,,E"
"BKM00014654","1968-09","43.8678","18.4228","630.0","SARAJEVO, BK","120.8","E","12.0",",E","16",",E","10",",E","0",",E","","","0",",E","0",",E","0",",E","13",",E","0",",E","19680928",",,E","","","19680906",",,E","19680916",",,E","2.8",",E,28,","","","22.6",",,E,06,","29.3",",E,16,","197.8","E","110.6",",E","124.6",",,,E","15.05",",E","20.41",",,,E","9.68",",,,E"
"BKM00014654","1968-10","43.8678","18.4228","630.0","SARAJEVO, BK","120.8","E","0.0",",E","10",",E","5",",E","1",",E","","","0",",E","3",",E","0",",E","6",",E","0",",E","19681022",",,E","","","19681001",",,E","19681014",",,E","-2.8",",E,22,","","","29.6",",,E,01,","27.1",",E,14,","422.8","E","225.0",",E","59.7",",,,E","11.07",",E","16.54",",,,E","5.61",",,,E"
"BKM00014654","1968-11","43.8678","18.4228","630.0","SARAJEVO, BK","120.8","E","0.0",",E","14",",E","7",",E","2",",E","","","0",",E","9",",E","0",",E","0",",E","0",",E","19681128",",,E","","","19681110",",,E","19681104","+,,E","-4.4",",E,28,","","","33.0",",,E,10,","20.2",",E,04,+","756.3","E","333.5",",E","113.8",",,,E","7.22",",E","11.26",",,,E","3.17",",,,E"
"BKM00014654","1968-12","43.8678","18.4228","630.0","SARAJEVO, BK","120.8","E","0.0",",E","14",",E","9",",E","1",",E","","","0",",E","30",",E","17",",E","0",",E","0",",E","19681229",",,E","","","19681220",",,E","19681218",",,E","-13.9",",E,29,","","","78.8",",,E,20,","13.4",",E,18,","1407.3","E","651.0",",E","136.3",",,,E","-2.67",",E","0.01",",,,E","-5.35",",,,E"
"BKM00014654","1969-01","43.8678","18.4228","630.0","SARAJEVO, BK","0.0","E","0.0",",E","12",",E","4",",E","0",",E","","","0",",E","25",",E","13",",E","0",",E","0",",E","19690112",",,E","","","19690110",",,E","19690114",",,E","-15.6",",E,12,","","","10.2",",,E,10,","10.8",",E,14,","2029.7","E","622.4",",E","34.2",",,,E","-1.74",",E","1.45",",,,E","-4.94",",,,E"
"BKM00014654","1969-02","43.8678","18.4228","630.0","SARAJEVO, BK","0.0","E","0.0",",E","18",",E","11",",E","2",",E","","","0",",E","16",",E","5",",E","0",",E","0",",E","19690212",",,E","","","19690205",",,E","19690203",",,E","-12.2",",E,12,","","","73.0",",,E,05,","12.3",",E,03,","2489.2","E","459.5",",E","183.1",",,,E","1.92",",E","5.89",",,,E","-2.05",",,,E"
"BKM00014654","1969-03","43.8678","18.4228","630.0","SARAJEVO, BK","0.0","E","0.0",",E","14",",E","6",",E","0",",E","","","0",",E","15",",E","0",",E","0",",E","0",",E","19690331",",,E","","","19690329",",,E","19690310","+,,E","-4.0",",E,31,","","","7.4",",,E,29,","14.2",",E,10,+","2906.8","E","417.6",",E","42.4",",,,E","4.86",",E","8.61",",,,E","1.12",",,,E"
"BKM00014654","1969-04","43.8678","18.4228","630.0","SARAJEVO, BK","1.1","E","1.1",",E","12",",E","4",",E","1",",E","","","0",",E","9",",E","0",",E","5",",E","0",",E","19690416",",,E","","","19690415",",,E","19690428",",,E","-5.0",",E,16,","","","33.6",",,E,15,","28.8",",E,28,","3193.5","E","286.7",",E","60.3",",,,E","8.81",",E","14.90",",,,E","2.72",",,,E"
"BKM00014654","1969-05","43.8678","18.4228","630.0","SARAJEVO, BK","29.4","E","28.3",",E","8",",E","6",",E","0",",E","","","0",",E","0",",E","0",",E","22",",E","0",",E","19690523",",,E","","","19690521",",,E","19690530","+,,E","3.8",",E,23,","","","11.7",",,E,21,","30.8",",E,30,+","3262.0","E","68.5",",E","38.0",",,,E","17.04",",E","23.53",",,,E","10.54",",,,E"
"BKM00014654","1969-06","43.8678","18.4228","630.0","SARAJEVO, BK","36.8","E","7.4",",E","17",",E","13",",E","1",",E","","","0",",E","0",",E","0",",E","15",",E","0",",E","19690628",",,E","","","19690615",",,E","19690624",",,E","6.2",",E,28,","","","29.4",",,E,15,","28.0",",E,24,","3342.7","E","80.7",",E","160.6",",,,E","15.89",",E","21.34",",,,E","10.44",",,,E"
"BKM00014654","1969-07","43.8678","18.4228","630.0","SARAJEVO, BK","61.7","E","24.9",",E","12",",E","9",",E","1",",E","","","0",",E","0",",E","0",",E","24",",E","0",",E","19690716",",,E","","","19690706",",,E","19690726",",,E","8.0",",E,16,","","","46.7",",,E,06,","28.2",",E,26,","44.9","E","44.9",",E","115.1",",,,E","17.69",",E","23.66",",,,E","11.72",",,,E"
"BKM00014654","1969-08","43.8678","18.4228","630.0","SARAJEVO, BK","85.8","E","24.1",",E","17",",E","9",",E","2",",E","","","0",",E","0",",E","0",",E","22",",E","1",",E","19690827",",,E","","","19690826",",,E","19690816",",,E","8.4",",E,27,","","","45.2",",,E,26,","32.6",",E,16,","80.7","E","35.8",",E","157.8",",,,E","17.95",",E","24.06",",,,E","11.85",",,,E"
"BKM00014654","1969-09","43.8678","18.4228","630.0","SARAJEVO, BK","94.6","E","8.8",",E","12",",E","7",",E","0",",E","","","0",",E","0",",E","0",",E","17",",E","0",",E","19690929",",,E","","","19690918",",,E","19690903",",,E","5.4",",E,29,","","","13.1",",,E,18,","28.8",",E,03,","146.1","E","65.4",",E","56.2",",,,E","16.45",",E","21.80",",,,E","11.09",",,,E"
"BKM00014654","1969-10","43.8678","18.4228","630.0","SARAJEVO, BK","94.6","E","0.0",",E","1",",E","0",",E","0",",E","","","0",",E","1",",E","0",",E","1",",E","0",",E","19691028",",,E","","","19691031",",,E","19691001",",,E","-0.6",",E,28,","","","1.0",",,E,31,","21.2",",E,01,","412.7","E","266.6",",E","1.0",",,,E","9.73",",E","16.24",",,,E","3.22",",,,E"
"BKM00014654","1969-11","43.8678","18.4228","630.0","SARAJEVO, BK","94.6","E","0.0",",E","13",",E","7",",E","0",",E","","","0",",E","12",",E","1",",E","0",",E","0",",E","19691128",",,E","","","19691127",",,E","19691114",",,E","-10.7",",E,28,","","","16.3",",,E,27,","19.5",",E,14,","698.9","E","286.2",",E","62.7",",,,E","8.79",",E","14.14",",,,E","3.45",",,,E"
"BKM00014654","1969-12","43.8678","18.4228","630.0","SARAJEVO, BK","94.6","E","0.0",",E","23",",E","15",",E","2",",E","","","0",",E","31",",E","22",",E","0",",E","0",",E","19691218",",,E","","","19691206",",,E","19691231",",,E","-12.8",",E,18,","","","39.6",",,E,06,","6.8",",E,31,","1377.6","E","678.7",",E","160.3",",,,E","-3.56",",E","-0.90",",,,E","-6.22",",,,E"
"BKM00014654","1970-01","43.8678","18.4228","630.0","SARAJEVO, BK","0.0","E","0.0",",E","15",",E","10",",E","1",",E","","","0",",E","24",",E","7",",E","0",",E","0",",E","19700121",",,E","","","19700102",",,E","19700106",",,E","-9.2",",E,21,","","","33.9",",,E,02,","15.0",",E,06,","1908.0","E","530.4",",E","134.2",",,,E","1.22",",E","4.31",",,,E","-1.86",",,,E"
"BKM00014654","1970-02","43.8678","18.4228","630.0","SARAJEVO, BK","0.0","E","0.0",",E","18",",E","10",",E","1",",E","","","0",",E","21",",E","7",",E","0",",E","0",",E","19700218",",,E","","","19700216",",,E","19700209","+,,E","-14.9",",E,18,","","","38.2",",,E,16,","13.0",",E,09,+","2392.3","E","484.3",",E","131.4",",,,E","1.04",",E","5.32",",,,E","-3.25",",,,E"
"BKM00014654","1970-03","43.8678","18.4228","630.0","SARAJEVO, BK","0.0","E","0.0",",E","15",",E","8",",E","0",",E","","","0",",E","18",",E","1",",E","0",",E","0",",E","19700302",",,E","","","19700306",",,E","19700324",",,E","-10.3",",E,02,","","","21.3",",,E,06,","17.7",",E,24,","2818.5","E","426.2",",E","100.6",",,,E","4.58",",E","9.20",",,,E","-0.04",",,,E"
"BKM00014654","1970-04","43.8678","18.4228","630.0","SARAJEVO, BK","0.0","E","0.0",",E","10",",E","8",",E","1",",E","","","0",",E","6",",E","0",",E","6",",E","0",",E","19700405",",,E","","","19700415",",,E","19700423",",,E","-2.4",",E,05,","","","28.3",",,E,15,","25.4",",E,23,","3075.4","E","256.9",",E","84.8",",,,E","9.77",",E","15.13",",,,E","4.41",",,,E"
"BKM00014654","1970-05","43.8678","18.4228","630.0","SARAJEVO, BK","0.4","E","0.4",",E","17",",E","9",",E","1",",E","","","0",",E","1",",E","0",",E","5",",E","0",",E","19700501",",,E","","","19700523",",,E","19700510",",,E","-0.1",",E,01,","","","29.8",",,E,23,","26.0",",E,10,","3290.2","E","214.8",",E","102.8",",,,E","11.41",",E","16.31",",,,E","6.52",",,,E"
"BKM00014654","1970-06","43.8678","18.4228","630.0","SARAJEVO, BK","33.0","E","32.6",",E","16",",E","8",",E","0",",E","","","0",",E","0",",E","0",",E","23",",E","0",",E","19700603",",,E","","","19700621",",,E","19700610",",,E","5.6",",E,03,","","","14.2",",,E,21,","29.6",",E,10,","3339.0","E","48.8",",E","73.9",",,,E","17.79",",E","23.97",",,,E","11.62",",,,E"
"BKM00014654","1970-07","43.8678","18.4228","630.0","SARAJEVO, BK","83.9","E","50.9",",E","11",",E","6",",E","0",",E","","","0",",E","0",",E","0",",E","23",",E","0",",E","19700719",",,E","","","19700706",",,E","19700725",",,E","6.6",",E,19,","","","23.4",",,E,06,","31.8",",E,25,","54.1","E","54.1",",E","76.0",",,,E","18.23",",E","24.26",",,,E","12.19",",,,E"
"BKM00014654","1970-08","43.8678","18.4228","630.0","SARAJEVO, BK","142.8","E","58.9",",E","11",",E","7",",E","0",",E","","","0",",E","0",",E","0",",E","26",",E","1",",E","19700828",",,E","","","19700825",",,E","19700807",",,E","6.8",",E,28,","","","12.1",",,E,25,","33.2",",E,07,","80.8","E","26.7",",E","46.7",",,,E","19.37",",E","26.00",",,,E","12.74",",,,E"
"BKM00014654","1970-09","43.8678","18.4228","630.0","SARAJEVO, BK","163.3","E","20.5",",E","5",",E","4",",E","0",",E","","","0",",E","1",",E","0",",E","15",",E","1",",E","19700930",",,E","","","19700901",",,E","19700911",",,E","-1.7",",E,30,","","","10.2",",,E,01,","32.7",",E,11,","182.7","E","101.9",",E","26.7",",,,E","15.62",",E","22.53",",,,E","8.71",",,,E"
"BKM00014654","1970-10","43.8678","18.4228","630.0","SARAJEVO, BK","163.3","E","0.0",",E","9",",E","7",",E","2",",E","","","0",",E","2",",E","0",",E","10",",E","0",",E","19701025",",,E","","","19701022",",,E","19701006",",,E","-1.2",",E,25,","","","34.1",",,E,22,","26.5",",E,06,","455.7","E","273.0",",E","114.7",",,,E","9.53",",E","15.68",",,,E","3.37",",,,E"
"BKM00014654","1970-11","43.8678","18.4228","630.0","SARAJEVO, BK","163.3","E","0.0",",E","12",",E","9",",E","0",",E","","","0",",E","8",",E","0",",E","0",",E","0",",E","19701127",",,E","","","19701117",",,E","19701104",",,E","-3.5",",E,27,","","","21.0",",,E,17,","20.3",",E,04,","802.0","E","346.3",",E","73.7",",,,E","6.79",",E","11.47",",,,E","2.10",",,,E"
"BKM00014654","1970-12","43.8678","18.4228","630.0","SARAJEVO, BK","163.3","E","0.0",",E","15",",E","9",",E","0",",E","","","0",",E","24",",E","12",",E","0",",E","0",",E","19701218",",,E","","","19701226",",,E","19701230",",,E","-8.5",",E,18,","","","19.0",",,E,26,","14.2",",E,30,","1363.7","E","561.7",",E","68.4",",,,E","0.21",",E","3.20",",,,E","-2.78",",,,E"
"BKM00014654","1971-01","43.8678","18.4228","630.0","SARAJEVO, BK","0.0","E","0.0",",E","11",",E","7",",E","1",",E","","","0",",E","23",",E","16",",E","0",",E","0",",E","19710103",",,E","","","19710103",",,E","19710131",",,E","-10.4",",E,03,","","","66.4",",,E,03,","14.9",",E,31,","1922.8","E","559.1",",E","127.4",",,,E","0.30",",E","3.86",",,,E","-3.27",",,,E"
"BKM00014654","1971-02","43.8678","18.4228","630.0","SARAJEVO, BK","0.0","E","0.0",",E","12",",E","8",",E","0",",E","","","0",",E","19",",E","4",",E","0",",E","0",",E","19710228",",,E","","","19710202",",,E","19710201",",,E","-15.2",",E,28,","","","14.0",",,E,02,","13.0",",E,01,","2395.7","E","472.9",",E","56.8",",,,E","1.44",",E","5.10",",,,E","-2.21",",,,E"
"BKM00014654","1971-03","43.8678","18.4228","630.0","SARAJEVO, BK","0.0","E","0.0",",E","14",",E","10",",E","0",",E","","","0",",E","20",",E","9",",E","0",",E","0",",E","19710313",",,E","","","19710323",",,E","19710321",",,E","-14.8",",E,13,","","","15.6",",,E,23,","19.9",",E,21,","2918.3","E","522.6",",E","76.4",",,,E","1.48",",E","5.91",",,,E","-2.95",",,,E"
"BKM00014654","1971-04","43.8678","18.4228","630.0","SARAJEVO, BK","0.0","E","0.0",",E","12",",E","7",",E","0",",E","","","0",",E","2",",E","0",",E","3",",E","0",",E","19710416",",,E","","","19710406",",,E","19710430",",,E","-2.2",",E,16,","","","11.8",",,E,06,","23.6",",E,30,","3144.9","E","226.6",",E","45.1",",,,E","10.78",",E","16.46",",,,E","5.09",",,,E"
"BKM00014654","1971-05","43.8678","18.4228","630.0","SARAJEVO, BK","4.9","E","4.9",",E","7",",E","1",",E","1",",E","","","0",",E","0",",E","0",",E","23",",E","0",",E","19710507",",,E","","","19710530",",,E","19710517",",,E","5.5",",E,07,","","","46.0",",,E,30,","28.0",",E,17,","3216.5","E","71.6",",E","55.6",",,,E","16.18",",E","22.85",",,,E","9.50",",,,E"
"BKM00014654","1971-06","43.8678","18.4228","630.0","SARAJEVO, BK","21.9","E","17.0",",E","13",",E","6",",E","0",",E","","","0",",E","0",",E","0",",E","22",",E","0",",E","19710630",",,E","","","19710602",",,E","19710626",",,E","4.5",",E,30,","","","12.9",",,E,02,","29.5",",E,26,","3262.6","E","46.1",",E","52.8",",,,E","17.36",",E","23.66",",,,E","11.06",",,,E"
"BKM00014654","1971-07","43.8678","18.4228","630.0","SARAJEVO, BK","63.1","E","41.2",",E","8",",E","3",",E","0",",E","","","0",",E","0",",E","0",",E","26",",E","1",",E","19710701",",,E","","","19710730",",,E","19710718",",,E","6.3",",E,01,","","","25.3",",,E,30,","34.4",",E,18,","26.2","E","26.2",",E","50.4",",,,E","18.82",",E","25.60",",,,E","12.04",",,,E"
"BKM00014654","1971-08","43.8678","18.4228","630.0","SARAJEVO, BK","167.9","E","104.8",",E","7",",E","2",",E","0",",E","","","0",",E","0",",E","0",",E","30",",E","7",",E","19710830",",,E","","","19710802",",,E","19710808",",,E","9.0",",E,30,","","","4.2",",,E,02,","35.7",",E,08,","30.1","E","3.9",",E","13.1",",,,E","21.59",",E","29.22",",,,E","13.95",",,,E"
"BKM00014654","1971-09","43.8678","18.4228","630.0","SARAJEVO, BK","167.9","E","0.0",",E","17",",E","13",",E","1",",E","","","0",",E","0",",E","0",",E","7",",E","0",",E","19710919",",,E","","","19710902",",,E","19710905",",,E","0.5",",E,19,","","","26.7",",,E,02,","25.2",",E,05,","208.4","E","178.3",",E","135.3",",,,E","12.39",",E","17.34",",,,E","7.44",",,,E"
"BKM00014654","1971-10","43.8678","18.4228","630.0","SARAJEVO, BK","167.9","E","0.0",",E","6",",E","2",",E","1",",E","","","0",",E","7",",E","0",",E","6",",E","0",",E","19711030",",,E","","","19711016",",,E","19711009",",,E","-6.1",",E,30,","","","56.0",",,E,16,","23.5",",E,09,","499.6","E","291.2",",E","64.4",",,,E","8.94",",E","15.07",",,,E","2.80",",,,E"
"BKM00014654","1971-11","43.8678","18.4228","630.0","SARAJEVO, BK","167.9","E","0.0",",E","16",",E","11",",E","0",",E","","","0",",E","13",",E","1",",E","0",",E","0",",E","19711122",",,E","","","19711120",",,E","19711106",",,E","-11.0",",E,22,","","","22.5",",,E,20,","19.0",",E,06,","890.9","E","391.3",",E","80.2",",,,E","5.29",",E","9.16",",,,E","1.42",",,,E"
"BKM00014654","1971-12","43.8678","18.4228","630.0","SARAJEVO, BK","167.9","E","0.0",",E","10",",E","3",",E","0",",E","","","0",",E","22",",E","8",",E","0",",E","0",",E","19711211",",,E","","","19711201",",,E","19711206",",,E","-9.8",",E,11,","","","9.1",",,E,01,","9.8",",E,06,","1451.2","E","560.3",",E","29.2",",,,E","0.26",",E","3.07",",,,E","-2.55",",,,E"
"BKM00014654","1972-01","43.8678","18.4228","630.0","SARAJEVO, BK","0.0","E","0.0",",E","13",",E","4",",E","0",",E","","","0",",E","27",",E","8",",E","0",",E","0",",E","19720117",",,E","","","19720128",",,E","19720105",",,E","-8.6",",E,17,","","","7.3",",,E,28,","11.5",",E,05,","2007.9","E","556.7",",E","27.2",",,,E","0.38",",E","3.39",",,,E","-2.64",",,,E"
"BKM00014654","1972-02","43.8678","18.4228","630.0","SARAJEVO, BK","0.0","E","0.0",",E","13",",E","2",",E","0",",E","","","0",",E","12",",E","0",",E","0",",E","0",",E","19720204",",,E","","","19720221",",,E","19720223",",,E","-7.6",",E,04,","","","10.4",",,E,21,","14.5",",E,23,","2391.8","E","383.9",",E","27.7",",,,E","5.09",",E","9.43",",,,E","0.76",",,,E"
"BKM00014654","1972-03","43.8678","18.4228","630.0","SARAJEVO, BK","0.0","E","0.0",",E","2",",E","1",",E","0",",E","","","0",",E","7",",E","0",",E","0",",E","0",",E","19720314",",,E","","","19720312",",,E","19720331",",,E","-6.5",",E,14,","","","5.7",",,E,12,","20.5",",E,31,","2696.7","E","304.9",",E","6.2",",,,E","8.50",",E","14.61",",,,E","2.39",",,,E"
"BKM00014654","1972-04","43.8678","18.4228","630.0","SARAJEVO, BK","0.0","E","0.0",",E","14",",E","9",",E","0",",E","","","0",",E","2",",E","0",",E","6",",E","0",",E","19720430",",,E","","","19720421",",,E","19720409",",,E","-0.6",",E,30,","","","14.1",",,E,21,","23.2",",E,09,","2916.2","E","219.5",",E","80.2",",,,E","11.02",",E","16.34",",,,E","5.69",",,,E"
"BKM00014654","1972-05","43.8678","18.4228","630.0","SARAJEVO, BK","4.4","E","4.4",",E","16",",E","8",",E","1",",E","","","0",",E","0",",E","0",",E","14",",E","0",",E","19720503",",,E","","","19720529",",,E","19720526",",,E","3.8",",E,03,","","","32.9",",,E,29,","26.8",",E,26,","3035.6","E","119.4",",E","101.4",",,,E","14.62",",E","20.76",",,,E","8.49",",,,E"
"BKM00014654","1972-06","43.8678","18.4228","630.0","SARAJEVO, BK","48.9","E","44.5",",E","7",",E","4",",E","0",",E","","","0",",E","0",",E","0",",E","28",",E","0",",E","19720626",",,E","","","19720629",",,E","19720616",",,E","6.7",",E,26,","","","6.8",",,E,29,","30.3",",E,16,","3051.7","E","16.1",",E","23.0",",,,E","19.28",",E","25.72",",,,E","12.85",",,,E"
"BKM00014654","1972-07","43.8678","18.4228","630.0","SARAJEVO, BK","85.3","E","36.4",",E","22",",E","15",",E","2",",E","","","0",",E","0",",E","0",",E","26",",E","0",",E","19720731","+,,E","","","19720715",",,E","19720710",",,E","9.4",",E,31,+","","","42.2",",,E,15,","30.4",",E,10,","15.0","E","15.0",",E","190.5",",,,E","19.02",",E","24.56",",,,E","13.49",",,,E"
"BKM00014654","1972-08","43.8678","18.4228","630.0","SARAJEVO, BK","134.5","E","49.2",",E","12",",E","11",",E","1",",E","","","0",",E","0",",E","0",",E","19",",E","2",",E","19720806",",,E","","","19720820",",,E","19720812",",,E","7.0",",E,06,","","","34.4",",,E,20,","33.5",",E,12,","92.3","E","77.3",",E","122.0",",,,E","17.42",",E","23.03",",,,E","11.82",",,,E"
"BKM00014654","1972-09","43.8678","18.4228","630.0","SARAJEVO, BK","135.9","E","1.4",",E","15",",E","7",",E","0",",E","","","0",",E","1",",E","0",",E","8",",E","0",",E","19720930",",,E","","","19720927",",,E","19720908",",,E","0.0",",E,30,","","","16.2",",,E,27,","25.6",",E,08,","264.4","E","172.1",",E","79.1",",,,E","12.65",",E","17.68",",,,E","7.61",",,,E"
"BKM00014654","1972-10","43.8678","18.4228","630.0","SARAJEVO, BK","135.9","E","0.0",",E","11",",E","7",",E","0",",E","","","0",",E","6",",E","0",",E","1",",E","0",",E","19721020",",,E","","","19721006",",,E","19721013",",,E","-3.5",",E,20,","","","15.4",",,E,06,","22.3",",E,13,","592.5","E","328.1",",E","71.7",",,,E","7.75",",E","12.25",",,,E","3.25",",,,E"
"BKM00014654","1972-11","43.8678","18.4228","630.0","SARAJEVO, BK","135.9","E","0.0",",E","8",",E","6",",E","2",",E","","","0",",E","12",",E","3",",E","0",",E","0",",E","19721129",",,E","","","19721125",",,E","19721108",",,E","-11.1",",E,29,","","","42.4",",,E,25,","18.6",",E,08,","961.5","E","369.0",",E","107.0",",,,E","6.03",",E","11.60",",,,E","0.47",",,,E"
"BKM00014654","1972-12","43.8678","18.4228","630.0","SARAJEVO, BK","135.9","E","0.0",",E","2",",E","2",",E","0",",E","","","0",",E","25",",E","11",",E","0",",E","0",",E","19721230",",,E","","","19721226",",,E","19721203",",,E","-10.2",",E,30,","","","4.1",",,E,26,","14.0",",E,03,","1536.5","E","575.0",",E","7.4",",,,E","-0.21",",E","2.18",",,,E","-2.61",",,,E"
"BKM00014654","1973-01","43.8678","18.4228","630.0","SARAJEVO, BK","0.0","E","0.0",",E","12",",E","3",",E","0",",E","","","0",",E","24",",E","8",",E","0",",E","0",",E","19730114",",,E","","","19730119",",,E","19730117",",,E","-9.6",",E,14,","","","7.0",",,E,19,","10.2",",E,17,","2097.3","E","560.8",",E","21.8",",,,E","0.24",",E","2.89",",,,E","-2.41",",,,E"
"BKM00014654","1973-02","43.8678","18.4228","630.0","SARAJEVO, BK","0.0","E","0.0",",E","16",",E","11",",E","1",",E","","","0",",E","18",",E","3",",E","0",",E","0",",E","19730213",",,E","","","19730216",",,E","19730208",",,E","-7.6",",E,13,","","","29.0",",,E,16,","15.1",",E,08,","2558.9","E","461.6",",E","111.6",",,,E","1.85",",E","5.16",",,,E","-1.47",",,,E"
"BKM00014654","1973-03","43.8678","18.4228","630.0","SARAJEVO, BK","0.0","E","0.0",",E","12",",E","6",",E","1",",E","","","0",",E","22",",E","1",",E","0",",E","0",",E","19730301",",,E","","","19730309",",,E","19730328","+,,E","-6.5",",E,01,","","","31.0",",,E,09,","15.6",",E,28,+","3030.4","E","471.5",",E","57.1",",,,E","3.12",",E","6.84",",,,E","-0.59",",,,E"
"BKM00014654","1973-04","43.8678","18.4228","630.0","SARAJEVO, BK","0.0","E","0.0",",E","16",",E","9",",E","2",",E","","","0",",E","7",",E","0",",E","1",",E","0",",E","19730407",",,E","","","19730406",",,E","19730430",",,E","-1.0",",E,07,","","","87.6",",,E,06,","21.4",",E,30,","3350.8","E","320.4",",E","175.5",",,,E","7.65",",E","12.51",",,,E","2.80",",,,E"
"BKM00014654","1973-05","43.8678","18.4228","630.0","SARAJEVO, BK","19.9","E","19.9",",E","7",",E","4",",E","0",",E","","","0",",E","0",",E","0",",E","18",",E","0",",E","19730514",",,E","","","19730510",",,E","19730506",",,E","2.5",",E,14,","","","15.5",",,E,10,","31.5",",E,06,","3466.9","E","116.1",",E","30.0",",,,E","15.23",",E","21.63",",,,E","8.83",",,,E"
"BKM00014654","1973-06","43.8678","18.4228","630.0","SARAJEVO, BK","47.0","E","27.1",",E","9",",E","6",",E","0",",E","","","0",",E","0",",E","0",",E","21",",E","0",",E","19730617",",,E","","","19730610",",,E","19730629",",,E","4.0",",E,17,","","","16.1",",,E,10,","31.0",",E,29,","3513.2","E","46.3",",E","47.4",",,,E","17.69",",E","23.54",",,,E","11.85",",,,E"
"BKM00014654","1973-07","43.8678","18.4228","630.0","SARAJEVO, BK","105.7","E","58.7",",E","15",",E","6",",E","0",",E","","","0",",E","0",",E","0",",E","23",",E","3",",E","19730731",",,E","","","19730728",",,E","19730718",",,E","9.8",",E,31,","","","14.3",",,E,28,","35.5",",E,18,","25.2","E","25.2",",E","59.4",",,,E","19.41",",E","25.43",",,,E","13.40",",,,E"
"BKM00014654","1973-08","43.8678","18.4228","630.0","SARAJEVO, BK","136.7","E","31.0",",E","10",",E","5",",E","0",",E","","","0",",E","0",",E","0",",E","28",",E","0",",E","19730811",",,E","","","19730827",",,E","19730822",",,E","7.5",",E,11,","","","12.4",",,E,27,","30.4",",E,22,","42.3","E","17.1",",E","46.0",",,,E","18.78",",E","25.46",",,,E","12.10",",,,E"
"BKM00014654","1973-09","43.8678","18.4228","630.0","SARAJEVO, BK","154.3","E","17.6",",E","10",",E","7",",E","0",",E","","","0",",E","0",",E","0",",E","20",",E","0",",E","19730913",",,E","","","19730928",",,E","19730925",",,E","4.0",",E,13,","","","23.0",",,E,28,","29.2",",E,25,","100.3","E","58.0",",E","78.4",",,,E","16.99",",E","23.38",",,,E","10.59",",,,E"
"BKM00014654","1973-10","43.8678","18.4228","630.0","SARAJEVO, BK","157.0","E","2.7",",E","9",",E","5",",E","0",",E","","","0",",E","7",",E","0",",E","5",",E","0",",E","19731029",",,E","","","19731023",",,E","19731017",",,E","-3.1",",E,29,","","","22.0",",,E,23,","24.5",",E,17,","363.4","E","263.1",",E","51.8",",,,E","9.93",",E","15.08",",,,E","4.79",",,,E"
"BKM00014654","1973-11","43.8678","18.4228","630.0","SARAJEVO, BK","157.0","E","0.0",",E","8",",E","5",",E","0",",E","","","0",",E","18",",E","1",",E","0",",E","0",",E","19731129",",,E","","","19731108",",,E","19731106",",,E","-13.5",",E,29,","","","22.8",",,E,08,","17.2",",E,06,","795.2","E","431.8",",E","54.2",",,,E","3.94",",E","9.00",",,,E","-1.12",",,,E"
"BKM00014654","1973-12","43.8678","18.4228","630.0","SARAJEVO, BK","157.0","E","0.0",",E","10",",E","5",",E","0",",E","","","0",",E","23",",E","11",",E","0",",E","0",",E","19731201",",,E","","","19731216",",,E","19731225",",,E","-16.5",",E,01,","","","19.0",",,E,16,","13.5",",E,25,","1352.3","E","557.1",",E","69.7",",,,E","0.36",",E","4.31",",,,E","-3.58",",,,E"
"BKM00014654","1974-01","43.8678","18.4228","630.0","SARAJEVO, BK","0.0","E","0.0",",E","16",",E","4",",E","0",",E","","","0",",E","24",",E","2",",E","0",",E","0",",E","19740115",",,E","","","19740120",",,E","19740122",",,E","-6.4",",E,15,","","","17.5",",,E,20,","8.7",",E,22,","1900.4","E","548.1",",E","57.2",",,,E","0.65",",E","2.97",",,,E","-1.66",",,,E"
"BKM00014654","1974-02","43.8678","18.4228","630.0","SARAJEVO, BK","0.0","E","0.0",",E","6",",E","4",",E","1",",E","","","0",",E","13",",E","0",",E","0",",E","0",",E","19740209",",,E","","","19740204",",,E","19740217",",,E","-5.6",",E,09,","","","40.7",",,E,04,","15.9",",E,17,","2268.8","E","368.4",",E","70.9",",,,E","5.18",",E","9.80",",,,E","0.55",",,,E"
"BKM00014654","1974-03","43.8678","18.4228","630.0","SARAJEVO, BK","0.0","E","0.0",",E","7",",E","3",",E","0",",E","","","0",",E","12",",E","0",",E","3",",E","0",",E","19740301",",,E","","","19740307",",,E","19740321",",,E","-4.1",",E,01,","","","4.9",",,E,07,","24.7",",E,21,","2588.5","E","319.7",",E","18.0",",,,E","8.02",",E","13.51",",,,E","2.53",",,,E"
"BKM00014654","1974-04","43.8678","18.4228","630.0","SARAJEVO, BK","0.0","E","0.0",",E","18",",E","10",",E","0",",E","","","0",",E","2",",E","0",",E","0",",E","0",",E","19740420",",,E","","","19740417",",,E","19740430",",,E","-1.0",",E,20,","","","12.7",",,E,17,","20.3",",E,30,","2897.3","E","308.8",",E","66.2",",,,E","8.04",",E","13.03",",,,E","3.04",",,,E"
"BKM00014654","1974-05","43.8678","18.4228","630.0","SARAJEVO, BK","0.4","E","0.4",",E","22",",E","12",",E","0",",E","","","0",",E","0",",E","0",",E","7",",E","0",",E","19740510",",,E","","","19740523",",,E","19740531",",,E","3.6",",E,10,","","","17.0",",,E,23,","26.0",",E,31,","3084.5","E","187.2",",E","91.1",",,,E","12.31",",E","17.80",",,,E","6.81",",,,E"
"BKM00014654","1974-06","43.8678","18.4228","630.0","SARAJEVO, BK","7.0","E","6.6",",E","18",",E","9",",E","1",",E","","","0",",E","0",",E","0",",E","18",",E","0",",E","19740614",",,E","","","19740630",",,E","19740627",",,E","4.9",",E,14,","","","31.1",",,E,30,","27.3",",E,27,","3156.7","E","72.2",",E","122.7",",,,E","16.15",",E","21.58",",,,E","10.71",",,,E"
"BKM00014654","1974-07","43.8678","18.4228","630.0","SARAJEVO, BK","58.6","E","51.6",",E","8",",E","5",",E","0",",E","","","0",",E","0",",E","0",",E","22",",E","2",",E","19740709",",,E","","","19740720",",,E","19740717",",,E","6.9",",E,09,","","","14.9",",,E,20,","33.1",",E,17,","51.6","E","51.6",",E","53.1",",,,E","18.33",",E","24.48",",,,E","12.18",",,,E"
"BKM00014654","1974-08","43.8678","18.4228","630.0","SARAJEVO, BK","125.5","E","66.9",",E","13",",E","9",",E","0",",E","","","0",",E","0",",E","0",",E","28",",E","5",",E","19740812",",,E","","","19740829",",,E","19740819","+,,E","6.9",",E,12,","","","15.2",",,E,29,","32.6",",E,19,+","69.9","E","18.3",",E","74.7",",,,E","19.90",",E","26.75",",,,E","13.05",",,,E"
"BKM00014654","1974-09","43.8678","18.4228","630.0","SARAJEVO, BK","137.9","E","12.4",",E","11",",E","7",",E","0",",E","","","0",",E","0",",E","0",",E","18",",E","0",",E","19740928",",,E","","","19740922",",,E","19740904",",,E","2.3",",E,28,","","","16.4",",,E,22,","29.6",",E,04,","130.3","E","60.4",",E","79.5",",,,E","16.74",",E","22.41",",,,E","11.06",",,,E"
"BKM00014654","1974-10","43.8678","18.4228","630.0","SARAJEVO, BK","137.9","E","0.0",",E","21",",E","18",",E","3",",E","","","0",",E","5",",E","0",",E","0",",E","0",",E","19741031",",,E","","","19741024",",,E","19741004",",,E","-2.8",",E,31,","","","36.4",",,E,24,","18.7",",E,04,","465.2","E","334.9",",E","259.0",",,,E","7.53",",E","11.96",",,,E","3.10",",,,E"
"BKM00014654","1974-11","43.8678","18.4228","630.0","SARAJEVO, BK","137.9","E","0.0",",E","9",",E","8",",E","0",",E","","","0",",E","9",",E","1",",E","0",",E","0",",E","19741130",",,E","","","19741129",",,E","19741118",",,E","-4.0",",E,30,","","","22.1",",,E,29,","17.4",",E,18,","861.1","E","395.9",",E","73.2",",,,E","5.14",",E","9.32",",,,E","0.96",",,,E"
"BKM00014654","1974-12","43.8678","18.4228","630.0","SARAJEVO, BK","137.9","E","0.0",",E","13",",E","7",",E","0",",E","","","0",",E","24",",E","7",",E","0",",E","0",",E","19741225",",,E","","","19741213",",,E","19741212",",,E","-9.6",",E,25,","","","16.7",",,E,13,","9.1",",E,12,","1429.5","E","568.4",",E","59.2",",,,E","0.00",",E","2.45",",,,E","-2.46",",,,E"
"BKM00014654","1975-01","43.8678","18.4228","630.0","SARAJEVO, BK","0.0","E","0.0",",E","8",",E","3",",E","0",",E","","","0",",E","28",",E","3",",E","0",",E","0",",E","19750110",",,E","","","19750127",",,E","19750125",",,E","-13.2",",E,10,","","","8.9",",,E,27,","10.6",",E,25,","1981.6","E","552.1",",E","25.1",",,,E","0.52",",E","4.85",",,,E","-3.80",",,,E"
"BKM00014654","1975-02","43.8678","18.4228","630.0","SARAJEVO, BK","0.0","E","0.0",",E","5",",E","2",",E","0",",E","","","0",",E","25",",E","0",",E","0",",E","0",",E","19750228",",,E","","","19750215",",,E","19750213",",,E","-9.8",",E,28,","","","7.2",",,E,15,","12.8",",E,13,","2482.9","E","501.3",",E","12.9",",,,E","0.43",",E","4.83",",,,E","-3.97",",,,E"
"BKM00014654","1975-03","43.8678","18.4228","630.0","SARAJEVO, BK","0.0","E","0.0",",E","13",",E","6",",E","0",",E","","","0",",E","9",",E","0",",E","0",",E","0",",E","19750301",",,E","","","19750322",",,E","19750330",",,E","-5.3",",E,01,","","","20.3",",,E,22,","20.4",",E,30,","2807.2","E","324.3",",E","73.1",",,,E","7.87",",E","12.84",",,,E","2.91",",,,E"
"BKM00014654","1975-04","43.8678","18.4228","630.0","SARAJEVO, BK","1.2","E","1.2",",E","12",",E","9",",E","1",",E","","","0",",E","2",",E","0",",E","2",",E","0",",E","19750413",",,E","","","19750402",",,E","19750407",",,E","-0.2",",E,13,","","","44.3",",,E,02,","23.9",",E,07,","3068.6","E","261.4",",E","90.6",",,,E","9.66",",E","14.91",",,,E","4.41",",,,E"
"BKM00014654","1975-05","43.8678","18.4228","630.0","SARAJEVO, BK","1.3","E","0.1",",E","13",",E","9",",E","0",",E","","","0",",E","0",",E","0",",E","16",",E","0",",E","19750501",",,E","","","19750527",",,E","19750522",",,E","4.0",",E,01,","","","21.9",",,E,27,","26.2",",E,22,","3162.5","E","93.9",",E","105.7",",,,E","15.31",",E","21.06",",,,E","9.55",",,,E"
"BKM00014654","1975-06","43.8678","18.4228","630.0","SARAJEVO, BK","18.4","E","17.1",",E","20",",E","14",",E","1",",E","","","0",",E","0",",E","0",",E","21",",E","0",",E","19750606",",,E","","","19750604",",,E","19750630",",,E","5.3",",E,06,","","","42.6",",,E,04,","28.5",",E,30,","3238.4","E","75.9",",E","136.9",",,,E","16.37",",E","21.15",",,,E","11.60",",,,E"
"BKM00014654","1975-07","43.8678","18.4228","630.0","SARAJEVO, BK","69.7","E","51.3",",E","11",",E","6",",E","0",",E","","","0",",E","0",",E","0",",E","26",",E","2",",E","19750727",",,E","","","19750702",",,E","19750719",",,E","7.4",",E,27,","","","15.2",",,E,02,","32.8",",E,19,","26.4","E","26.4",",E","48.5",",,,E","19.14",",E","25.27",",,,E","13.00",",,,E"
"BKM00014654","1975-08","43.8678","18.4228","630.0","SARAJEVO, BK","80.1","E","10.4",",E","21",",E","13",",E","0",",E","","","0",",E","0",",E","0",",E","20",",E","0",",E","19750822",",,E","","","19750814",",,E","19750818",",,E","8.6",",E,22,","","","15.7",",,E,14,","28.5",",E,18,","61.7","E","35.3",",E","95.5",",,,E","17.53",",E","22.70",",,,E","12.36",",,,E"
"BKM00014654","1975-09","43.8678","18.4228","630.0","SARAJEVO, BK","90.8","E","10.7",",E","3",",E","2",",E","1",",E","","","0",",E","0",",E","0",",E","27",",E","0",",E","19750910",",,E","","","19750913",",,E","19750916",",,E","6.9",",E,10,","","","26.7",",,E,13,","29.8",",E,16,","87.9","E","26.2",",E","33.8",",,,E","17.82",",E","24.54",",,,E","11.09",",,,E"
"BKM00014654","1975-10","43.8678","18.4228","630.0","SARAJEVO, BK","92.3","E","1.5",",E","15",",E","10",",E","0",",E","","","0",",E","1",",E","0",",E","5",",E","0",",E","19751027",",,E","","","19751021",",,E","19751001",",,E","-1.4",",E,27,","","","23.8",",,E,21,","27.9",",E,01,","337.9","E","250.0",",E","112.9",",,,E","10.32",",E","15.26",",,,E","5.38",",,,E"
"BKM00014654","1975-11","43.8678","18.4228","630.0","SARAJEVO, BK","92.3","E","0.0",",E","17",",E","8",",E","0",",E","","","0",",E","9",",E","4",",E","0",",E","0",",E","19751126",",,E","","","19751111",",,E","19751102","+,,E","-14.6",",E,26,","","","17.7",",,E,11,","17.7",",E,02,+","760.4","E","422.5",",E","79.1",",,,E","4.25",",E","8.21",",,,E","0.29",",,,E"
"BKM00014654","1975-12","43.8678","18.4228","630.0","SARAJEVO, BK","92.3","E","0.0",",E","6",",E","4",",E","0",",E","","","0",",E","25",",E","5",",E","0",",E","0",",E","19751208",",,E","","","19751218",",,E","19751217",",,E","-7.2",",E,08,","","","12.3",",,E,18,","15.6",",E,17,","1298.9","E","538.5",",E","30.5",",,,E","0.96",",E","3.93",",,,E","-2.01",",,,E"
"BKM00014654","1976-01","43.8678","18.4228","630.0","SARAJEVO, BK","0.0","E","0.0",",E","15",",E","9",",E","0",",E","","","0",",E","29",",E","10",",E","0",",E","0",",E","19760130",",,E","","","19760127",",,E","19760112",",,E","-15.4",",E,30,","","","25.1",",,E,27,","13.0",",E,12,","1887.7","E","588.8",",E","102.9",",,,E","-0.66",",E","3.44",",,,E","-4.76",",,,E"
"BKM00014654","1976-02","43.8678","18.4228","630.0","SARAJEVO, BK","0.0","E","0.0",",E","5",",E","1",",E","0",",E","","","0",",E","25",",E","5",",E","0",",E","0",",E","19760209",",,E","","","19760213",",,E","19760229",",,E","-15.0",",E,09,","","","21.1",",,E,13,","13.6",",E,29,","2411.1","E","523.4",",E","25.8",",,,E","0.29",",E","4.01",",,,E","-3.43",",,,E"
"BKM00014654","1976-03","43.8678","18.4228","630.0","SARAJEVO, BK","0.0","E","0.0",",E","10",",E","5",",E","0",",E","","","0",",E","22",",E","3",",E","0",",E","0",",E","19760308",",,E","","","19760325",",,E","19760327",",,E","-12.1",",E,08,","","","13.4",",,E,25,","17.4",",E,27,","2883.0","E","471.9",",E","38.0",",,,E","3.11",",E","8.43",",,,E","-2.21",",,,E"
"BKM00014654","1976-04","43.8678","18.4228","630.0","SARAJEVO, BK","0.0","E","0.0",",E","17",",E","9",",E","0",",E","","","0",",E","1",",E","0",",E","5",",E","0",",E","19760430",",,E","","","19760430",",,E","19760404",",,E","-0.6",",E,30,","","","17.2",",,E,30,","22.8",",E,04,","3161.1","E","278.1",",E","87.3",",,,E","9.06",",E","14.31",",,,E","3.81",",,,E"
"BKM00014654","1976-05","43.8678","18.4228","630.0","SARAJEVO, BK","0.0","E","0.0",",E","12",",E","6",",E","0",",E","","","0",",E","0",",E","0",",E","16",",E","0",",E","19760502",",,E","","","19760528",",,E","19760506",",,E","1.6",",E,02,","","","15.8",",,E,28,","26.4",",E,06,","3310.5","E","149.4",",E","70.0",",,,E","13.51",",E","19.49",",,,E","7.54",",,,E"
"BKM00014654","1976-06","43.8678","18.4228","630.0","SARAJEVO, BK","7.8","E","7.8",",E","15",",E","12",",E","0",",E","","","0",",E","0",",E","0",",E","18",",E","0",",E","19760618",",,E","","","19760602",",,E","19760621",",,E","4.5",",E,18,","","","16.8",",,E,02,","28.6",",E,21,","3394.9","E","84.4",",E","80.7",",,,E","15.78",",E","21.14",",,,E","10.41",",,,E"
"BKM00014654","1976-07","43.8678","18.4228","630.0","SARAJEVO, BK","34.7","E","26.9",",E","13",",E","9",",E","1",",E","","","0",",E","0",",E","0",",E","27",",E","0",",E","19760731",",,E","","","19760724",",,E","19760719",",,E","6.5",",E,31,","","","57.9",",,E,24,","29.9",",E,19,","20.5","E","20.5",",E","116.8",",,,E","18.54",",E","24.73",",,,E","12.35",",,,E"
"BKM00014654","1976-08","43.8678","18.4228","630.0","SARAJEVO, BK","35.5","E","0.8",",E","13",",E","10",",E","0",",E","","","0",",E","0",",E","0",",E","19",",E","0",",E","19760807",",,E","","","19760802",",,E","19760831",",,E","5.4",",E,07,","","","17.6",",,E,02,","26.8",",E,31,","103.3","E","82.8",",E","103.2",",,,E","15.69",",E","20.90",",,,E","10.48",",,,E"
"BKM00014654","1976-09","43.8678","18.4228","630.0","SARAJEVO, BK","39.0","E","3.5",",E","12",",E","7",",E","2",",E","","","0",",E","0",",E","0",",E","14",",E","0",",E","19760908",",,E","","","19760902",",,E","19760929","+,,E","3.0",",E,08,","","","31.2",",,E,02,","28.0",",E,29,+","234.4","E","131.1",",E","95.2",",,,E","14.08",",E","19.56",",,,E","8.60",",,,E"
"BKM00014654","1976-10","43.8678","18.4228","630.0","SARAJEVO, BK","40.3","E","1.3",",E","8",",E","4",",E","1",",E","","","0",",E","2",",E","0",",E","10",",E","0",",E","19761024",",,E","","","19761017",",,E","19761003",",,E","-1.4",",E,24,","","","46.0",",,E,17,","27.4",",E,03,","402.4","E","168.0",",E","77.9",",,,E","12.95",",E","17.97",",,,E","7.94",",,,E"
"BKM00014654","1976-11","43.8678","18.4228","630.0","SARAJEVO, BK","40.3","E","0.0",",E","17",",E","11",",E","0",",E","","","0",",E","10",",E","5",",E","0",",E","0",",E","19761126",",,E","","","19761120",",,E","19761105",",,E","-8.2",",E,26,","","","19.9",",,E,20,","20.0",",E,05,","777.6","E","375.2",",E","81.8",",,,E","5.83",",E","8.87",",,,E","2.78",",,,E"
"BKM00014654","1976-12","43.8678","18.4228","630.0","SARAJEVO, BK","40.3","E","0.0",",E","20",",E","10",",E","0",",E","","","0",",E","19",",E","8",",E","0",",E","0",",E","19761228",",,E","","","19761203",",,E","19761219",",,E","-13.2",",E,28,","","","21.6",",,E,03,","12.7",",E,19,","1303.2","E","525.6",",E","126.5",",,,E","1.38",",E","4.93",",,,E","-2.17",",,,E"
"BKM00014654","1977-01","43.8678","18.4228","630.0","SARAJEVO, BK","0.0","E","0.0",",E","14",",E","7",",E","1",",E","","","0",",E","13",",E","3",",E","0",",E","0",",E","19770119",",,E","","","19770113",",,E","19770129",",,E","-9.2",",E,19,","","","37.9",",,E,13,","14.8",",E,29,","1776.0","E","472.8",",E","88.6",",,,E","3.08",",E","6.50",",,,E","-0.33",",,,E"
"BKM00014654","1977-02","43.8678","18.4228","630.0","SARAJEVO, BK","0.0","E","0.0",",E","16",",E","10",",E","0",",E","","","0",",E","9",",E","2",",E","0",",E","0",",E","19770228",",,E","","","19770212",",,E","19770224",",,E","-6.6",",E,28,","","","20.2",",,E,12,","19.4",",E,24,","2120.0","E","344.0",",E","91.3",",,,E","6.05",",E","10.06",",,,E","2.03",",,,E"
"BKM00014654","1977-03","43.8678","18.4228","630.0","SARAJEVO, BK","0.0","E","0.0",",E","11",",E","5",",E","0",",E","","","0",",E","4",",E","0",",E","5",",E","0",",E","19770301",",,E","","","19770331",",,E","19770324",",,E","-5.4",",E,01,","","","21.4",",,E,31,","25.8",",E,24,","2403.8","E","283.8",",E","64.6",",,,E","9.18",",E","15.27",",,,E","3.08",",,,E"
"BKM00014654","1977-04","43.8678","18.4228","630.0","SARAJEVO, BK","0.8","E","0.8",",E","13",",E","5",",E","0",",E","","","0",",E","6",",E","0",",E","7",",E","0",",E","19770418",",,E","","","19770416",",,E","19770429",",,E","-2.9",",E,18,","","","17.6",",,E,16,","27.6",",E,29,","2671.6","E","267.8",",E","66.9",",,,E","9.43",",E","15.22",",,,E","3.65",",,,E"
"BKM00014654","1977-05","43.8678","18.4228","630.0","SARAJEVO, BK","16.5","E","15.7",",E","9",",E","7",",E","0",",E","","","0",",E","0",",E","0",",E","16",",E","0",",E","19770529",",,E","","","19770510",",,E","19770519",",,E","1.6",",E,29,","","","13.2",",,E,10,","29.0",",E,19,","2787.9","E","116.3",",E","55.7",",,,E","15.09",",E","20.95",",,,E","9.22",",,,E"
"BKM00014654","1977-06","43.8678","18.4228","630.0","SARAJEVO, BK","43.9","E","27.4",",E","11",",E","4",",E","1",",E","","","0",",E","0",",E","0",",E","20",",E","0",",E","19770605",",,E","","","19770623",",,E","19770614",",,E","4.5",",E,05,","","","29.4",",,E,23,","30.6",",E,14,","2843.9","E","56.0",",E","59.2",",,,E","17.38",",E","23.38",",,,E","11.38",",,,E"
"BKM00014654","1977-07","43.8678","18.4228","630.0","SARAJEVO, BK","99.4","E","55.5",",E","9",",E","8",",E","1",",E","","","0",",E","0",",E","0",",E","27",",E","0",",E","19770707",",,E","","","19770723",",,E","19770721",",,E","9.8",",E,07,","","","33.3",",,E,23,","30.2",",E,21,","16.9","E","16.9",",E","110.6",",,,E","19.58",",E","25.67",",,,E","13.48",",,,E"
"BKM00014654","1977-08","43.8678","18.4228","630.0","SARAJEVO, BK","137.2","E","37.8",",E","12",",E","7",",E","0",",E","","","0",",E","0",",E","0",",E","28",",E","0",",E","19770826",",,E","","","19770824",",,E","19770828",",,E","6.2",",E,26,","","","22.6",",,E,24,","31.0",",E,28,","36.9","E","20.0",",E","89.6",",,,E","18.91",",E","25.29",",,,E","12.53",",,,E"
"BKM00014654","1977-09","43.8678","18.4228","630.0","SARAJEVO, BK","143.4","E","6.2",",E","13",",E","9",",E","2",",E","","","0",",E","2",",E","0",",E","12",",E","0",",E","19770930",",,E","","","19770903",",,E","19770913",",,E","-0.6",",E,30,","","","34.0",",,E,03,","27.6",",E,13,","184.7","E","147.8",",E","138.0",",,,E","13.61",",E","18.96",",,,E","8.26",",,,E"
"BKM00014654","1977-10","43.8678","18.4228","630.0","SARAJEVO, BK","143.4","E","0.0",",E","5",",E","4",",E","2",",E","","","0",",E","1",",E","0",",E","8",",E","0",",E","19771004",",,E","","","19771003",",,E","19771009",",,E","-0.2",",E,04,","","","31.0",",,E,03,","25.4",",E,09,","384.2","E","199.5",",E","79.7",",,,E","11.90",",E","18.12",",,,E","5.67",",,,E"
"BKM00014654","1977-11","43.8678","18.4228","630.0","SARAJEVO, BK","143.4","E","0.0",",E","14",",E","11",",E","2",",E","","","0",",E","11",",E","0",",E","1",",E","0",",E","19771121",",,E","","","19771117",",,E","19771112",",,E","-5.5",",E,21,","","","33.7",",,E,17,","22.7",",E,12,","747.4","E","363.2",",E","162.7",",,,E","6.23",",E","10.40",",,,E","2.05",",,,E"
"BKM00014654","1977-12","43.8678","18.4228","630.0","SARAJEVO, BK","143.4","E","0.0",",E","14",",E","8",",E","0",",E","","","0",",E","25",",E","14",",E","0",",E","0",",E","19771205",",,E","","","19771230",",,E","19771229",",,E","-14.2",",E,05,","","","19.5",",,E,30,","12.0",",E,29,","1374.7","E","627.3",",E","92.5",",,,E","-1.90",",E","1.34",",,,E","-5.14",",,,E"
"BKM00014654","1978-01","43.8678","18.4228","630.0","SARAJEVO, BK","0.0","E","0.0",",E","12",",E","6",",E","0",",E","","","0",",E","21",",E","6",",E","0",",E","0",",E","19780109",",,E","","","19780130",",,E","19780129",",,E","-13.7",",E,09,","","","23.1",",,E,30,","12.0",",E,29,","1927.2","E","552.5",",E","59.5",",,,E","0.51",",E","4.02",",,,E","-3.00",",,,E"
"BKM00014654","1978-02","43.8678","18.4228","630.0","SARAJEVO, BK","0.0","E","0.0",",E","16",",E","10",",E","1",",E","","","0",",E","20",",E","6",",E","0",",E","0",",E","19780221",",,E","","","19780214",",,E","19780225",",,E","-12.6",",E,21,","","","30.4",",,E,14,","17.3",",E,25,","2388.3","E","461.1",",E","118.1",",,,E","1.87",",E","5.53",",,,E","-1.80",",,,E"
"BKM00014654","1978-03","43.8678","18.4228","630.0","SARAJEVO, BK","0.0","E","0.0",",E","17",",E","10",",E","1",",E","","","0",",E","8",",E","0",",E","1",",E","0",",E","19780323",",,E","","","19780318",",,E","19780304",",,E","-5.2",",E,23,","","","30.6",",,E,18,","21.2",",E,04,","2762.5","E","374.2",",E","106.4",",,,E","6.26",",E","11.28",",,,E","1.25",",,,E"
"BKM00014654","1978-04","43.8678","18.4228","630.0","SARAJEVO, BK","0.0","E","0.0",",E","21",",E","9",",E","0",",E","","","0",",E","0",",E","0",",E","1",",E","0",",E","19780417",",,E","","","19780416",",,E","19780412",",,E","1.2",",E,17,","","","11.0",",,E,16,","21.1",",E,12,","3049.7","E","287.2",",E","72.7",",,,E","8.76",",E","12.57",",,,E","4.95",",,,E"
"BKM00014654","1978-05","43.8678","18.4228","630.0","SARAJEVO, BK","0.5","E","0.5",",E","23",",E","12",",E","3",",E","","","0",",E","1",",E","0",",E","6",",E","0",",E","19780513",",,E","","","19780514",",,E","19780501",",,E","-0.9",",E,13,","","","38.8",",,E,14,","25.0",",E,01,","3228.0","E","178.3",",E","203.3",",,,E","12.60",",E","17.40",",,,E","7.79",",,,E"
"BKM00014654","1978-06","43.8678","18.4228","630.0","SARAJEVO, BK","22.7","E","22.2",",E","10",",E","7",",E","3",",E","","","0",",E","0",",E","0",",E","23",",E","0",",E","19780630",",,E","","","19780616",",,E","19780612",",,E","7.2",",E,30,","","","47.1",",,E,16,","31.4",",E,12,","3287.2","E","59.2",",E","148.5",",,,E","17.10",",E","22.84",",,,E","11.36",",,,E"
"BKM00014654","1978-07","43.8678","18.4228","630.0","SARAJEVO, BK","51.5","E","28.8",",E","7",",E","4",",E","1",",E","","","0",",E","0",",E","0",",E","27",",E","0",",E","19780724",",,E","","","19780716",",,E","19780712",",,E","5.9",",E,24,","","","52.3",",,E,16,","30.5",",E,12,","33.1","E","33.1",",E","80.0",",,,E","18.20",",E","24.80",",,,E","11.59",",,,E"
"BKM00014654","1978-08","43.8678","18.4228","630.0","SARAJEVO, BK","83.6","E","32.1",",E","9",",E","5",",E","0",",E","","","0",",E","0",",E","0",",E","24",",E","0",",E","19780831",",,E","","","19780831",",,E","19780807",",,E","1.2",",E,31,","","","13.3",",,E,31,","31.9",",E,07,","76.4","E","43.3",",E","38.2",",,,E","17.97",",E","24.76",",,,E","11.18",",,,E"
"BKM00014654","1978-09","43.8678","18.4228","630.0","SARAJEVO, BK","84.4","E","0.8",",E","13",",E","10",",E","2",",E","","","0",",E","0",",E","0",",E","9",",E","0",",E","19780901",",,E","","","19780901",",,E","19780911",",,E","1.2",",E,01,","","","45.6",",,E,01,","27.3",",E,11,","222.6","E","146.2",",E","158.6",",,,E","13.49",",E","19.25",",,,E","7.72",",,,E"
"BKM00014654","1978-10","43.8678","18.4228","630.0","SARAJEVO, BK","86.0","E","1.6",",E","11",",E","5",",E","0",",E","","","0",",E","4",",E","0",",E","3",",E","0",",E","19781029",",,E","","","19781006",",,E","19781003",",,E","-4.0",",E,29,","","","7.4",",,E,06,","26.8",",E,03,","484.2","E","261.6",",E","31.1",",,,E","9.94",",E","14.61",",,,E","5.28",",,,E"
"BKM00014654","1978-11","43.8678","18.4228","630.0","SARAJEVO, BK","86.0","E","0.0",",E","4",",E","4",",E","0",",E","","","0",",E","21",",E","4",",E","0",",E","0",",E","19781115",",,E","","","19781128",",,E","19781101",",,E","-5.8",",E,15,","","","22.7",",,E,28,","13.0",",E,01,","989.2","E","505.0",",E","44.1",",,,E","1.50",",E","4.49",",,,E","-1.49",",,,E"
"BKM00014654","1978-12","43.8678","18.4228","630.0","SARAJEVO, BK","86.0","E","0.0",",E","13",",E","9",",E","1",",E","","","0",",E","18",",E","6",",E","0",",E","0",",E","19781208",",,E","","","19781220",",,E","19781229","+,,E","-13.0",",E,08,","","","26.6",",,E,20,","14.0",",E,29,+","1492.6","E","503.4",",E","109.1",",,,E","2.10",",E","5.49",",,,E","-1.30",",,,E"
"BKM00014654","1979-01","43.8678","18.4228","630.0","SARAJEVO, BK","0.0","E","0.0",",E","15",",E","10",",E","1",",E","","","0",",E","19",",E","13",",E","0",",E","0",",E","19790104",",,E","","","19790112",",,E","19790129",",,E","-17.3",",E,04,","","","25.7",",,E,12,","15.4",",E,29,","2078.2","E","585.6",",E","101.9",",,,E","-0.56",",E","3.21",",,,E","-4.32",",,,E"
"BKM00014654","1979-02","43.8678","18.4228","630.0","SARAJEVO, BK","0.0","E","0.0",",E","13",",E","8",",E","0",",E","","","0",",E","13",",E","1",",E","0",",E","0",",E","19790224",",,E","","","19790228",",,E","19790212",",,E","-7.6",",E,24,","","","5.7",",,E,28,","17.9",",E,12,","2470.4","E","392.2",",E","41.8",",,,E","4.33",",E","8.39",",,,E","0.26",",,,E"
"BKM00014654","1979-03","43.8678","18.4228","630.0","SARAJEVO, BK","0.0","E","0.0",",E","7",",E","4",",E","1",",E","","","0",",E","8",",E","0",",E","0",",E","0",",E","19790301",",,E","","","19790328",",,E","19790320",",,E","-5.0",",E,01,","","","26.8",",,E,28,","18.0",",E,20,","2785.1","E","314.7",",E","54.4",",,,E","8.18",",E","13.42",",,,E","2.95",",,,E"
"BKM00014654","1979-04","43.8678","18.4228","630.0","SARAJEVO, BK","0.0","E","0.0",",E","14",",E","8",",E","1",",E","","","0",",E","2",",E","0",",E","1",",E","0",",E","19790421",",,E","","","19790426",",,E","19790416",",,E","-1.5",",E,21,","","","36.9",",,E,26,","21.2",",E,16,","3081.8","E","296.7",",E","89.7",",,,E","8.44",",E","13.83",",,,E","3.06",",,,E"
"BKM00014654","1979-05","43.8678","18.4228","630.0","SARAJEVO, BK","9.6","E","9.6",",E","11",",E","5",",E","0",",E","","","0",",E","0",",E","0",",E","17",",E","0",",E","19790508",",,E","","","19790508",",,E","19790520",",,E","3.4",",E,08,","","","21.3",",,E,08,","28.6",",E,20,","3215.2","E","133.4",",E","56.4",",,,E","14.34",",E","20.28",",,,E","8.39",",,,E"
"BKM00014654","1979-06","43.8678","18.4228","630.0","SARAJEVO, BK","51.3","E","41.7",",E","13",",E","8",",E","0",",E","","","0",",E","0",",E","0",",E","21",",E","0",",E","19790618",",,E","","","19790602",",,E","19790628","+,,E","9.1",",E,18,","","","16.9",",,E,02,","29.8",",E,28,+","3239.7","E","24.5",",E","72.2",",,,E","18.91",",E","24.93",",,,E","12.88",",,,E"
"BKM00014654","1979-07","43.8678","18.4228","630.0","SARAJEVO, BK","81.0","E","29.7",",E","11",",E","6",",E","1",",E","","","0",",E","0",",E","0",",E","22",",E","1",",E","19790710",",,E","","","19790703",",,E","19790731",",,E","7.2",",E,10,","","","37.8",",,E,03,","32.2",",E,31,","41.4","E","41.4",",E","91.6",",,,E","17.95",",E","23.75",",,,E","12.16",",,,E"
"BKM00014654","1979-08","43.8678","18.4228","630.0","SARAJEVO, BK","118.1","E","37.1",",E","13",",E","8",",E","0",",E","","","0",",E","0",",E","0",",E","23",",E","4",",E","19790830",",,E","","","19790819",",,E","19790804","+,,E","6.5",",E,30,","","","20.5",",,E,19,","33.4",",E,04,+","82.1","E","40.7",",E","99.2",",,,E","18.21",",E","23.85",",,,E","12.57",",,,E"
"BKM00014654","1979-09","43.8678","18.4228","630.0","SARAJEVO, BK","119.9","E","1.8",",E","7",",E","5",",E","0",",E","","","0",",E","0",",E","0",",E","18",",E","0",",E","19790917",",,E","","","19790923",",,E","19790914",",,E","0.9",",E,17,","","","16.4",",,E,23,","27.5",",E,14,","167.6","E","85.5",",E","41.1",",,,E","15.54",",E","21.51",",,,E","9.57",",,,E"
"BKM00014654","1979-10","43.8678","18.4228","630.0","SARAJEVO, BK","122.2","E","2.3",",E","14",",E","9",",E","1",",E","","","0",",E","2",",E","0",",E","5",",E","0",",E","19791026",",,E","","","19791030",",,E","19791014",",,E","-2.8",",E,26,","","","29.0",",,E,30,","26.0",",E,14,","405.8","E","238.2",",E","119.9",",,,E","10.72",",E","15.74",",,,E","5.71",",,,E"
"BKM00014654","1979-11","43.8678","18.4228","630.0","SARAJEVO, BK","122.2","E","0.0",",E","20",",E","10",",E","0",",E","","","0",",E","5",",E","0",",E","0",",E","0",",E","19791127",",,E","","","19791112",",,E","19791110",",,E","-2.6",",E,27,","","","18.5",",,E,12,","17.5",",E,10,","782.4","E","376.6",",E","109.7",",,,E","5.78",",E","8.60",",,,E","2.96",",,,E"
"BKM00014654","1979-12","43.8678","18.4228","630.0","SARAJEVO, BK","122.2","E","0.0",",E","13",",E","9",",E","0",",E","","","0",",E","13",",E","0",",E","0",",E","0",",E","19791213",",,E","","","19791217",",,E","19791222",",,E","-6.5",",E,13,","","","16.4",",,E,17,","17.1",",E,22,","1201.6","E","419.2",",E","69.2",",,,E","4.81",",E","8.46",",,,E","1.16",",,,E"
"BKM00014654","1980-01","43.8678","18.4228","630.0","SARAJEVO, BK","0.0","E","0.0",",E","16",",E","11",",E","1",",E","","","0",",E","26",",E","15",",E","0",",E","0",",E","19800105",",,E","","","19800101",",,E","19800131",",,E","-15.9",",E,05,","","","45.4",",,E,01,","9.8",",E,31,","1820.5","E","618.9",",E","120.1",",,,E","-1.63",",E","1.56",",,,E","-4.83",",,,E"
"BKM00014654","1980-02","43.8678","18.4228","630.0","SARAJEVO, BK","0.0","E","0.0",",E","9",",E","6",",E","0",",E","","","0",",E","19",",E","2",",E","0",",E","0",",E","19800225",",,E","","","19800208",",,E","19800206",",,E","-7.5",",E,25,","","","25.1",",,E,08,","14.0",",E,06,","2277.6","E","457.1",",E","66.0",",,,E","2.57",",E","7.08",",,,E","-1.94",",,,E"
"BKM00014654","1980-03","43.8678","18.4228","630.0","SARAJEVO, BK","0.0","E","0.0",",E","10",",E","8",",E","1",",E","","","0",",E","11",",E","0",",E","1",",E","0",",E","19800305",",,E","","","19800309",",,E","19800329",",,E","-9.0",",E,05,","","","27.0",",,E,09,","21.5",",E,29,","2673.6","E","396.0",",E","80.6",",,,E","5.56",",E","10.53",",,,E","0.59",",,,E"
"BKM00014654","1980-04","43.8678","18.4228","630.0","SARAJEVO, BK","0.0","E","0.0",",E","15",",E","7",",E","1",",E","","","0",",E","5",",E","0",",E","0",",E","0",",E","19800404",",,E","","","19800422",",,E","19800402",",,E","-0.6",",E,04,","","","26.0",",,E,22,","20.9",",E,02,","3020.2","E","346.6",",E","84.5",",,,E","6.78",",E","11.97",",,,E","1.59",",,,E"
"BKM00014654","1980-05","43.8678","18.4228","630.0","SARAJEVO, BK","0.0","E","0.0",",E","21",",E","13",",E","0",",E","","","0",",E","0",",E","0",",E","3",",E","0",",E","19800516",",,E","","","19800516",",,E","19800527",",,E","1.6",",E,16,","","","14.3",",,E,16,","24.4",",E,27,","3219.7","E","199.5",",E","105.6",",,,E","11.90",",E","16.81",",,,E","6.98",",,,E"
"BKM00014654","1980-06","43.8678","18.4228","630.0","SARAJEVO, BK","24.0","E","24.0",",E","11",",E","7",",E","1",",E","","","0",",E","0",",E","0",",E","19",",E","0",",E","19800601",",,E","","","19800628",",,E","19800615",",,E","7.5",",E,01,","","","27.2",",,E,28,","30.6",",E,15,","3275.6","E","55.9",",E","66.1",",,,E","17.27",",E","22.79",",,,E","11.75",",,,E"
"BKM00014654","1980-07","43.8678","18.4228","630.0","SARAJEVO, BK","66.0","E","42.0",",E","10",",E","6",",E","0",",E","","","0",",E","0",",E","0",",E","26",",E","0",",E","19800705",",,E","","","19800703",",,E","19800716",",,E","7.4",",E,05,","","","14.3",",,E,03,","31.5",",E,16,","25.9","E","25.9",",E","51.2",",,,E","18.85",",E","25.11",",,,E","12.60",",,,E"
"BKM00014654","1980-08","43.8678","18.4228","630.0","SARAJEVO, BK","137.4","E","71.4",",E","6",",E","4",",E","0",",E","","","0",",E","0",",E","0",",E","28",",E","4",",E","19800826",",,E","","","19800812",",,E","19800805",",,E","6.5",",E,26,","","","7.5",",,E,12,","34.4",",E,05,","52.1","E","26.2",",E","23.6",",,,E","19.79",",E","26.40",",,,E","13.18",",,,E"
"BKM00014654","1980-09","43.8678","18.4228","630.0","SARAJEVO, BK","142.8","E","5.4",",E","5",",E","3",",E","0",",E","","","0",",E","0",",E","0",",E","21",",E","0",",E","19800930",",,E","","","19800911",",,E","19800922",",,E","3.1",",E,30,","","","17.1",",,E,11,","29.5",",E,22,","117.8","E","65.7",",E","42.7",",,,E","16.32",",E","23.13",",,,E","9.51",",,,E"
"BKM00014654","1980-10","43.8678","18.4228","630.0","SARAJEVO, BK","145.0","E","2.2",",E","10",",E","10",",E","0",",E","","","0",",E","0",",E","0",",E","6",",E","0",",E","19801029",",,E","","","19801014",",,E","19801007",",,E","3.0",",E,29,","","","19.8",",,E,14,","24.8",",E,07,","318.8","E","201.0",",E","91.9",",,,E","11.92",",E","16.95",",,,E","6.89",",,,E"
"BKM00014654","1980-11","43.8678","18.4228","630.0","SARAJEVO, BK","145.0","E","0.0",",E","14",",E","10",",E","0",",E","","","0",",E","11",",E","2",",E","0",",E","0",",E","19801112",",,E","","","19801129",",,E","19801106","+,,E","-5.2",",E,12,","","","24.8",",,E,29,","17.2",",E,06,+","674.8","E","356.0",",E","164.0",",,,E","6.47",",E","11.02",",,,E","1.91",",,,E"
"BKM00014654","1980-12","43.8678","18.4228","630.0","SARAJEVO, BK","145.0","E","0.0",",E","17",",E","11",",E","0",",E","","","0",",E","26",",E","13",",E","0",",E","0",",E","19801210",",,E","","","19801223",",,E","19801221",",,E","-16.0",",E,10,","","","17.3",",,E,23,","10.2",",E,21,","1304.2","E","629.4",",E","106.6",",,,E","-1.97",",E","1.37",",,,E","-5.31",",,,E"
"BKM00014654","1981-01","43.8678","18.4228","630.0","SARAJEVO, BK","0.0","E","0.0",",E","15",",E","5",",E","0",",E","","","0",",E","30",",E","20",",E","0",",E","0",",E","19810110",",,E","","","19810114",",,E","19810103",",,E","-14.3",",E,10,","","","20.2",",,E,14,","7.5",",E,03,","1993.4","E","689.2",",E","68.1",",,,E","-3.90",",E","-0.53",",,,E","-7.27",",,,E"
"BKM00014654","1981-02","43.8678","18.4228","630.0","SARAJEVO, BK","0.0","E","0.0",",E","11",",E","7",",E","0",",E","","","0",",E","24",",E","4",",E","0",",E","0",",E","19810215",",,E","","","19810212",",,E","19810210",",,E","-10.6",",E,15,","","","12.4",",,E,12,","13.4",",E,10,","2502.0","E","508.6",",E","48.5",",,,E","0.17",",E","4.18",",,,E","-3.85",",,,E"
"BKM00014654","1981-03","43.8678","18.4228","630.0","SARAJEVO, BK","0.0","E","0.0",",E","14",",E","6",",E","1",",E","","","0",",E","7",",E","0",",E","5",",E","0",",E","19810301",",,E","","","19810319",",,E","19810331",",,E","-4.4",",E,01,","","","26.4",",,E,19,","25.6",",E,31,","2807.1","E","305.1",",E","82.5",",,,E","8.49",",E","14.31",",,,E","2.67",",,,E"
"BKM00014654","1981-04","43.8678","18.4228","630.0","SARAJEVO, BK","0.0","E","0.0",",E","12",",E","7",",E","0",",E","","","0",",E","5",",E","0",",E","4",",E","0",",E","19810420",",,E","","","19810419",",,E","19810414",",,E","-4.0",",E,20,","","","16.6",",,E,19,","22.5",",E,14,","3051.9","E","244.8",",E","62.7",",,,E","10.17",",E","16.31",",,,E","4.03",",,,E"
"BKM00014654","1981-05","43.8678","18.4228","630.0","SARAJEVO, BK","2.9","E","2.9",",E","10",",E","7",",E","0",",E","","","0",",E","0",",E","0",",E","17",",E","0",",E","19810507",",,E","","","19810512",",,E","19810526",",,E","2.5",",E,07,","","","21.9",",,E,12,","26.7",",E,26,","3172.0","E","120.1",",E","80.3",",,,E","14.55",",E","21.11",",,,E","8.00",",,,E"
"BKM00014654","1981-06","43.8678","18.4228","630.0","SARAJEVO, BK","39.3","E","36.4",",E","12",",E","6",",E","1",",E","","","0",",E","0",",E","0",",E","21",",E","1",",E","19810620",",,E","","","19810618",",,E","19810629",",,E","5.9",",E,20,","","","39.0",",,E,18,","33.0",",E,29,","3216.1","E","44.1",",E","103.0",",,,E","18.07",",E","24.30",",,,E","11.85",",,,E"
"BKM00014654","1981-07","43.8678","18.4228","630.0","SARAJEVO, BK","74.5","E","35.2",",E","10",",E","7",",E","0",",E","","","0",",E","0",",E","0",",E","22",",E","1",",E","19810721",",,E","","","19810713",",,E","19810703",",,E","7.5",",E,21,","","","11.4",",,E,13,","32.6",",E,03,","44.7","E","44.7",",E","45.8",",,,E","18.03",",E","23.87",",,,E","12.18",",,,E"
"BKM00014654","1981-08","43.8678","18.4228","630.0","SARAJEVO, BK","142.5","E","68.0",",E","13",",E","9",",E","1",",E","","","0",",E","0",",E","0",",E","24",",E","3",",E","19810826",",,E","","","19810822",",,E","19810803",",,E","7.2",",E,26,","","","33.0",",,E,22,","36.2",",E,03,","83.4","E","38.7",",E","102.4",",,,E","19.28",",E","25.50",",,,E","13.06",",,,E"
"BKM00014654","1981-09","43.8678","18.4228","630.0","SARAJEVO, BK","151.0","E","8.5",",E","11",",E","8",",E","2",",E","","","0",",E","0",",E","0",",E","22",",E","0",",E","19810916",",,E","","","19810930",",,E","19810923",",,E","5.3",",E,16,","","","28.6",",,E,30,","30.0",",E,23,","144.2","E","60.8",",E","97.4",",,,E","16.59",",E","22.42",",,,E","10.75",",,,E"
"BKM00014654","1981-10","43.8678","18.4228","630.0","SARAJEVO, BK","153.2","E","2.2",",E","11",",E","7",",E","0",",E","","","0",",E","2",",E","0",",E","9",",E","0",",E","19811025",",,E","","","19811024",",,E","19811007",",,E","-0.7",",E,25,","","","17.6",",,E,24,","30.2",",E,07,","304.0","E","159.8",",E","62.2",",,,E","13.25",",E","19.16",",,,E","7.33",",,,E"
"BKM00014654","1981-11","43.8678","18.4228","630.0","SARAJEVO, BK","153.2","E","0.0",",E","10",",E","7",",E","0",",E","","","0",",E","22",",E","3",",E","0",",E","0",",E","19811112",",,E","","","19811115",",,E","19811102",",,E","-6.1",",E,12,","","","21.1",",,E,15,","19.5",",E,02,","784.2","E","480.2",",E","56.5",",,,E","2.33",",E","5.90",",,,E","-1.25",",,,E"
"BKM00014654","1981-12","43.8678","18.4228","630.0","SARAJEVO, BK","153.2","E","0.0",",E","22",",E","10",",E","1",",E","","","0",",E","19",",E","5",",E","0",",E","0",",E","19811221",",,E","","","19811214",",,E","19811231",",,E","-13.0",",E,21,","","","33.8",",,E,14,","14.4",",E,31,","1277.9","E","493.7",",E","120.5",",,,E","2.41",",E","6.43",",,,E","-1.62",",,,E"
"BKM00014654","1982-01","43.8678","18.4228","630.0","SARAJEVO, BK","0.0","E","0.0",",E","6",",E","4",",E","0",",E","","","0",",E","24",",E","9",",E","0",",E","0",",E","19820108",",,E","","","19820107",",,E","19820101",",,E","-12.4",",E,08,","","","17.6",",,E,07,","15.2",",E,01,","1848.0","E","570.1",",E","35.9",",,,E","-0.06",",E","4.02",",,,E","-4.14",",,,E"
"BKM00014654","1982-02","43.8678","18.4228","630.0","SARAJEVO, BK","0.0","E","0.0",",E","12",",E","2",",E","0",",E","","","0",",E","26",",E","4",",E","0",",E","0",",E","19820204",",,E","","","19820227",",,E","19820217","+,,E","-10.2",",E,04,","","","3.3",",,E,27,","11.1",",E,17,+","2357.7","E","509.7",",E","16.8",",,,E","0.13",",E","4.31",",,,E","-4.05",",,,E"
"BKM00014654","1982-03","43.8678","18.4228","630.0","SARAJEVO, BK","0.0","E","0.0",",E","14",",E","7",",E","0",",E","","","0",",E","17",",E","0",",E","0",",E","0",",E","19820325",",,E","","","19820331",",,E","19820327",",,E","-5.0",",E,25,","","","17.4",",,E,31,","17.6",",E,27,","2780.8","E","423.1",",E","68.0",",,,E","4.69",",E","9.12",",,,E","0.25",",,,E"
"BKM00014654","1982-04","43.8678","18.4228","630.0","SARAJEVO, BK","0.0","E","0.0","1,E","18",",E","8",",E","1",",E","","","0",",E","3",",E","0","1,E","1","1,E","0","1,E","19820423",",,E","","","19820415",",,E","19820406",",1,E","-0.5",",E,23,","","","27.5",",,E,15,","22.2","1,E,06,","3106.0","E","325.2","1,E","86.7",",,,E","7.07","1,E","11.68","1,,,E","2.46",",,,E"
"BKM00014654","1982-05","43.8678","18.4228","630.0","SARAJEVO, BK","3.6","E","3.6",",E","12",",E","3",",E","0",",E","","","0",",E","0",",E","0",",E","21",",E","0",",E","19820501",",,E","","","19820522",",,E","19820511",",,E","1.4",",E,01,","","","11.8",",,E,22,","27.0",",E,11,","3195.7","E","89.7",",E","27.8",",,,E","15.55",",E","21.71",",,,E","9.40",",,,E"
"BKM00014654","1982-06","43.8678","18.4228","630.0","SARAJEVO, BK","53.9","E","50.3",",E","9",",E","5",",E","1",",E","","","0",",E","0",",E","0",",E","26",",E","2",",E","19820615",",,E","","","19820612",",,E","19820627",",,E","4.5",",E,15,","","","25.8",",,E,12,","33.6",",E,27,","3219.4","E","23.7",",E","73.4",",,,E","19.22",",E","25.46",",,,E","12.98",",,,E"
"BKM00014654","1982-07","43.8678","18.4228","630.0","SARAJEVO, BK","112.5","E","58.6",",E","11",",E","5",",E","1",",E","","","0",",E","0",",E","0",",E","28",",E","0",",E","19820702",",,E","","","19820707",",,E","19820704",",,E","7.0",",E,02,","","","30.6",",,E,07,","31.9",",E,04,","21.4","E","21.4",",E","83.5",",,,E","19.53",",E","26.01",",,,E","13.05",",,,E"
"BKM00014654","1982-08","43.8678","18.4228","630.0","SARAJEVO, BK","183.6","E","71.1",",E","10",",E","3",",E","0",",E","","","0",",E","0",",E","0",",E","28",",E","2",",E","19820824",",,E","","","19820822",",,E","19820815",",,E","8.0",",E,24,","","","9.5",",,E,22,","32.8",",E,15,","32.5","E","11.1",",E","25.9",",,,E","20.27",",E","26.81",",,,E","13.73",",,,E"
"BKM00014654","1982-09","43.8678","18.4228","630.0","SARAJEVO, BK","224.3","E","40.7",",E","3",",E","1",",E","0",",E","","","0",",E","0",",E","0",",E","29",",E","2",",E","19820904",",,E","","","19820910",",,E","19820906",",,E","9.8",",E,04,","","","5.0",",,E,10,","34.4",",E,06,","36.0","E","3.5",",E","6.1",",,,E","19.57",",E","26.62",",,,E","12.52",",,,E"
"BKM00014654","1982-10","43.8678","18.4228","630.0","SARAJEVO, BK","224.3","E","0.0",",E","19",",E","11",",E","0",",E","","","0",",E","0",",E","0",",E","0",",E","0",",E","19821031",",,E","","","19821010",",,E","19821007",",,E","1.7",",E,31,","","","14.6",",,E,10,","20.8",",E,07,","220.8","E","184.8",",E","86.3",",,,E","12.37",",E","16.59",",,,E","8.15",",,,E"
"BKM00014654","1982-11","43.8678","18.4228","630.0","SARAJEVO, BK","224.3","E","0.0",",E","5",",E","3",",E","0",",E","","","0",",E","16",",E","1",",E","0",",E","0",",E","19821119",",,E","","","19821118",",,E","19821110",",,E","-7.4",",E,19,","","","22.6",",,E,18,","16.6",",E,10,","634.5","E","413.7",",E","41.3",",,,E","4.54",",E","8.92",",,,E","0.17",",,,E"
"BKM00014654","1982-12","43.8678","18.4228","630.0","SARAJEVO, BK","224.3","E","0.0",",E","15",",E","8",",E","0",",E","","","0",",E","14",",E","4",",E","0",",E","0",",E","19821206",",,E","","","19821214",",,E","19821217",",,E","-5.4",",E,06,","","","15.2",",,E,14,","13.7",",E,17,","1071.6","E","437.1",",E","73.3",",,,E","4.23",",E","6.97",",,,E","1.50",",,,E"
"BKM00014654","1983-01","43.8678","18.4228","630.0","SARAJEVO, BK","0.0","E","0.0",",E","8",",E","3",",E","0",",E","","","0",",E","23",",E","3",",E","0",",E","0",",E","19830101",",,E","","","19830117",",,E","19830128",",,E","-6.8",",E,01,","","","10.7",",,E,17,","12.7",",E,28,","1598.3","E","526.7",",E","29.2",",,,E","1.34",",E","4.82",",,,E","-2.14",",,,E"
"BKM00014654","1983-02","43.8678","18.4228","630.0","SARAJEVO, BK","0.0","E","0.0",",E","16",",E","12",",E","0",",E","","","0",",E","20",",E","10",",E","0",",E","0",",E","19830224",",,E","","","19830210",",,E","19830210",",,E","-14.9",",E,24,","","","19.3",",,E,10,","14.2",",E,10,","2128.2","E","529.9",",E","120.3",",,,E","-0.59",",E","3.46",",,,E","-4.64",",,,E"
"BKM00014654","1983-03","43.8678","18.4228","630.0","SARAJEVO, BK","0.0","E","0.0",",E","10",",E","4",",E","1",",E","","","0",",E","9",",E","0",",E","0",",E","0",",E","19830313",",,E","","","19830327",",,E","19830309",",,E","-5.6",",E,13,","","","26.7",",,E,27,","20.0",",E,09,","2477.4","E","349.2",",E","40.5",",,,E","7.07",",E","13.00",",,,E","1.14",",,,E"
"BKM00014654","1983-04","43.8678","18.4228","630.0","SARAJEVO, BK","1.5","E","1.5",",E","9",",E","3",",E","0",",E","","","0",",E","1",",E","0",",E","13",",E","0",",E","19830415",",,E","","","19830414",",,E","19830430",",,E","-1.6",",E,15,","","","17.4",",,E,14,","26.6",",E,30,","2655.6","E","178.2",",E","28.6",",,,E","12.44",",E","18.49",",,,E","6.39",",,,E"
"BKM00014654","1983-05","43.8678","18.4228","630.0","SARAJEVO, BK","20.0","E","18.5",",E","6",",E","5",",E","0",",E","","","0",",E","0",",E","0",",E","16",",E","0",",E","19830503",",,E","","","19830510",",,E","19830522",",,E","5.3",",E,03,","","","21.3",",,E,10,","31.2",",E,22,","2736.7","E","81.1",",E","34.8",",,,E","16.31",",E","22.71",",,,E","9.92",",,,E"
"BKM00014654","1983-06","43.8678","18.4228","630.0","SARAJEVO, BK","36.2","E","16.2",",E","16",",E","9",",E","2",",E","","","0",",E","0",",E","0",",E","18",",E","0",",E","19830608",",,E","","","19830607",",,E","19830605",",,E","5.4",",E,08,","","","35.1",",,E,07,","29.7",",E,05,","2805.6","E","68.9",",E","129.2",",,,E","16.58",",E","22.15",",,,E","11.00",",,,E"
"BKM00014654","1983-07","43.8678","18.4228","630.0","SARAJEVO, BK","91.7","E","55.5",",E","15",",E","8",",E","1",",E","","","0",",E","0",",E","0",",E","27",",E","3",",E","19830722",",,E","","","19830707",",,E","19830728",",,E","6.6",",E,22,","","","41.1",",,E,07,","32.7",",E,28,","13.3","E","13.3",",E","111.7",",,,E","19.70",",E","25.79",",,,E","13.60",",,,E"
"BKM00014654","1983-08","43.8678","18.4228","630.0","SARAJEVO, BK","132.3","E","40.6",",E","10",",E","5",",E","0",",E","","","0",",E","0",",E","0",",E","28",",E","0",",E","19830805",",,E","","","19830812",",,E","19830802",",,E","6.7",",E,05,","","","23.7",",,E,12,","31.9",",E,02,","32.9","E","19.6",",E","65.8",",,,E","19.01",",E","25.07",",,,E","12.95",",,,E"
"BKM00014654","1983-09","43.8678","18.4228","630.0","SARAJEVO, BK","142.6","E","10.3",",E","8",",E","6",",E","1",",E","","","0",",E","0",",E","0",",E","16",",E","0",",E","19830928",",,E","","","19830918",",,E","19830911",",,E","4.9",",E,28,","","","43.7",",,E,18,","29.2",",E,11,","135.1","E","102.2",",E","96.5",",,,E","15.27",",E","21.17",",,,E","9.38",",,,E"
"BKM00014654","1983-10","43.8678","18.4228","630.0","SARAJEVO, BK","142.6","E","0.0",",E","6",",E","4",",E","0",",E","","","0",",E","2",",E","0",",E","9",",E","0",",E","19831024",",,E","","","19831019",",,E","19831006",",,E","-1.0",",E,24,","","","7.4",",,E,19,","26.0",",E,06,","372.2","E","237.1",",E","22.2",",,,E","10.69",",E","16.80",",,,E","4.57",",,,E"
"BKM00014654","1983-11","43.8678","18.4228","630.0","SARAJEVO, BK","142.6","E","0.0",",E","8",",E","7",",E","0",",E","","","0",",E","18",",E","0",",E","0",",E","0",",E","19831116",",,E","","","19831101",",,E","19831128",",,E","-11.8",",E,16,","","","22.6",",,E,01,","15.2",",E,28,","846.0","E","473.8",",E","65.5",",,,E","2.54",",E","6.56",",,,E","-1.48",",,,E"
"BKM00014654","1983-12","43.8678","18.4228","630.0","SARAJEVO, BK","142.6","E","0.0",",E","17",",E","6",",E","0",",E","","","0",",E","23",",E","11",",E","0",",E","0",",E","19831214",",,E","","","19831212",",,E","19831226",",,E","-13.0",",E,14,","","","12.2",",,E,12,","15.8",",E,26,","1399.2","E","553.2",",E","51.1",",,,E","0.49",",E","3.83",",,,E","-2.85",",,,E"
"BKM00014654","1984-01","43.8678","18.4228","630.0","SARAJEVO, BK","0.0","E","0.0",",E","13",",E","10",",E","1",",E","","","0",",E","27",",E","2",",E","0",",E","0",",E","19840114",",,E","","","19840110",",,E","19840102",",,E","-9.4",",E,14,","","","34.2",",,E,10,","15.2",",E,02,","1933.5","E","534.3",",E","104.3",",,,E","1.10",",E","4.89",",,,E","-2.70",",,,E"
"BKM00014654","1984-02","43.8678","18.4228","630.0","SARAJEVO, BK","0.0","E","0.0",",E","16",",E","8",",E","0",",E","","","0",",E","17",",E","10",",E","0",",E","0",",E","19840214",",,E","","","19840211",",,E","19840226",",,E","-12.0",",E,14,","","","12.7",",,E,11,","12.6",",E,26,","2441.5","E","508.0",",E","71.5",",,,E","0.82",",E","3.90",",,,E","-2.27",",,,E"
"BKM00014654","1984-03","43.8678","18.4228","630.0","SARAJEVO, BK","0.0","E","0.0",",E","20",",E","7",",E","0",",E","","","0",",E","16",",E","0",",E","0",",E","0",",E","19840312",",,E","","","19840322",",,E","19840328",",,E","-3.0",",E,12,","","","5.6",",,E,22,","16.0",",E,28,","2895.2","E","453.7",",E","43.6",",,,E","3.70",",E","6.94",",,,E","0.45",",,,E"
"BKM00014654","1984-04","43.8678","18.4228","630.0","SARAJEVO, BK","0.0","E","0.0",",E","13",",E","12",",E","0",",E","","","0",",E","4",",E","0",",E","0",",E","0",",E","19840428",",,E","","","19840403",",,E","19840416",",,E","-2.5",",E,28,","","","17.9",",,E,03,","20.0",",E,16,","3202.1","E","306.9",",E","83.6",",,,E","8.10",",E","12.69",",,,E","3.51",",,,E"
"BKM00014654","1984-05","43.8678","18.4228","630.0","SARAJEVO, BK","1.9","E","1.9",",E","14",",E","8",",E","1",",E","","","0",",E","0",",E","0",",E","16",",E","0",",E","19840510",",,E","","","19840513",",,E","19840520",",,E","4.4",",E,10,","","","31.0",",,E,13,","29.2",",E,20,","3320.7","E","118.6",",E","87.6",",,,E","14.57",",E","20.44",",,,E","8.70",",,,E"
"BKM00014654","1984-06","43.8678","18.4228","630.0","SARAJEVO, BK","12.3","E","10.4",",E","13",",E","8",",E","0",",E","","","0",",E","0",",E","0",",E","18",",E","0",",E","19840602",",,E","","","19840608",",,E","19840629",",,E","5.3",",E,02,","","","12.0",",,E,08,","29.1",",E,29,","3398.3","E","77.6",",E","65.6",",,,E","16.09",",E","22.20",",,,E","9.99",",,,E"
"BKM00014654","1984-07","43.8678","18.4228","630.0","SARAJEVO, BK","61.0","E","48.7",",E","8",",E","6",",E","0",",E","","","0",",E","0",",E","0",",E","21",",E","3",",E","19840705",",,E","","","19840725",",,E","19840712",",,E","5.4",",E,05,","","","21.4",",,E,25,","34.0",",E,12,","62.2","E","62.2",",E","78.1",",,,E","17.90",",E","24.81",",,,E","10.99",",,,E"
"BKM00014654","1984-08","43.8678","18.4228","630.0","SARAJEVO, BK","89.9","E","28.9",",E","11",",E","7",",E","1",",E","","","0",",E","0",",E","0",",E","23",",E","0",",E","19840822",",,E","","","19840825",",,E","19840801",",,E","6.0",",E,22,","","","33.9",",,E,25,","31.9",",E,01,","102.2","E","40.0",",E","88.8",",,,E","17.97",",E","23.57",",,,E","12.37",",,,E"
"BKM00014654","1984-09","43.8678","18.4228","630.0","SARAJEVO, BK","97.4","E","7.5",",E","11",",E","9",",E","0",",E","","","0",",E","0",",E","0",",E","17",",E","0",",E","19840927",",,E","","","19840925",",,E","19840904",",,E","4.7",",E,27,","","","21.1",",,E,25,","28.7",",E,04,","187.6","E","85.4",",E","83.6",",,,E","15.74",",E","22.07",",,,E","9.40",",,,E"
"BKM00014654","1984-10","43.8678","18.4228","630.0","SARAJEVO, BK","99.3","E","1.9",",E","9",",E","6",",E","1",",E","","","0",",E","1",",E","0",",E","6",",E","0",",E","19841018",",,E","","","19841007",",,E","19841005",",,E","-0.7",",E,18,","","","68.9",",,E,07,","25.0",",E,05,","358.9","E","171.3",",E","123.3",",,,E","12.87",",E","17.90",",,,E","7.84",",,,E"
"BKM00014654","1984-11","43.8678","18.4228","630.0","SARAJEVO, BK","99.3","E","0.0",",E","6",",E","4",",E","0",",E","","","0",",E","9",",E","0",",E","0",",E","0",",E","19841130",",,E","","","19841121",",,E","19841125","+,,E","-2.8",",E,30,","","","19.5",",,E,21,","19.5",",E,25,+","698.0","E","339.1",",E","46.2",",,,E","7.03",",E","11.80",",,,E","2.26",",,,E"
"BKM00014654","1984-12","43.8678","18.4228","630.0","SARAJEVO, BK","99.3","E","0.0",",E","7",",E","1",",E","0",",E","","","0",",E","24",",E","8",",E","0",",E","0",",E","19841227",",,E","","","19841222",",,E","19841217",",,E","-11.0",",E,27,","","","2.8",",,E,22,","15.1",",E,17,","1257.7","E","559.7",",E","11.9",",,,E","0.28",",E","3.14",",,,E","-2.58",",,,E"
"BKM00014654","1985-01","43.8678","18.4228","630.0","SARAJEVO, BK","0.0","E","0.0",",E","15",",E","6",",E","0",",E","","","2",",E","26",",E","18",",E","0",",E","0",",E","19850113",",,E","","","19850107",",,E","19850124",",,E","-19.9",",E,13,","","","24.0",",,E,07,","13.8",",E,24,","1954.4","E","696.7",",E","85.7",",,,E","-4.14",",E","-0.87",",,,E","-7.41",",,,E"
"BKM00014654","1985-02","43.8678","18.4228","630.0","SARAJEVO, BK","0.0","E","0.0",",E","13",",E","7",",E","0",",E","","","1",",E","23",",E","11",",E","0",",E","0",",E","19850214",",,E","","","19850212",",,E","19850209",",,E","-18.4",",E,14,","","","22.0",",,E,12,","13.6",",E,09,","2527.3","E","572.9",",E","63.2",",,,E","-2.13",",E","2.72",",,,E","-6.98",",,,E"
"BKM00014654","1985-03","43.8678","18.4228","630.0","SARAJEVO, BK","0.0","E","0.0",",E","14",",E","8",",E","1",",E","","","0",",E","8",",E","0",",E","0",",E","0",",E","19850330",",,E","","","19850329",",,E","19850327",",,E","-4.2",",E,30,","","","25.8",",,E,29,","18.6",",E,27,","2917.9","E","390.6",",E","81.8",",,,E","5.73",",E","10.20",",,,E","1.26",",,,E"
"BKM00014654","1985-04","43.8678","18.4228","630.0","SARAJEVO, BK","2.2","E","2.2",",E","14",",E","9",",E","0",",E","","","0",",E","3",",E","0",",E","2",",E","0",",E","19850430",",,E","","","19850418",",,E","19850410",",,E","-1.6",",E,30,","","","21.6",",,E,18,","24.4",",E,10,","3173.8","E","255.9",",E","128.8",",,,E","9.88",",E","15.32",",,,E","4.44",",,,E"
"BKM00014654","1985-05","43.8678","18.4228","630.0","SARAJEVO, BK","12.8","E","10.6",",E","12",",E","4",",E","0",",E","","","0",",E","0",",E","0",",E","20",",E","0",",E","19850504",",,E","","","19850504",",,E","19850514",",,E","4.4",",E,04,","","","22.2",",,E,04,","28.6",",E,14,","3239.7","E","65.9",",E","57.7",",,,E","16.55",",E","22.75",",,,E","10.34",",,,E"
"BKM00014654","1985-06","43.8678","18.4228","630.0","SARAJEVO, BK","28.9","E","16.1",",E","15",",E","8",",E","0",",E","","","0",",E","0",",E","0",",E","19",",E","0",",E","19850612",",,E","","","19850618",",,E","19850607",",,E","5.3",",E,12,","","","17.2",",,E,18,","31.4",",E,07,","3311.0","E","71.3",",E","75.6",",,,E","16.50",",E","22.45",",,,E","10.54",",,,E"
"BKM00014654","1985-07","43.8678","18.4228","630.0","SARAJEVO, BK","106.5","E","77.6",",E","4",",E","3",",E","0",",E","","","0",",E","0",",E","0",",E","26",",E","5",",E","19850704",",,E","","","19850703",",,E","19850730",",,E","8.3",",E,04,","","","15.5",",,E,03,","35.4",",E,30,","22.1","E","22.1",",E","29.1",",,,E","20.12",",E","27.28",",,,E","12.97",",,,E"
"BKM00014654","1985-08","43.8678","18.4228","630.0","SARAJEVO, BK","201.4","E","94.9",",E","7",",E","7",",E","1",",E","","","0",",E","0",",E","0",",E","27",",E","12",",E","19850808",",,E","","","19850828",",,E","19850814",",,E","9.5",",E,08,","","","25.9",",,E,28,","35.1",",E,14,","45.4","E","23.3",",E","75.7",",,,E","20.64",",E","28.14",",,,E","13.14",",,,E"
"BKM00014654","1985-09","43.8678","18.4228","630.0","SARAJEVO, BK","210.3","E","8.9",",E","3",",E","2",",E","0",",E","","","0",",E","0",",E","0",",E","20",",E","0",",E","19850911",",,E","","","19850910",",,E","19850903",",,E","4.0",",E,11,","","","12.5",",,E,10,","28.4",",E,03,","126.1","E","80.7",",E","15.9",",,,E","15.94",",E","23.31",",,,E","8.57",",,,E"
"BKM00014654","1985-10","43.8678","18.4228","630.0","SARAJEVO, BK","210.3","E","0.0",",E","8",",E","3",",E","0",",E","","","0",",E","3",",E","0",",E","9",",E","0",",E","19851027",",,E","","","19851023",",,E","19851006",",,E","-1.2",",E,27,","","","10.1",",,E,23,","26.2",",E,06,","387.0","E","260.9",",E","31.5",",,,E","9.92",",E","15.06",",,,E","4.78",",,,E"
"BKM00014654","1985-11","43.8678","18.4228","630.0","SARAJEVO, BK","210.3","E","0.0",",E","18",",E","11",",E","2",",E","","","0",",E","13",",E","1",",E","0",",E","0",",E","19851130",",,E","","","19851101",",,E","19851110",",,E","-3.5",",E,30,","","","28.3",",,E,01,","20.7",",E,10,","763.9","E","376.9",",E","144.0",",,,E","5.77",",E","9.51",",,,E","2.03",",,,E"
"BKM00014654","1985-12","43.8678","18.4228","630.0","SARAJEVO, BK","210.3","E","0.0",",E","10",",E","6",",E","0",",E","","","0",",E","22",",E","0",",E","0",",E","0",",E","19851224",",,E","","","19851231",",,E","19851230",",,E","-6.4",",E,24,","","","23.6",",,E,31,","14.4",",E,30,","1247.2","E","483.3",",E","71.0",",,,E","2.74",",E","5.88",",,,E","-0.40",",,,E"
"BKM00014654","1986-01","43.8678","18.4228","630.0","SARAJEVO, BK","0.0","E","0.0",",E","13",",E","11",",E","0",",E","","","0",",E","24",",E","4",",E","0",",E","0",",E","19860111",",,E","","","19860105",",,E","19860104",",,E","-12.6",",E,11,","","","22.5",",,E,05,","13.1",",E,04,","1792.2","E","545.0",",E","95.7",",,,E","0.75",",E","4.48",",,,E","-2.97",",,,E"
"BKM00014654","1986-02","43.8678","18.4228","630.0","SARAJEVO, BK","0.0","E","0.0",",E","19",",E","11",",E","2",",E","","","0",",E","23",",E","13",",E","0",",E","0",",E","19860228",",,E","","","19860220",",,E","19860201",",,E","-13.2",",E,28,","","","37.6",",,E,20,","12.0",",E,01,","2331.9","E","539.7",",E","143.8",",,,E","-0.94",",E","2.23",",,,E","-4.11",",,,E"
"BKM00014654","1986-03","43.8678","18.4228","630.0","SARAJEVO, BK","0.0","E","0.0",",E","12",",E","6",",E","1",",E","","","0",",E","9",",E","0",",E","1",",E","0",",E","19860319",",,E","","","19860327",",,E","19860329",",,E","-4.4",",E,19,","","","54.6",",,E,27,","22.2",",E,29,","2731.8","E","399.9",",E","90.6",",,,E","5.43",",E","9.56",",,,E","1.31",",,,E"
"BKM00014654","1986-04","43.8678","18.4228","630.0","SARAJEVO, BK","0.0","E","0.0",",E","11",",E","7",",E","0",",E","","","0",",E","4",",E","0",",E","11",",E","0",",E","19860415",",,E","","","19860413",",,E","19860425",",,E","-4.6",",E,15,","","","18.7",",,E,13,","28.0",",E,25,","2929.3","E","197.5",",E","76.5",",,,E","11.75",",E","17.83",",,,E","5.67",",,,E"
"BKM00014654","1986-05","43.8678","18.4228","630.0","SARAJEVO, BK","15.9","E","15.9",",E","12",",E","8",",E","0",",E","","","0",",E","0",",E","0",",E","23",",E","0",",E","19860511",",,E","","","19860524",",,E","19860522",",,E","5.3",",E,11,","","","13.2",",,E,24,","28.8",",E,22,","2995.8","E","66.5",",E","55.5",",,,E","16.70",",E","23.36",",,,E","10.04",",,,E"
"BKM00014654","1986-06","43.8678","18.4228","630.0","SARAJEVO, BK","29.9","E","14.0",",E","19",",E","12",",E","1",",E","","","0",",E","0",",E","0",",E","19",",E","0",",E","19860602",",,E","","","19860618",",,E","19860617",",,E","4.0",",E,02,","","","44.8",",,E,18,","29.2",",E,17,","3059.3","E","63.5",",E","161.3",",,,E","16.68",",E","22.02",",,,E","11.34",",,,E"
"BKM00014654","1986-07","43.8678","18.4228","630.0","SARAJEVO, BK","46.2","E","16.3",",E","15",",E","9",",E","1",",E","","","0",",E","0",",E","0",",E","20",",E","0",",E","19860710",",,E","","","19860702",",,E","19860724",",,E","8.4",",E,10,","","","27.2",",,E,02,","31.2",",E,24,","47.1","E","47.1",",E","99.4",",,,E","17.34",",E","22.52",",,,E","12.16",",,,E"
"BKM00014654","1986-08","43.8678","18.4228","630.0","SARAJEVO, BK","133.4","E","87.2",",E","7",",E","4",",E","0",",E","","","0",",E","0",",E","0",",E","28",",E","1",",E","19860831",",,E","","","19860815",",,E","19860804",",,E","4.5",",E,31,","","","13.5",",,E,15,","32.2",",E,04,","61.9","E","14.8",",E","39.9",",,,E","20.67",",E","27.86",",,,E","13.48",",,,E"
"BKM00014654","1986-09","43.8678","18.4228","630.0","SARAJEVO, BK","150.6","E","17.2",",E","4",",E","1",",E","0",",E","","","0",",E","0",",E","0",",E","22",",E","0",",E","19860922","+,,E","","","19860927",",,E","19860918",",,E","4.0",",E,22,+","","","4.9",",,E,27,","31.8",",E,18,","153.8","E","91.9",",E","9.2",",,,E","15.84",",E","22.88",",,,E","8.80",",,,E"
"BKM00014654","1986-10","43.8678","18.4228","630.0","SARAJEVO, BK","150.6","E","0.0",",E","7",",E","6",",E","0",",E","","","0",",E","2",",E","0",",E","9",",E","0",",E","19861017",",,E","","","19861027",",,E","19861004",",,E","-0.4",",E,17,","","","18.9",",,E,27,","24.2",",E,04,","375.5","E","221.7",",E","77.2",",,,E","11.18",",E","17.30",",,,E","5.06",",,,E"
"BKM00014654","1986-11","43.8678","18.4228","630.0","SARAJEVO, BK","150.6","E","0.0",",E","7",",E","4",",E","0",",E","","","0",",E","15",",E","1",",E","0",",E","0",",E","19861130",",,E","","","19861105",",,E","19861102",",,E","-4.4",",E,30,","","","13.9",",,E,05,","15.7",",E,02,","775.4","E","399.9",",E","28.3",",,,E","5.00",",E","9.13",",,,E","0.87",",,,E"
"BKM00014654","1986-12","43.8678","18.4228","630.0","SARAJEVO, BK","150.6","E","0.0",",E","6",",E","3",",E","0",",E","","","0",",E","27",",E","11",",E","0",",E","0",",E","19861227","+,,E","","","19861217",",,E","19861216",",,E","-12.2",",E,27,+","","","19.7",",,E,17,","11.4",",E,16,","1380.1","E","604.7",",E","40.0",",,,E","-1.17",",E","2.30",",,,E","-4.65",",,,E"
"BKM00014654","1987-01","43.8678","18.4228","630.0","SARAJEVO, BK","0.0","E","0.0",",E","18",",E","12",",E","0",",E","","","0",",E","25",",E","10",",E","0",",E","0",",E","19870131",",,E","","","19870112",",,E","19870102",",,E","-16.9",",E,31,","","","17.6",",,E,12,","12.7",",E,02,","1994.2","E","614.1",",E","104.6",",,,E","-1.48",",E","2.47",",,,E","-5.42",",,,E"
"BKM00014654","1987-02","43.8678","18.4228","630.0","SARAJEVO, BK","0.0","E","0.0",",E","11",",E","3",",E","0",",E","","","0",",E","15",",E","3",",E","0",",E","0",",E","19870201",",,E","","","19870223",",,E","19870220",",,E","-10.9",",E,01,","","","15.9",",,E,23,","16.7",",E,20,","2429.4","E","435.2",",E","30.4",",,,E","2.79",",E","6.64",",,,E","-1.06",",,,E"
"BKM00014654","1987-03","43.8678","18.4228","630.0","SARAJEVO, BK","0.0","E","0.0",",E","13",",E","6",",E","0",",E","","","0",",E","21",",E","8",",E","0",",E","0",",E","19870309",",,E","","","19870331","+,,E","19870325",",,E","-15.0",",E,09,","","","22.4",",,E,31,+","16.8",",E,25,","2993.1","E","563.7",",E","84.0",",,,E","0.15",",E","4.51",",,,E","-4.21",",,,E"
"BKM00014654","1987-04","43.8678","18.4228","630.0","SARAJEVO, BK","0.0","E","0.0",",E","13",",E","8",",E","0",",E","","","0",",E","2",",E","0",",E","3",",E","0",",E","19870402","+,,E","","","19870411",",,E","19870420",",,E","-0.6",",E,02,+","","","19.1",",,E,11,","22.0",",E,20,","3268.0","E","274.9",",E","79.3",",,,E","9.17",",E","14.06",",,,E","4.28",",,,E"
"BKM00014654","1987-05","43.8678","18.4228","630.0","SARAJEVO, BK","0.0","E","0.0",",E","14",",E","10",",E","0",",E","","","0",",E","0",",E","0",",E","9",",E","0",",E","19870523",",,E","","","19870506",",,E","19870519",",,E","2.4",",E,23,","","","23.3",",,E,06,","24.0",",E,19,","3442.4","E","174.4",",E","132.0",",,,E","12.71",",E","18.03",",,,E","7.38",",,,E"
"BKM00014654","1987-06","43.8678","18.4228","630.0","SARAJEVO, BK","36.0","E","36.0",",E","10",",E","5",",E","0",",E","","","0",",E","0",",E","0",",E","19",",E","0",",E","19870619","+,,E","","","19870622",",,E","19870614",",,E","5.5",",E,19,+","","","15.9",",,E,22,","32.1",",E,14,","3499.9","E","57.5",",E","40.7",",,,E","17.62",",E","23.91",",,,E","11.33",",,,E"
"BKM00014654","1987-07","43.8678","18.4228","630.0","SARAJEVO, BK","175.2","E","139.2",",E","3",",E","1",",E","0",",E","","","0",",E","0",",E","0",",E","30",",E","9",",E","19870728",",,E","","","19870705",",,E","19870724",",,E","7.6",",E,28,","","","11.9",",,E,05,","36.1",",E,24,","4.6","E","4.6",",E","14.2",",,,E","22.68",",E","29.85",",,,E","15.51",",,,E"
"BKM00014654","1987-08","43.8678","18.4228","630.0","SARAJEVO, BK","219.2","E","44.0",",E","9",",E","7",",E","0",",E","","","0",",E","0",",E","0",",E","28",",E","0",",E","19870823",",,E","","","19870813",",,E","19870825",",,E","8.4",",E,23,","","","17.1",",,E,13,","31.6",",E,25,","19.3","E","14.7",",E","79.5",",,,E","19.28",",E","26.30",",,,E","12.26",",,,E"
"BKM00014654","1987-09","43.8678","18.4228","630.0","SARAJEVO, BK","300.6","E","81.4",",E","7",",E","4",",E","0",",E","","","0",",E","0",",E","0",",E","27",",E","3",",E","19870930",",,E","","","19870929",",,E","19870915",",,E","5.0",",E,30,","","","14.1",",,E,29,","35.0",",E,15,","47.6","E","28.3",",E","37.3",",,,E","20.10",",E","27.37",",,,E","12.84",",,,E"
"BKM00014654","1987-10","43.8678","18.4228","630.0","SARAJEVO, BK","300.6","E","0.0",",E","6",",E","4",",E","1",",E","","","0",",E","0",",E","0",",E","10",",E","0",",E","19871031",",,E","","","19871019",",,E","19871011",",,E","0.6",",E,31,","","","28.2",",,E,19,","24.5",",E,11,","221.6","E","174.0",",E","78.5",",,,E","12.72",",E","18.00",",,,E","7.45",",,,E"
"BKM00014654","1987-11","43.8678","18.4228","630.0","SARAJEVO, BK","300.6","E","0.0",",E","17",",E","11",",E","4",",E","","","0",",E","8",",E","0",",E","0",",E","0",",E","19871123",",,E","","","19871127",",,E","19871114",",,E","-4.0",",E,23,","","","45.0",",,E,27,","18.2",",E,14,","569.1","E","347.5",",E","206.3",",,,E","6.75",",E","10.69",",,,E","2.80",",,,E"
"BKM00014654","1987-12","43.8678","18.4228","630.0","SARAJEVO, BK","300.6","E","0.0",",E","16",",E","4",",E","1",",E","","","0",",E","22",",E","6",",E","0",",E","0",",E","19871213",",,E","","","19871209",",,E","19871206",",,E","-10.0",",E,13,","","","41.2",",,E,09,","14.8",",E,06,","1114.6","E","545.5",",E","77.5",",,,E","0.74",",E","3.22",",,,E","-1.75",",,,E"
"BKM00014654","1988-01","43.8678","18.4228","630.0","SARAJEVO, BK","0.0","E","0.0",",E","11",",E","6",",E","1",",E","","","0",",E","20",",E","4",",E","0",",E","0",",E","19880114",",,E","","","19880109",",,E","19880106",",,E","-9.6",",E,14,","","","38.4",",,E,09,","14.9",",E,06,","1599.4","E","484.8",",E","92.3",",,,E","2.70",",E","6.29",",,,E","-0.90",",,,E"
"BKM00014654","1988-02","43.8678","18.4228","630.0","SARAJEVO, BK","0.0","E","0.0",",E","12",",E","5",",E","0",",E","","","0",",E","18",",E","1",",E","0",",E","0",",E","19880222",",,E","","","19880225",",,E","19880207",",,E","-12.2",",E,22,","","","15.3",",,E,25,","15.0",",E,07,","2030.3","E","430.9",",E","53.1",",,,E","3.48",",E","7.75",",,,E","-0.80",",,,E"
"BKM00014654","1988-03","43.8678","18.4228","630.0","SARAJEVO, BK","0.0","E","0.0",",E","19",",E","13",",E","2",",E","","","0",",E","16",",E","1",",E","0",",E","0",",E","19880302",",,E","","","19880301",",,E","19880315",",,E","-10.4",",E,02,","","","34.8",",,E,01,","15.6",",E,15,","2472.1","E","441.8",",E","156.7",",,,E","4.08",",E","8.49",",,,E","-0.32",",,,E"
"BKM00014654","1988-04","43.8678","18.4228","630.0","SARAJEVO, BK","0.0","E","0.0",",E","14",",E","9",",E","1",",E","","","0",",E","2",",E","0",",E","1",",E","0",",E","19880416",",,E","","","19880414",",,E","19880421",",,E","-1.6",",E,16,","","","29.8",",,E,14,","21.4",",E,21,","2725.5","E","253.4",",E","84.0",",,,E","9.89",",E","15.75",",,,E","4.02",",,,E"
"BKM00014654","1988-05","43.8678","18.4228","630.0","SARAJEVO, BK","3.2","E","3.2",",E","12",",E","3",",E","0",",E","","","0",",E","0",",E","0",",E","17",",E","0",",E","19880502",",,E","","","19880516",",,E","19880531",",,E","5.5",",E,02,","","","15.4",",,E,16,","27.0",",E,31,","2825.4","E","99.9",",E","49.7",",,,E","15.21",",E","20.65",",,,E","9.77",",,,E"
"BKM00014654","1988-06","43.8678","18.4228","630.0","SARAJEVO, BK","15.0","E","11.8",",E","15",",E","7",",E","1",",E","","","0",",E","0",",E","0",",E","23",",E","0",",E","19880603",",,E","","","19880602",",,E","19880612","+,,E","6.8",",E,03,","","","34.1",",,E,02,","28.0",",E,12,+","2875.1","E","49.7",",E","82.7",",,,E","17.07",",E","22.57",",,,E","11.58",",,,E"
"BKM00014654","1988-07","43.8678","18.4228","630.0","SARAJEVO, BK","149.8","E","134.8",",E","2",",E","1",",E","0",",E","","","0",",E","0",",E","0",",E","30",",E","9",",E","19880712",",,E","","","19880717",",,E","19880706",",,E","10.4",",E,12,","","","7.5",",,E,17,","37.4",",E,06,","3.1","E","3.1",",E","8.4",",,,E","22.58",",E","29.87",",,,E","15.29",",,,E"
"BKM00014654","1988-08","43.8678","18.4228","630.0","SARAJEVO, BK","257.2","E","107.4",",E","5",",E","4",",E","1",",E","","","0",",E","0",",E","0",",E","28",",E","9",",E","19880827",",,E","","","19880823",",,E","19880803",",,E","6.5",",E,27,","","","54.6",",,E,23,","36.0",",E,03,","20.3","E","17.2",",E","73.3",",,,E","21.24",",E","28.72",",,,E","13.77",",,,E"
"BKM00014654","1988-09","43.8678","18.4228","630.0","SARAJEVO, BK","266.0","E","8.8",",E","12",",E","7",",E","2",",E","","","0",",E","0",",E","0",",E","18",",E","0",",E","19880920",",,E","","","19880916",",,E","19880902",",,E","4.6",",E,20,","","","43.8",",,E,16,","30.0",",E,02,","117.2","E","96.9",",E","109.2",",,,E","15.40",",E","21.11",",,,E","9.68",",,,E"
"BKM00014654","1988-10","43.8678","18.4228","630.0","SARAJEVO, BK","266.0","E","0.0",",E","8",",E","6",",E","0",",E","","","0",",E","4",",E","0",",E","9",",E","0",",E","19881027",",,E","","","19881009",",,E","19881012",",,E","-2.5",",E,27,","","","14.8",",,E,09,","24.8",",E,12,","334.9","E","217.7",",E","41.5",",,,E","11.31",",E","17.08",",,,E","5.54",",,,E"
"BKM00014654","1988-11","43.8678","18.4228","630.0","SARAJEVO, BK","266.0","E","0.0",",E","12",",E","6",",E","0",",E","","","0",",E","26",",E","5",",E","0",",E","0",",E","19881126",",,E","","","19881114",",,E","19881102",",,E","-9.2",",E,26,","","","10.6",",,E,14,","13.2",",E,02,","871.1","E","536.2",",E","65.9",",,,E","0.46",",E","4.37",",,,E","-3.45",",,,E"
"BKM00014654","1988-12","43.8678","18.4228","630.0","SARAJEVO, BK","266.0","E","0.0",",E","16",",E","8",",E","0",",E","","","0",",E","25",",E","6",",E","0",",E","0",",E","19881218",",,E","","","19881207",",,E","19881201",",,E","-14.4",",E,18,","","","13.2",",,E,07,","14.6",",E,01,","1433.7","E","562.6",",E","64.6",",,,E","0.19",",E","3.49",",,,E","-3.12",",,,E"
"BKM00014654","1989-01","43.8678","18.4228","630.0","SARAJEVO, BK","0.0","E","0.0",",E","4",",E","2",",E","0",",E","","","0",",E","29",",E","5",",E","0",",E","0",",E","19890103",",,E","","","19890108",",,E","19890123",",,E","-9.6",",E,03,","","","6.3",",,E,08,","5.2",",E,23,","2041.1","E","607.4",",E","11.8",",,,E","-1.26",",E","1.69",",,,E","-4.21",",,,E"
"BKM00014654","1989-02","43.8678","18.4228","630.0","SARAJEVO, BK","0.0","E","0.0",",E","8",",E","6",",E","0",",E","","","0",",E","15",",E","0",",E","0",",E","0",",E","19890216",",,E","","","19890227",",,E","19890220",",,E","-6.6",",E,16,","","","14.3",",,E,27,","20.1",",E,20,","2434.4","E","393.3",",E","41.1",",,,E","4.29",",E","8.55",",,,E","0.03",",,,E"
"BKM00014654","1989-03","43.8678","18.4228","630.0","SARAJEVO, BK","0.0","E","0.0",",E","10",",E","7",",E","1",",E","","","0",",E","4",",E","0",",E","5",",E","0",",E","19890303",",,E","","","19890302",",,E","19890331",",,E","-1.6",",E,03,","","","26.1",",,E,02,","24.1",",E,31,","2732.3","E","297.9",",E","72.0",",,,E","8.72",",E","14.47",",,,E","2.97",",,,E"
"BKM00014654","1989-04","43.8678","18.4228","630.0","SARAJEVO, BK","0.0","E","0.0",",E","13",",E","5",",E","1",",E","","","0",",E","0",",E","0",",E","9",",E","0",",E","19890430",",,E","","","19890430",",,E","19890426",",,E","0.6",",E,30,","","","26.2",",,E,30,","24.6",",E,26,","2908.7","E","176.4",",E","85.2",",,,E","12.45",",E","17.85",",,,E","7.06",",,,E"
"BKM00014654","1989-05","43.8678","18.4228","630.0","SARAJEVO, BK","4.3","E","4.3",",E","17",",E","8",",E","2",",E","","","0",",E","0",",E","0",",E","8",",E","0",",E","19890522",",,E","","","19890518",",,E","19890513",",,E","1.0",",E,22,","","","49.7",",,E,18,","28.6",",E,13,","3092.2","E","183.5",",E","147.5",",,,E","12.55",",E","18.08",",,,E","7.03",",,,E"
"BKM00014654","1989-06","43.8678","18.4228","630.0","SARAJEVO, BK","8.9","E","4.6",",E","21",",E","15",",E","1",",E","","","0",",E","0",",E","0",",E","16",",E","0",",E","19890617",",,E","","","19890607",",,E","19890628",",,E","5.6",",E,17,","","","27.2",",,E,07,","27.2",",E,28,","3190.4","E","98.2",",E","146.9",",,,E","15.21",",E","20.46",",,,E","9.96",",,,E"
"BKM00014654","1989-07","43.8678","18.4228","630.0","SARAJEVO, BK","60.8","E","51.9",",E","16",",E","11",",E","1",",E","","","0",",E","0",",E","0",",E","26",",E","0",",E","19890720",",,E","","","19890727",",,E","19890710",",,E","6.6",",E,20,","","","37.3",",,E,27,","31.6",",E,10,","26.9","E","26.9",",E","136.6",",,,E","19.14",",E","25.18",",,,E","13.10",",,,E"
"BKM00014654","1989-08","43.8678","18.4228","630.0","SARAJEVO, BK","128.6","E","67.8",",E","13",",E","11",",E","2",",E","","","0",",E","0",",E","0",",E","26",",E","0",",E","19890803",",,E","","","19890829",",,E","19890817",",,E","4.6",",E,03,","","","93.2",",,E,29,","30.8",",E,17,","73.6","E","46.7",",E","183.3",",,,E","19.01",",E","24.99",",,,E","13.04",",,,E"
"BKM00014654","1989-09","43.8678","18.4228","630.0","SARAJEVO, BK","130.4","E","1.8",",E","9",",E","5",",E","0",",E","","","0",",E","0",",E","0",",E","17",",E","0",",E","19890908",",,E","","","19890929",",,E","19890918",",,E","6.2",",E,08,","","","12.1",",,E,29,","27.4",",E,18,","144.0","E","70.4",",E","49.6",",,,E","16.05",",E","21.36",",,,E","10.74",",,,E"
"BKM00014654","1989-10","43.8678","18.4228","630.0","SARAJEVO, BK","130.4","E","0.0",",E","8",",E","5",",E","1",",E","","","0",",E","1",",E","0",",E","3",",E","0",",E","19891017",",,E","","","19891010",",,E","19891028",",,E","-0.6",",E,17,","","","56.2",",,E,10,","23.0",",E,28,","398.7","E","254.7",",E","98.9",",,,E","10.12",",E","15.92",",,,E","4.31",",,,E"
"BKM00014654","1989-11","43.8678","18.4228","630.0","SARAJEVO, BK","130.4","E","0.0",",E","11",",E","9",",E","1",",E","","","0",",E","14",",E","5",",E","2",",E","0",",E","19891127",",,E","","","19891108",",,E","19891102",",,E","-13.4",",E,27,","","","32.0",",,E,08,","22.6",",E,02,","829.9","E","431.2",",E","106.2",",,,E","3.96",",E","8.20",",,,E","-0.28",",,,E"
"BKM00014654","1989-12","43.8678","18.4228","630.0","SARAJEVO, BK","130.4","E","0.0",",E","8",",E","4",",E","0",",E","","","0",",E","21",",E","10",",E","0",",E","0",",E","19891202",",,E","","","19891224",",,E","19891219","+,,E","-13.2",",E,02,","","","10.6",",,E,24,","18.0",",E,19,+","1339.5","E","509.6",",E","22.4",",,,E","1.89",",E","5.67",",,,E","-1.88",",,,E"
"BKM00014654","1990-01","43.8678","18.4228","630.0","SARAJEVO, BK","0.0","E","0.0",",E","6",",E","1",",E","0",",E","","","0",",E","24",",E","11",",E","0",",E","0",",E","19900108",",,E","","","19900119",",,E","19900131",",,E","-14.0",",E,08,","","","4.7",",,E,19,","15.4",",E,31,","1934.4","E","594.9",",E","10.6",",,,E","-0.86",",E","3.14",",,,E","-4.85",",,,E"
"BKM00014654","1990-02","43.8678","18.4228","630.0","SARAJEVO, BK","0.0","E","0.0",",E","5",",E","5",",E","0",",E","","","0",",E","12",",E","0",",E","0",",E","0",",E","19900214",",,E","","","19900228",",,E","19900225",",,E","-5.6",",E,14,","","","7.9",",,E,28,","20.2",",E,25,","2265.3","E","330.9",",E","24.4",",,,E","6.52",",E","12.65",",,,E","0.38",",,,E"
"BKM00014654","1990-03","43.8678","18.4228","630.0","SARAJEVO, BK","0.0","E","0.0",",E","6",",E","2",",E","1",",E","","","0",",E","6",",E","0",",E","6",",E","0",",E","19900305",",,E","","","19900327",",,E","19900312",",,E","-4.6",",E,05,","","","33.6",",,E,27,","23.6",",E,12,","2554.5","E","289.2",",E","42.8",",,,E","9.00",",E","15.65",",,,E","2.36",",,,E"
"BKM00014654","1990-04","43.8678","18.4228","630.0","SARAJEVO, BK","0.0","E","0.0",",E","16",",E","8",",E","0",",E","","","0",",E","0",",E","0",",E","1",",E","0",",E","19900414","+,,E","","","19900411",",,E","19900402",",,E","0.6",",E,14,+","","","9.8",",,E,11,","21.6",",E,02,","2815.7","E","261.2",",E","50.8",",,,E","9.63",",E","14.52",",,,E","4.73",",,,E"
"BKM00014654","1990-05","43.8678","18.4228","630.0","SARAJEVO, BK","5.1","E","5.1",",E","16",",E","7",",E","0",",E","","","0",",E","0",",E","0",",E","15",",E","0",",E","19900501",",,E","","","19900519",",,E","19900524",",,E","2.1",",E,01,","","","10.0",",,E,19,","27.2",",E,24,","2940.9","E","125.2",",E","43.5",",,,E","14.46",",E","20.30",",,,E","8.62",",,,E"
"BKM00014654","1990-06","43.8678","18.4228","630.0","SARAJEVO, BK","35.3","E","30.2",",E","12",",E","7",",E","0",",E","","","0",",E","0",",E","0",",E","24",",E","0",",E","19900601",",,E","","","19900616",",,E","19900630",",,E","3.0",",E,01,","","","14.5",",,E,16,","31.2",",E,30,","2984.6","E","43.7",",E","72.0",",,,E","17.88",",E","24.12",",,,E","11.64",",,,E"
"BKM00014654","1990-07","43.8678","18.4228","630.0","SARAJEVO, BK","103.3","E","68.0",",E","8",",E","5",",E","0",",E","","","0",",E","0",",E","0",",E","29",",E","3",",E","19900708",",,E","","","19900705",",,E","19900731","+,,E","8.5",",E,08,","","","18.7",",,E,05,","33.2",",E,31,+","15.6","E","15.6",",E","48.6",",,,E","20.02",",E","27.16",",,,E","12.88",",,,E"
"BKM00014654","1990-08","43.8678","18.4228","630.0","SARAJEVO, BK","165.8","E","62.5",",E","7",",E","3",",E","0",",E","","","0",",E","0",",E","0",",E","27",",E","1",",E","19900811",",,E","","","19900809",",,E","19900817",",,E","9.2",",E,11,","","","16.0",",,E,09,","32.2",",E,17,","29.3","E","13.7",",E","39.1",",,,E","19.91",",E","27.26",",,,E","12.55",",,,E"
"BKM00014654","1990-09","43.8678","18.4228","630.0","SARAJEVO, BK","172.0","E","6.2",",E","12",",E","8",",E","0",",E","","","0",",E","0",",E","0",",E","15",",E","0",",E","19900929",",,E","","","19900906",",,E","19900901",",,E","2.2",",E,29,","","","18.4",",,E,06,","31.2",",E,01,","147.9","E","118.6",",E","68.3",",,,E","14.59",",E","20.50",",,,E","8.67",",,,E"
"BKM00014654","1990-10","43.8678","18.4228","630.0","SARAJEVO, BK","172.0","E","0.0",",E","8",",E","5",",E","0",",E","","","0",",E","1",",E","0",",E","14",",E","0",",E","19901024",",,E","","","19901021",",,E","19901001",",,E","-1.2",",E,24,","","","22.0",",,E,21,","25.8",",E,01,","305.5","E","157.6",",E","54.0",",,,E","13.25",",E","19.11",",,,E","7.39",",,,E"
"BKM00014654","1990-11","43.8678","18.4228","630.0","SARAJEVO, BK","172.0","E","0.0",",E","14",",E","10",",E","0",",E","","","0",",E","4",",E","0",",E","1",",E","0",",E","19901111",",,E","","","19901116",",,E","19901101",",,E","-3.8",",E,11,","","","16.5",",,E,16,","22.0",",E,01,","617.4","E","311.9",",E","85.7",",,,E","7.94",",E","11.34",",,,E","4.53",",,,E"
"BKM00014654","1990-12","43.8678","18.4228","630.0","SARAJEVO, BK","172.0","E","0.0",",E","16",",E","8",",E","1",",E","","","0",",E","26",",E","10",",E","0",",E","0",",E","19901225",",,E","","","19901211",",,E","19901210",",,E","-8.4",",E,25,","","","36.8",",,E,11,","12.0",",E,10,","1183.5","E","566.1",",E","92.1",",,,E","0.07",",E","2.42",",,,E","-2.28",",,,E"
"BKM00014654","1991-01","43.8678","18.4228","630.0","SARAJEVO, BK","0.0","E","0.0",",E","7",",E","3",",E","0",",E","","","0",",E","22",",E","7",",E","0",",E","0",",E","19910131",",,E","","","19910102",",,E","19910111",",,E","-11.6",",E,31,","","","17.3",",,E,02,","15.0",",E,11,","1749.0","E","565.5",",E","29.5",",,,E","0.09",",E","4.01",",,,E","-3.83",",,,E"
"BKM00014654","1991-02","43.8678","18.4228","630.0","SARAJEVO, BK","0.0","E","0.0",",E","9",",E","5",",E","1",",E","","","0",",E","21",",E","10",",E","0",",E","0",",E","19910202",",,E","","","19910213",",,E","19910227",",,E","-17.0",",E,02,","","","35.2",",,E,13,","11.8",",E,27,","2284.0","E","535.0",",E","77.3",",,,E","-0.77",",E","3.52",",,,E","-5.07",",,,E"
"BKM00014654","1991-03","43.8678","18.4228","630.0","SARAJEVO, BK","0.0","E","0.0",",E","10",",E","6",",E","0",",E","","","0",",E","3",",E","0",",E","4",",E","0",",E","19910305",",,E","","","19910331",",,E","19910324",",,E","-1.0",",E,05,","","","10.5",",,E,31,","24.8",",E,24,","2574.6","E","290.6",",E","39.2",",,,E","8.96",",E","13.76",",,,E","4.16",",,,E"
"BKM00014654","1991-04","43.8678","18.4228","630.0","SARAJEVO, BK","0.0","E","0.0",",E","15",",E","8",",E","0",",E","","","0",",E","2",",E","0",",E","0",",E","0",",E","19910423",",,E","","","19910419",",,E","19910430",",,E","-0.2",",E,23,","","","23.9",",,E,19,","19.0",",E,30,","2887.5","E","312.9",",E","83.7",",,,E","7.90",",E","12.71",",,,E","3.10",",,,E"
"BKM00014654","1991-05","43.8678","18.4228","630.0","SARAJEVO, BK","0.0","E","0.0",",E","18",",E","12",",E","0",",E","","","0",",E","0",",E","0",",E","3",",E","0",",E","19910526",",,E","","","19910524",",,E","19910522",",,E","1.8",",E,26,","","","18.7",",,E,24,","23.0",",E,22,","3117.4","E","229.9",",E","108.1",",,,E","10.92",",E","15.26",",,,E","6.57",",,,E"
"BKM00014654","1991-06","43.8678","18.4228","630.0","SARAJEVO, BK","41.6","E","41.6",",E","7",",E","6",",E","1",",E","","","0",",E","0",",E","0",",E","26",",E","2",",E","19910601",",,E","","","19910609",",,E","19910627",",,E","5.4",",E,01,","","","26.7",",,E,09,","33.2",",E,27,","3148.9","E","31.5",",E","66.8",",,,E","18.67",",E","25.76",",,,E","11.58",",,,E"
"BKM00014654","1991-07","43.8678","18.4228","630.0","SARAJEVO, BK","115.1","E","73.5",",E","14",",E","12",",E","2",",E","","","0",",E","0",",E","0",",E","25",",E","2",",E","19910719",",,E","","","19910715",",,E","19910713",",,E","9.8",",E,19,","","","28.0",",,E,15,","32.4",",E,13,","24.9","E","24.9",",E","131.0",",,,E","19.90",",E","25.53",",,,E","14.27",",,,E"
"BKM00014654","1991-08","43.8678","18.4228","630.0","SARAJEVO, BK","159.7","E","44.6",",E","12",",E","7",",E","0",",E","","","0",",E","0",",E","0",",E","23",",E","0",",E","19910821",",,E","","","19910804",",,E","19910812",",,E","9.6",",E,21,","","","19.2",",,E,04,","30.6",",E,12,","47.9","E","23.0",",E","60.7",",,,E","19.03",",E","24.55",",,,E","13.50",",,,E"
"BKM00014654","1991-09","43.8678","18.4228","630.0","SARAJEVO, BK","174.8","E","15.1",",E","9",",E","3",",E","1",",E","","","0",",E","0",",E","0",",E","25",",E","0",",E","19910909",",,E","","","19910917",",,E","19910930",",,E","4.2",",E,09,","","","36.8",",,E,17,","29.0",",E,30,","97.9","E","50.0",",E","64.5",",,,E","17.17",",E","23.70",",,,E","10.64",",,,E"
"BKM00014654","1991-10","43.8678","18.4228","630.0","SARAJEVO, BK","180.2","E","5.4",",E","13",",E","10",",E","3",",E","","","0",",E","7",",E","0",",E","5",",E","0",",E","19911028",",,E","","","19911016",",,E","19911001",",,E","-5.0",",E,28,","","","47.0",",,E,16,","30.4",",E,01,","358.4","E","260.5",",E","185.8",",,,E","10.10",",E","15.15",",,,E","5.05",",,,E"
"BKM00014654","1991-11","43.8678","18.4228","630.0","SARAJEVO, BK","180.2","E","0.0",",E","12",",E","9",",E","1",",E","","","0",",E","6",",E","0",",E","0",",E","0",",E","19911102",",,E","","","19911122",",,E","19911104",",,E","-4.6",",E,02,","","","39.7",",,E,22,","16.5",",E,04,","713.3","E","354.9",",E","142.8",",,,E","6.50",",E","10.19",",,,E","2.81",",,,E"
"BKM00014654","1991-12","43.8678","18.4228","630.0","SARAJEVO, BK","180.2","E","0.0",",E","12",",E","6",",E","0",",E","","","0",",E","30",",E","17",",E","0",",E","0",",E","19911211",",,E","","","19911228",",,E","19911202",",,E","-14.8",",E,11,","","","19.6",",,E,28,","7.4",",E,02,","1384.6","E","671.3",",E","63.6",",,,E","-3.32",",E","-0.42",",,,E","-6.22",",,,E"
"BKM00014654","1992-01","43.8678","18.4228","630.0","SARAJEVO, BK","0.0","E","0.0",",E","4",",E","2",",E","0",",E","","","0",",E","28",",E","8",",E","0",",E","0",",E","19920102",",,E","","","19920122",",,E","19920110",",,E","-11.0",",E,02,","","","10.2",",,E,22,","10.1",",E,10,","1990.1","E","605.5",",E","18.1",",,,E","-1.20",",E","1.81",",,,E","-4.21",",,,E"
"BKM00014654","1992-02","43.8678","18.4228","630.0","SARAJEVO, BK","0.0","E","0.0",",E","13",",E","5",",E","0",",E","","","0",",E","21",",E","3",",E","0",",E","0",",E","19920202",",,E","","","19920218",",,E","19920213",",,E","-11.2",",E,02,","","","20.8",",,E,18,","12.8",",E,13,","2475.7","E","485.6",",E","58.5",",,,E","1.59",",E","6.03",",,,E","-2.85",",,,E"
"BKM00014654","1992-03","43.8678","18.4228","630.0","SARAJEVO, BK","0.0","E","0.0",",E","11",",E","4",",E","0",",E","","","0",",E","14",",E","0",",E","0",",E","0",",E","19920319",",,E","","","19920323",",,E","19920326",",,E","-4.3",",E,19,","","","4.9",",,E,23,","19.0",",E,26,","2854.3","E","378.6",",E","25.2",",,,E","6.12",",E","11.26",",,,E","0.98",",,,E"
"BKM00014654","1992-04","43.8678","18.4228","630.0","SARAJEVO, BK","0.2","E","0.2",",E","12",",E","8",",E","2",",E","","","0",",E","2",",E","0",",E","6",",E","0",",E","19920419","+,,E","","","19920402",",,E","19920427",",,E","-0.6",",E,19,+","","","38.4",",,E,02,","26.6",",E,27,","3097.9","E","243.6",",E","106.4",",,,E","10.22",",E","15.34",",,,E","5.10",",,,E"
"BKM00014654","1992-05","43.8678","18.4228","630.0","SARAJEVO, BK","0.2","E","0.0",",E","10",",E","5",",E","1",",E","","","0",",E","0",",E","0",",E","21",",E","0",",E","19920526",",,E","","","19920502",",,E","19920510",",,E","4.7",",E,26,","","","29.0",",,E,02,","26.6",",E,10,","3216.0","E","118.1",",E","70.3",",,,E","14.52",",E","21.11",",,,E","7.94",",,,E"
"BKM00014654","1992-06","43.8678","18.4228","630.0","SARAJEVO, BK","23.0","E","22.8",",E","20",",E","11",",E","0",",E","","","0",",E","0",",E","0",",E","20",",E","0",",E","19920607",",,E","","","19920626",",,E","19920622",",,E","8.4",",E,07,","","","20.9",",,E,26,","30.2",",E,22,","3263.6","E","47.6",",E","117.7",",,,E","17.51",",E","22.60",",,,E","12.42",",,,E"
"BKM00014654","1992-07","43.8678","18.4228","630.0","SARAJEVO, BK","68.6","E","45.6",",E","11",",E","9",",E","0",",E","","","0",",E","0",",E","0",",E","30",",E","0",",E","19920701",",,E","","","19920725",",,E","19920731",",,E","9.6",",E,01,","","","24.6",",,E,25,","31.8",",E,31,","2.9","E","2.9",",E","83.2",",,,E","19.71",",E","26.39",",,,E","13.04",",,,E"
"BKM00014654","1992-08","43.8678","18.4228","630.0","SARAJEVO, BK","234.7","E","166.1",",E","4",",E","2",",E","0",",E","","","0",",E","0",",E","0",",E","31",",E","16",",E","19920818",",,E","","","19920805",",,E","19920821",",,E","12.0",",E,18,","","","9.3",",,E,05,","35.2",",E,21,","2.9","E","0.0",",E","16.3",",,,E","23.69",",E","31.88",",,,E","15.50",",,,E"
"BKM00014654","1992-09","43.8678","18.4228","630.0","SARAJEVO, BK","243.6","E","8.9",",E","4",",E","3",",E","0",",E","","","0",",E","0",",E","0",",E","27",",E","0",",E","19920907",",,E","","","19920905",",,E","19920903",",,E","3.2",",E,07,","","","21.0",",,E,05,","29.4",",E,03,","53.1","E","50.2",",E","37.8",",,,E","16.95",",E","24.71",",,,E","9.19",",,,E"
"BKM00014654","1992-10","43.8678","18.4228","630.0","SARAJEVO, BK","245.9","E","2.3",",E","22",",E","16",",E","0",",E","","","0",",E","1",",E","0",",E","4",",E","0",",E","19921014",",,E","","","19921012",",,E","19921005",",,E","-0.1",",E,14,","","","25.0",",,E,12,","26.8",",E,05,","238.4","E","185.3",",E","133.7",",,,E","12.43",",E","17.08",",,,E","7.79",",,,E"
"BKM00014654","1992-11","43.8678","18.4228","630.0","SARAJEVO, BK","245.9","E","0.0",",E","14",",E","8",",E","0",",E","","","0",",E","7",",E","0",",E","1",",E","0",",E","19921115",",,E","","","19921113",",,E","19921103",",,E","-4.4",",E,15,","","","16.3",",,E,13,","24.0",",E,03,","556.4","E","318.0",",E","66.7",",,,E","7.73",",E","12.23",",,,E","3.24",",,,E"
"BKM00014654","1992-12","43.8678","18.4228","630.0","SARAJEVO, BK","245.9","E","0.0",",E","11",",E","6",",E","0",",E","","","0",",E","23",",E","9",",E","0",",E","0",",E","19921230",",,E","","","19921210",",,E","19921206","+,,E","-12.8",",E,30,","","","12.0",",,E,10,","14.6",",E,06,+","1111.6","E","555.2",",E","44.6",",,,E","0.42",",E","3.45",",,,E","-2.60",",,,E"
"BKM00014654","1993-01","43.8678","18.4228","630.0","SARAJEVO, BK","0.0","E","0.0",",E","6",",E","3",",E","0",",E","","","0",",E","25",",E","9",",E","0",",E","0",",E","19930106",",,E","","","19930130",",,E","19930114",",,E","-15.8",",E,06,","","","8.7",",,E,30,","15.6",",E,14,","1683.5","E","571.9",",E","22.9",",,,E","-0.12",",E","4.33",",,,E","-4.56",",,,E"
"BKM00014654","1993-02","43.8678","18.4228","630.0","SARAJEVO, BK","0.0","E","0.0",",E","6",",E","3",",E","0",",E","","","0",",E","28",",E","7",",E","0",",E","0",",E","19930224",",,E","","","19930222",",,E","19930206","+,,E","-13.8",",E,24,","","","11.6",",,E,22,","11.4",",E,06,+","2226.2","E","542.7",",E","21.7",",,,E","-1.05",",E","3.93",",,,E","-6.03",",,,E"
"BKM00014654","1993-03","43.8678","18.4228","630.0","SARAJEVO, BK","0.0","E","0.0",",E","12",",E","5",",E","2",",E","","","0",",E","19",",E","3",",E","0",",E","0",",E","19930306",",,E","","","19930326",",,E","19930322","+,,E","-7.6",",E,06,","","","40.0",",,E,26,","21.0",",E,22,+","2672.1","E","445.9",",E","113.5",",,,E","3.95",",E","8.90",",,,E","-1.00",",,,E"
"BKM00014654","1993-04","43.8678","18.4228","630.0","SARAJEVO, BK","0.0","E","0.0",",E","14",",E","5",",E","0",",E","","","0",",E","4",",E","0",",E","9",",E","0",",E","19930401",",,E","","","19930416",",,E","19930426","+,,E","-4.0",",E,01,","","","7.6",",,E,16,","23.8",",E,26,+","2913.6","E","241.5",",E","31.6",",,,E","10.28",",E","16.28",",,,E","4.29",",,,E"
"BKM00014654","1993-05","43.8678","18.4228","630.0","SARAJEVO, BK","14.0","E","14.0",",E","12",",E","6",",E","0",",E","","","0",",E","0",",E","0",",E","18",",E","0",",E","19930501",",,E","","","19930505",",,E","19930530",",,E","5.2",",E,01,","","","16.4",",,E,05,","28.2",",E,30,","2986.5","E","72.9",",E","62.3",",,,E","16.43",",E","22.55",",,,E","10.32",",,,E"
"BKM00014654","1993-06","43.8678","18.4228","630.0","SARAJEVO, BK","52.5","E","38.5",",E","15",",E","6",",E","0",",E","","","0",",E","0",",E","0",",E","22",",E","0",",E","19930617",",,E","","","19930615",",,E","19930623",",,E","6.8",",E,17,","","","19.4",",,E,15,","31.2",",E,23,","3024.8","E","38.3",",E","80.6",",,,E","18.34",",E","24.86",",,,E","11.83",",,,E"
"BKM00014654","1993-07","43.8678","18.4228","630.0","SARAJEVO, BK","138.7","E","86.2",",E","8",",E","5",",E","1",",E","","","0",",E","0",",E","0",",E","24",",E","8",",E","19930714",",,E","","","19930722",",,E","19930730",",,E","6.6",",E,14,","","","26.8",",,E,22,","35.4",",E,30,","32.8","E","32.8",",E","65.4",",,,E","20.06",",E","27.73",",,,E","12.39",",,,E"
"BKM00014654","1993-08","43.8678","18.4228","630.0","SARAJEVO, BK","242.4","E","103.7",",E","12",",E","8",",E","0",",E","","","0",",E","0",",E","0",",E","27",",E","10",",E","19930831",",,E","","","19930810",",,E","19930802",",,E","5.0",",E,31,","","","16.6",",,E,10,","34.4",",E,02,","54.2","E","21.4",",E","72.3",",,,E","20.99",",E","28.42",",,,E","13.55",",,,E"
"BKM00014654","1993-09","43.8678","18.4228","630.0","SARAJEVO, BK","253.6","E","11.2",",E","10",",E","6",",E","0",",E","","","0",",E","0",",E","0",",E","21",",E","0",",E","19930907",",,E","","","19930915",",,E","19930909",",,E","3.8",",E,07,","","","20.2",",,E,15,","27.8",",E,09,","117.6","E","63.4",",E","85.1",",,,E","16.60",",E","22.65",",,,E","10.54",",,,E"
"BKM00014654","1993-10","43.8678","18.4228","630.0","SARAJEVO, BK","261.8","E","8.2",",E","8",",E","2",",E","1",",E","","","0",",E","0",",E","0",",E","14",",E","0",",E","19931031",",,E","","","19931004",",,E","19931017",",,E","1.2",",E,31,","","","41.7",",,E,04,","27.4",",E,17,","254.0","E","136.4",",E","53.8",",,,E","14.20",",E","19.33",",,,E","9.06",",,,E"
"BKM00014654","1993-11","43.8678","18.4228","630.0","SARAJEVO, BK","261.8","E","0.0",",E","10",",E","9",",E","1",",E","","","0",",E","18",",E","7",",E","0",",E","0",",E","19931121",",,E","","","19931106",",,E","19931106",",,E","-7.4",",E,21,","","","49.5",",,E,06,","18.6",",E,06,","702.5","E","448.5",",E","109.9",",,,E","3.38",",E","6.08",",,,E","0.69",",,,E"
"BKM00014654","1993-12","43.8678","18.4228","630.0","SARAJEVO, BK","261.8","E","0.0",",E","15",",E","7",",E","0",",E","","","0",",E","16",",E","4",",E","0",",E","0",",E","19931230",",,E","","","19931217",",,E","19931210",",,E","-6.6",",E,30,","","","21.2",",,E,17,","14.4",",E,10,","1149.8","E","447.3",",E","68.3",",,,E","3.90",",E","7.34",",,,E","0.47",",,,E"
"BKM00014654","1994-01","43.8678","18.4228","630.0","SARAJEVO, BK","0.0","E","0.0",",E","13",",E","12",",E","0",",E","","","0",",E","20",",E","4",",E","0",",E","0",",E","19940123",",,E","","","19940121",",,E","19940107",",,E","-8.2",",E,23,","","","16.5",",,E,21,","14.8",",E,07,","1637.9","E","488.1",",E","73.6",",,,E","2.59",",E","5.72",",,,E","-0.54",",,,E"
"BKM00014654","1994-02","43.8678","18.4228","630.0","SARAJEVO, BK","0.0","E","0.0",",E","12",",E","8",",E","0",",E","","","0",",E","16",",E","7",",E","0",",E","0",",E","19940215","+,,E","","","19940218",",,E","19940228",",,E","-10.4",",E,15,+","","","23.4",",,E,18,","17.2",",E,28,","2101.3","E","463.4",",E","76.1",",,,E","1.78",",E","5.52",",,,E","-1.95",",,,E"
"BKM00014654","1994-03","43.8678","18.4228","630.0","SARAJEVO, BK","0.0","E","0.0",",E","7",",E","5",",E","0",",E","","","0",",E","5",",E","0",",E","3",",E","0",",E","19940306",",,E","","","19940305",",,E","19940325",",,E","-3.2",",E,06,","","","9.2",",,E,05,","22.8",",E,25,","2379.1","E","277.8",",E","34.9",",,,E","9.37",",E","15.21",",,,E","3.53",",,,E"
"BKM00014654","1994-04","43.8678","18.4228","630.0","SARAJEVO, BK","0.0","E","0.0",",E","17",",E","12",",E","1",",E","","","0",",E","2",",E","0",",E","2",",E","0",",E","19940408","+,,E","","","19940412",",,E","19940401",",,E","-0.2",",E,08,+","","","45.6",",,E,12,","21.4",",E,01,","2619.1","E","240.0",",E","139.7",",,,E","10.33",",E","15.05",",,,E","5.62",",,,E"
"BKM00014654","1994-05","43.8678","18.4228","630.0","SARAJEVO, BK","28.5","E","28.5",",E","10",",E","6",",E","0",",E","","","0",",E","0",",E","0",",E","19",",E","1",",E","19940509",",,E","","","19940506",",,E","19940523",",,E","2.2",",E,09,","","","18.6",",,E,06,","32.6",",E,23,","2712.0","E","92.9",",E","63.1",",,,E","16.25",",E","22.78",",,,E","9.73",",,,E"
"BKM00014654","1994-06","43.8678","18.4228","630.0","SARAJEVO, BK","78.6","E","50.1",",E","14",",E","10",",E","0",",E","","","0",",E","0",",E","0",",E","21",",E","2",",E","19940601",",,E","","","19940610",",,E","19940627",",,E","5.3",",E,01,","","","24.1",",,E,10,","33.4",",E,27,","2768.2","E","56.2",",E","98.5",",,,E","18.13",",E","24.23",",,,E","12.03",",,,E"
"BKM00014654","1994-07","43.8678","18.4228","630.0","SARAJEVO, BK","165.6","E","87.0",",E","12",",E","9",",E","0",",E","","","0",",E","0",",E","0",",E","28",",E","0",",E","19940710",",,E","","","19940701",",,E","19940718",",,E","11.0",",E,10,","","","16.9",",,E,01,","31.4",",E,18,","6.9","E","6.9",",E","86.7",",,,E","20.92",",E","26.89",",,,E","14.94",",,,E"
"BKM00014654","1994-08","43.8678","18.4228","630.0","SARAJEVO, BK","282.6","E","117.0",",E","9",",E","8",",E","0",",E","","","0",",E","0",",E","0",",E","30",",E","7",",E","19940819",",,E","","","19940815",",,E","19940810",",,E","8.4",",E,19,","","","11.4",",,E,15,","35.5",",E,10,","11.4","E","4.5",",E","43.1",",,,E","21.96",",E","29.42",",,,E","14.50",",,,E"
"BKM00014654","1994-09","43.8678","18.4228","630.0","SARAJEVO, BK","343.7","E","61.1",",E","9",",E","5",",E","0",",E","","","0",",E","0",",E","0",",E","26",",E","3",",E","19940921",",,E","","","19940920",",,E","19940902","+,,E","7.0",",E,21,","","","23.2",",,E,20,","34.2",",E,02,+","40.2","E","28.8",",E","60.6",",,,E","19.41",",E","25.86",",,,E","12.96",",,,E"
"BKM00014654","1994-10","43.8678","18.4228","630.0","SARAJEVO, BK","344.7","E","1.0",",E","7",",E","6",",E","0",",E","","","0",",E","1",",E","0",",E","3",",E","0",",E","19941019",",,E","","","19941030",",,E","19941001",",,E","-0.2",",E,19,","","","23.0",",,E,30,","24.8",",E,01,","283.1","E","242.9",",E","69.5",",,,E","10.53",",E","15.74",",,,E","5.32",",,,E"
"BKM00014654","1994-11","43.8678","18.4228","630.0","SARAJEVO, BK","344.7","E","0.0",",E","6",",E","3",",E","0",",E","","","0",",E","4",",E","0",",E","0",",E","0",",E","19941121",",,E","","","19941112",",,E","19941101",",,E","-1.1",",E,21,","","","19.2",",,E,12,","20.8",",E,01,","610.7","E","327.6",",E","36.8",",,,E","7.41",",E","11.47",",,,E","3.35",",,,E"
"BKM00014654","1994-12","43.8678","18.4228","630.0","SARAJEVO, BK","344.7","E","0.0",",E","10",",E","4",",E","0",",E","","","0",",E","24",",E","5",",E","0",",E","0",",E","19941203",",,E","","","19941207",",,E","19941231",",,E","-6.8",",E,03,","","","13.5",",,E,07,","11.6",",E,31,","1146.6","E","535.9",",E","41.5",",,,E","1.05",",E","4.19",",,,E","-2.09",",,,E"
"BKM00014654","1995-01","43.8678","18.4228","630.0","SARAJEVO, BK","0.0","E","0.0",",E","18",",E","11",",E","0",",E","","","0",",E","26",",E","14",",E","0",",E","0",",E","19950116",",,E","","","19950102",",,E","19950126",",,E","-15.0",",E,16,","","","22.4",",,E,02,","13.8",",E,26,","1734.2","E","587.6",",E","105.1",",,,E","-0.62",",E","2.95",",,,E","-4.19",",,,E"
"BKM00014654","1995-02","43.8678","18.4228","630.0","SARAJEVO, BK","0.0","E","0.0",",E","9",",E","6",",E","0",",E","","","0",",E","10",",E","0",",E","0",",E","0",",E","19950201",",,E","","","19950219",",,E","19950212",",,E","-7.0",",E,01,","","","24.8",",,E,19,","16.2",",E,12,","2073.8","E","339.6",",E","57.7",",,,E","6.20",",E","11.11",",,,E","1.30",",,,E"
"BKM00014654","1995-03","43.8678","18.4228","630.0","SARAJEVO, BK","0.0","E","0.0",",E","18",",E","10",",E","0",",E","","","0",",E","14",",E","0",",E","0",",E","0",",E","19950329",",,E","","","19950321",",,E","19950301",",,E","-9.9",",E,29,","","","24.2",",,E,21,","19.0",",E,01,","2492.4","E","418.6",",E","102.3",",,,E","4.83",",E","9.16",",,,E","0.50",",,,E"
"BKM00014654","1995-04","43.8678","18.4228","630.0","SARAJEVO, BK","0.0","E","0.0",",E","14",",E","8",",E","0",",E","","","0",",E","5",",E","0",",E","6",",E","0",",E","19950401",",,E","","","19950417",",,E","19950421",",,E","-2.7",",E,01,","","","12.1",",,E,17,","26.4",",E,21,","2758.3","E","265.9",",E","62.3",",,,E","9.47",",E","15.12",",,,E","3.82",",,,E"
"BKM00014654","1995-05","43.8678","18.4228","630.0","SARAJEVO, BK","8.3","E","8.3",",E","15",",E","11",",E","1",",E","","","0",",E","0",",E","0",",E","14",",E","0",",E","19950505",",,E","","","19950530",",,E","19950526",",,E","2.9",",E,05,","","","29.5",",,E,30,","30.0",",E,26,","2897.4","E","139.1",",E","107.7",",,,E","14.11",",E","19.74",",,,E","8.48",",,,E"
"BKM00014654","1995-06","43.8678","18.4228","630.0","SARAJEVO, BK","18.2","E","9.9",",E","19",",E","10",",E","2",",E","","","0",",E","0",",E","0",",E","21",",E","0",",E","19950602",",,E","","","19950625",",,E","19950621",",,E","7.8",",E,02,","","","33.8",",,E,25,","29.0",",E,21,","2949.4","E","52.0",",E","155.1",",,,E","16.93",",E","22.85",",,,E","11.01",",,,E"
"BKM00014654","1995-07","43.8678","18.4228","630.0","SARAJEVO, BK","108.1","E","89.9",",E","10",",E","5",",E","0",",E","","","0",",E","0",",E","0",",E","28",",E","1",",E","19950701",",,E","","","19950730",",,E","19950727",",,E","11.0",",E,01,","","","19.0",",,E,30,","32.5",",E,27,","4.9","E","4.9",",E","53.6",",,,E","21.08",",E","27.54",",,,E","14.61",",,,E"
"BKM00014654","1995-08","43.8678","18.4228","630.0","SARAJEVO, BK","137.2","E","29.1",",E","19",",E","12",",E","2",",E","","","0",",E","0",",E","0",",E","23",",E","0",",E","19950830",",,E","","","19950829",",,E","19950808",",,E","4.8",",E,30,","","","30.7",",,E,29,","31.0",",E,08,","42.4","E","37.5",",E","121.9",",,,E","18.06",",E","23.57",",,,E","12.55",",,,E"
"BKM00014654","1995-09","43.8678","18.4228","630.0","SARAJEVO, BK","137.9","E","0.7",",E","14",",E","7",",E","1",",E","","","0",",E","0",",E","0",",E","13",",E","0",",E","19950930",",,E","","","19950906",",,E","19950913",",,E","1.8",",E,30,","","","36.4",",,E,06,","26.2",",E,13,","159.3","E","116.9",",E","88.7",",,,E","14.46",",E","20.08",",,,E","8.84",",,,E"
"BKM00014654","1995-10","43.8678","18.4228","630.0","SARAJEVO, BK","137.9","E","0.0",",E","1",",E","0",",E","0",",E","","","0",",E","6",",E","0",",E","9",",E","0",",E","19951025",",,E","","","19951002",",,E","19951006",",,E","-2.0",",E,25,","","","0.8",",,E,02,","23.7",",E,06,","378.9","E","219.6",",E","0.9",",,,E","11.25",",E","18.01",",,,E","4.49",",,,E"
"BKM00014654","1995-11","43.8678","18.4228","630.0","SARAJEVO, BK","137.9","E","0.0",",E","16",",E","9",",E","0",",E","","","0",",E","16",",E","4",",E","0",",E","0",",E","19951123",",,E","","","19951119",",,E","19951116",",,E","-10.8",",E,23,","","","17.0",",,E,19,","15.4",",E,16,","843.8","E","464.9",",E","79.9",",,,E","2.84",",E","6.52",",,,E","-0.85",",,,E"
"BKM00014654","1995-12","43.8678","18.4228","630.0","SARAJEVO, BK","137.9","E","0.0",",E","14",",E","9",",E","2",",E","","","0",",E","21",",E","5",",E","0",",E","0",",E","19951230",",,E","","","19951213",",,E","19951226",",,E","-7.6",",E,30,","","","50.4",",,E,13,","16.2",",E,26,","1341.0","E","497.2",",E","155.9",",,,E","2.29",",E","4.85",",,,E","-0.26",",,,E"
"BKM00014654","1996-01","43.8678","18.4228","630.0","SARAJEVO, BK","0.0","E","0.0",",E","12",",E","5",",E","1",",E","","","0",",E","17",",E","3",",E","0",",E","0",",E","19960123","+,,E","","","19960126",",,E","19960111",",,E","-8.6",",E,23,+","","","38.5",",,E,26,","13.7",",E,11,","1845.6","E","504.6",",E","70.9",",,,E","2.05",",E","5.25",",,,E","-1.14",",,,E"
"BKM00014654","1996-02","43.8678","18.4228","630.0","SARAJEVO, BK","0.0","E","0.0",",E","15",",E","10",",E","1",",E","","","0",",E","26",",E","8",",E","0",",E","0",",E","19960226",",,E","","","19960221",",,E","19960202",",,E","-10.2",",E,26,","","","27.4",",,E,21,","9.7",",E,02,","2403.9","E","558.3",",E","93.0",",,,E","-0.92",",E","2.84",",,,E","-4.68",",,,E"
"BKM00014654","1996-03","43.8678","18.4228","630.0","SARAJEVO, BK","0.0","E","0.0",",E","15",",E","8",",E","0",",E","","","0",",E","21",",E","2",",E","0",",E","0",",E","19960306",",,E","","","19960328",",,E","19960315",",,E","-9.9",",E,06,","","","21.6",",,E,28,","15.0",",E,15,","2892.0","E","488.1",",E","58.2",",,,E","2.59",",E","7.12",",,,E","-1.94",",,,E"
"BKM00014654","1996-04","43.8678","18.4228","630.0","SARAJEVO, BK","0.0","E","0.0",",E","14",",E","8",",E","0",",E","","","0",",E","5",",E","0",",E","6",",E","0",",E","19960401",",,E","","","19960404",",,E","19960422",",,E","-3.9",",E,01,","","","13.2",",,E,04,","24.4",",E,22,","3157.1","E","265.1",",E","70.1",",,,E","9.50",",E","15.13",",,,E","3.87",",,,E"
"BKM00014654","1996-05","43.8678","18.4228","630.0","SARAJEVO, BK","10.1","E","10.1",",E","15",",E","8",",E","0",",E","","","0",",E","0",",E","0",",E","18",",E","0",",E","19960529",",,E","","","19960529",",,E","19960519",",,E","5.3",",E,29,","","","13.7",",,E,29,","31.2",",E,19,","3244.9","E","87.8",",E","54.3",",,,E","15.83",",E","21.94",",,,E","9.72",",,,E"
"BKM00014654","1996-06","43.8678","18.4228","630.0","SARAJEVO, BK","58.6","E","48.5",",E","7",",E","3",",E","0",",E","","","0",",E","0",",E","0",",E","24",",E","0",",E","19960615",",,E","","","19960626",",,E","19960610",",,E","5.5",",E,15,","","","20.1",",,E,26,","31.8",",E,10,","3283.4","E","38.5",",E","46.5",",,,E","18.67",",E","25.37",",,,E","11.96",",,,E"
"BKM00014654","1996-07","43.8678","18.4228","630.0","SARAJEVO, BK","119.4","E","60.8",",E","8",",E","4",",E","0",",E","","","0",",E","0",",E","0",",E","28",",E","5",",E","19960712",",,E","","","19960710",",,E","19960730",",,E","6.0",",E,12,","","","4.5",",,E,10,","33.3",",E,30,","34.3","E","34.3",",E","18.1",",,,E","19.19",",E","26.52",",,,E","11.85",",,,E"
"BKM00014654","1996-08","43.8678","18.4228","630.0","SARAJEVO, BK","174.4","E","55.0",",E","11",",E","5",",E","1",",E","","","0",",E","0",",E","0",",E","28",",E","2",",E","19960817",",,E","","","19960804",",,E","19960803",",,E","10.2",",E,17,","","","43.8",",,E,04,","32.5",",E,03,","45.2","E","10.9",",E","88.0",",,,E","19.76",",E","26.17",",,,E","13.34",",,,E"
"BKM00014654","1996-09","43.8678","18.4228","630.0","SARAJEVO, BK","174.4","E","0.0",",E","21",",E","18",",E","2",",E","","","0",",E","0",",E","0",",E","1",",E","0",",E","19960930",",,E","","","19960913",",,E","19960911",",,E","2.8",",E,30,","","","61.3",",,E,13,","21.2",",E,11,","231.4","E","186.2",",E","258.3",",,,E","12.13",",E","16.40",",,,E","7.85",",,,E"
"BKM00014654","1996-10","43.8678","18.4228","630.0","SARAJEVO, BK","174.4","E","0.0",",E","16",",E","11",",E","0",",E","","","0",",E","2",",E","0",",E","2",",E","0",",E","19961027",",,E","","","19961004",",,E","19961015",",,E","-1.4",",E,27,","","","19.3",",,E,04,","22.3",",E,15,","471.7","E","240.3",",E","95.4",",,,E","10.58",",E","14.64",",,,E","6.52",",,,E"
"BKM00014654","1996-11","43.8678","18.4228","630.0","SARAJEVO, BK","174.4","E","0.0",",E","12",",E","9",",E","1",",E","","","0",",E","8",",E","0",",E","1",",E","0",",E","19961130",",,E","","","19961121",",,E","19961105",",,E","-5.0",",E,30,","","","27.3",",,E,21,","23.4",",E,05,","775.3","E","303.6",",E","111.8",",,,E","8.21",",E","12.53",",,,E","3.90",",,,E"
"BKM00014654","1996-12","43.8678","18.4228","630.0","SARAJEVO, BK","174.4","E","0.0",",E","14",",E","9",",E","0",",E","","","0",",E","23",",E","13",",E","0",",E","0",",E","19961227",",,E","","","19961226",",,E","19961223",",,E","-13.7",",E,27,","","","18.0",",,E,26,","15.5",",E,23,","1355.0","E","579.7",",E","103.5",",,,E","-0.37",",E","2.36",",,,E","-3.10",",,,E"
"BKM00014654","1997-01","43.8678","18.4228","630.0","SARAJEVO, BK","0.0","E","0.0",",E","12",",E","7",",E","0",",E","","","0",",E","24",",E","6",",E","0",",E","0",",E","19970101",",,E","","","19970111",",,E","19970103",",,E","-10.6",",E,01,","","","11.7",",,E,11,","13.4",",E,03,","1884.1","E","529.1",",E","49.7",",,,E","1.26",",E","4.06",",,,E","-1.54",",,,E"
"BKM00014654","1997-02","43.8678","18.4228","630.0","SARAJEVO, BK","0.0","E","0.0",",E","8",",E","5",",E","0",",E","","","0",",E","20",",E","0",",E","0",",E","0",",E","19970203",",,E","","","19970216",",,E","19970224",",,E","-10.7",",E,03,","","","22.3",",,E,16,","16.8",",E,24,","2303.0","E","418.9",",E","59.3",",,,E","3.37",",E","8.78",",,,E","-2.03",",,,E"
"BKM00014654","1997-03","43.8678","18.4228","630.0","SARAJEVO, BK","0.0","E","0.0",",E","8",",E","4",",E","0",",E","","","0",",E","21",",E","0",",E","0",",E","0",",E","19970324","+,,E","","","19970320",",,E","19970303",",,E","-4.0",",E,24,+","","","21.0",",,E,20,","18.2",",E,03,","2707.4","E","404.4",",E","45.2",",,,E","5.29",",E","11.02",",,,E","-0.44",",,,E"
"BKM00014654","1997-04","43.8678","18.4228","630.0","SARAJEVO, BK","0.0","E","0.0",",E","17",",E","12",",E","1",",E","","","0",",E","20",",E","0",",E","0",",E","0",",E","19970409",",,E","","","19970422",",,E","19970427",",,E","-6.0",",E,09,","","","25.5",",,E,22,","19.8",",E,27,","3108.1","E","400.7",",E","106.1",",,,E","4.98",",E","10.24",",,,E","-0.29",",,,E"
"BKM00014654","1997-05","43.8678","18.4228","630.0","SARAJEVO, BK","12.2","E","12.2",",E","11",",E","6",",E","0",",E","","","0",",E","0",",E","0",",E","19",",E","0",",E","19970527",",,E","","","19970529",",,E","19970514",",,E","1.8",",E,27,","","","17.8",",,E,29,","29.6",",E,14,","3220.3","E","112.2",",E","59.5",",,,E","15.10",",E","22.09",",,,E","8.12",",,,E"
"BKM00014654","1997-06","43.8678","18.4228","630.0","SARAJEVO, BK","72.0","E","59.8",",E","10",",E","6",",E","0",",E","","","0",",E","0",",E","0",",E","26",",E","2",",E","19970601",",,E","","","19970625",",,E","19970629",",,E","0.8",",E,01,","","","18.9",",,E,25,","34.2",",E,29,","3249.0","E","28.7",",E","50.6",",,,E","19.37",",E","26.37",",,,E","12.37",",,,E"
"BKM00014654","1997-07","43.8678","18.4228","630.0","SARAJEVO, BK","112.8","E","40.8",",E","13",",E","6",",E","1",",E","","","0",",E","0",",E","0",",E","28",",E","2",",E","19970722",",,E","","","19970726",",,E","19970704",",,E","8.1",",E,22,","","","26.3",",,E,26,","34.4",",E,04,","17.3","E","17.3",",E","79.9",",,,E","19.09",",E","25.98",",,,E","12.20",",,,E"
"BKM00014654","1997-08","43.8678","18.4228","630.0","SARAJEVO, BK","140.2","E","27.4",",E","8",",E","4",",E","1",",E","","","0",",E","0",",E","0",",E","27",",E","0",",E","19970824",",,E","","","19970802",",,E","19970828",",,E","8.4",",E,24,","","","27.2",",,E,02,","28.6",",E,28,","44.0","E","26.7",",E","54.6",",,,E","18.35",",E","24.37",",,,E","12.34",",,,E"
"BKM00014654","1997-09","43.8678","18.4228","630.0","SARAJEVO, BK","159.2","E","19.0",",E","1",",E","1",",E","0",",E","","","0",",E","0",",E","0",",E","17",",E","0",",E","19970927",",,E","","","19970915",",,E","19970907",",,E","2.5",",E,27,","","","17.9",",,E,15,","30.8",",E,07,","147.9","E","103.9",",E","18.5",",,,E","15.50",",E","22.34",",,,E","8.66",",,,E"
"BKM00014654","1997-10","43.8678","18.4228","630.0","SARAJEVO, BK","159.2","E","0.0",",E","11",",E","10",",E","1",",E","","","0",",E","9",",E","0",",E","7",",E","0",",E","19971029",",,E","","","19971013",",,E","19971010",",,E","-7.4",",E,29,","","","50.6",",,E,13,","26.3",",E,10,","460.4","E","312.5",",E","162.8",",,,E","8.25",",E","13.66",",,,E","2.85",",,,E"
"BKM00014654","1997-11","43.8678","18.4228","630.0","SARAJEVO, BK","159.2","E","0.0",",E","14",",E","5",",E","1",",E","","","0",",E","9",",E","1",",E","0",",E","0",",E","19971120",",,E","","","19971114",",,E","19971111",",,E","-7.9",",E,20,","","","32.4",",,E,14,","18.6",",E,11,","832.9","E","372.5",",E","75.5",",,,E","5.92",",E","8.82",",,,E","3.01",",,,E"
"BKM00014654","1997-12","43.8678","18.4228","630.0","SARAJEVO, BK","159.2","E","0.0",",E","13",",E","9",",E","0",",E","","","0",",E","17",",E","2",",E","0",",E","0",",E","19971209",",,E","","","19971228",",,E","19971220",",,E","-6.2",",E,09,","","","22.4",",,E,28,","13.6",",E,20,","1312.7","E","479.8",",E","87.3",",,,E","2.86",",E","5.59",",,,E","0.12",",,,E"
"BKM00014654","1998-01","43.8678","18.4228","630.0","SARAJEVO, BK","0.0","E","0.0",",E","8",",E","5",",E","0",",E","","","0",",E","21",",E","3",",E","0",",E","0",",E","19980129",",,E","","","19980118",",,E","19980106",",,E","-10.4",",E,29,","","","20.7",",,E,18,","13.3",",E,06,","1806.9","E","494.2",",E","52.6",",,,E","2.39",",E","6.56",",,,E","-1.78",",,,E"
"BKM00014654","1998-02","43.8678","18.4228","630.0","SARAJEVO, BK","0.0","E","0.0",",E","5",",E","2",",E","0",",E","","","0",",E","18",",E","2",",E","0",",E","0",",E","19980207","+,,E","","","19980205",",,E","19980228",",,E","-8.2",",E,07,+","","","11.1",",,E,05,","19.6",",E,28,","2203.3","E","396.4",",E","22.1",",,,E","4.18",",E","9.79",",,,E","-1.44",",,,E"
"BKM00014654","1998-03","43.8678","18.4228","630.0","SARAJEVO, BK","0.0","E","0.0",",E","10",",E","6",",E","0",",E","","","0",",E","24",",E","2",",E","0",",E","0",",E","19980312",",,E","","","19980309",",,E","19980304",",,E","-9.1",",E,12,","","","12.3",",,E,09,","18.6",",E,04,","2660.7","E","457.4",",E","44.9",",,,E","3.58",",E","8.76",",,,E","-1.60",",,,E"
"BKM00014654","1998-04","43.8678","18.4228","630.0","SARAJEVO, BK","0.0","E","0.0",",E","14",",E","10",",E","0",",E","","","0",",E","3",",E","0",",E","3",",E","0",",E","19980415",",,E","","","19980414",",,E","19980427",",,E","-0.9",",E,15,","","","18.7",",,E,14,","24.4",",E,27,","2876.6","E","215.9",",E","84.2",",,,E","11.14",",E","16.56",",,,E","5.71",",,,E"
"BKM00014654","1998-05","43.8678","18.4228","630.0","SARAJEVO, BK","0.2","E","0.2",",E","15",",E","6",",E","0",",E","","","0",",E","0",",E","0",",E","13",",E","0",",E","19980507",",,E","","","19980526",",,E","19980528",",,E","3.4",",E,07,","","","9.2",",,E,26,","27.0",",E,28,","3020.8","E","144.2",",E","41.7",",,,E","13.69",",E","19.34",",,,E","8.03",",,,E"
"BKM00014654","1998-06","43.8678","18.4228","630.0","SARAJEVO, BK","60.5","E","60.3",",E","12",",E","10",",E","0",",E","","","0",",E","0",",E","0",",E","24",",E","1",",E","19980620",",,E","","","19980610",",,E","19980630",",,E","6.6",",E,20,","","","20.3",",,E,10,","32.6",",E,30,","3055.3","E","34.5",",E","99.8",",,,E","19.19",",E","26.25",",,,E","12.14",",,,E"
"BKM00014654","1998-07","43.8678","18.4228","630.0","SARAJEVO, BK","172.1","E","111.6",",E","6",",E","4",",E","0",",E","","","0",",E","0",",E","0",",E","29",",E","13",",E","19980710",",,E","","","19980709",",,E","19980728","+,,E","5.6",",E,10,","","","13.6",",,E,09,","35.2",",E,28,+","15.9","E","15.9",",E","39.6",",,,E","21.42",",E","29.12",",,,E","13.73",",,,E"
"BKM00014654","1998-08","43.8678","18.4228","630.0","SARAJEVO, BK","277.4","E","105.3",",E","8",",E","4",",E","1",",E","","","0",",E","0",",E","0",",E","27",",E","10",",E","19980831","+,,E","","","19980829",",,E","19980803",",,E","7.4",",E,31,+","","","28.3",",,E,29,","37.0",",E,03,","41.0","E","25.1",",E","62.1",",,,E","20.92",",E","28.16",",,,E","13.67",",,,E"
"BKM00014654","1998-09","43.8678","18.4228","630.0","SARAJEVO, BK","285.4","E","8.0",",E","14",",E","9",",E","0",",E","","","0",",E","0",",E","0",",E","16",",E","0",",E","19980924",",,E","","","19980914",",,E","19980911",",,E","4.4",",E,24,","","","23.6",",,E,14,","29.0",",E,11,","140.2","E","99.2",",E","114.8",",,,E","15.29",",E","20.68",",,,E","9.91",",,,E"
"BKM00014654","1998-10","43.8678","18.4228","630.0","SARAJEVO, BK","288.5","E","3.1",",E","11",",E","9",",E","2",",E","","","0",",E","2",",E","0",",E","8",",E","0",",E","19981015",",,E","","","19981021",",,E","19981007",",,E","-0.3",",E,15,","","","44.6",",,E,21,","27.4",",E,07,","332.3","E","192.1",",E","136.3",",,,E","12.24",",E","17.75",",,,E","6.73",",,,E"
"BKM00014654","1998-11","43.8678","18.4228","630.0","SARAJEVO, BK","288.5","E","0.0",",E","16",",E","12",",E","0",",E","","","0",",E","15",",E","5",",E","0",",E","0",",E","19981119",",,E","","","19981106",",,E","19981104",",,E","-7.2",",E,19,","","","24.5",",,E,06,","18.8",",E,04,","797.5","E","465.2",",E","107.6",",,,E","2.83",",E","5.87",",,,E","-0.22",",,,E"
"BKM00014654","1998-12","43.8678","18.4228","630.0","SARAJEVO, BK","288.5","E","0.0",",E","14",",E","8",",E","0",",E","","","0",",E","29",",E","17",",E","0",",E","0",",E","19981226",",,E","","","19981205",",,E","19981204",",,E","-14.2",",E,26,","","","23.4",",,E,05,","9.8",",E,04,","1451.1","E","653.6",",E","93.6",",,,E","-2.75",",E","0.53",",,,E","-6.04",",,,E"
"BKM00014654","1999-01","43.8678","18.4228","630.0","SARAJEVO, BK","0.0","E","0.0",",E","12",",E","6",",E","1",",E","","","0",",E","23",",E","7",",E","0",",E","0",",E","19990101",",,E","","","19990114",",,E","19990111",",,E","-11.6",",E,01,","","","26.5",",,E,14,","13.0",",E,11,","2010.1","E","559.0",",E","60.4",",,,E","0.30",",E","3.95",",,,E","-3.35",",,,E"
"BKM00014654","1999-02","43.8678","18.4228","630.0","SARAJEVO, BK","0.0","E","0.0",",E","19",",E","9",",E","2",",E","","","0",",E","26",",E","7",",E","0",",E","0",",E","19990216",",,E","","","19990211",",,E","19990228",",,E","-11.2",",E,16,","","","43.5",",,E,11,","14.8",",E,28,","2534.9","E","524.8",",E","120.7",",,,E","-0.41",",E","4.06",",,,E","-4.88",",,,E"
"BKM00014654","1999-03","43.8678","18.4228","630.0","SARAJEVO, BK","0.0","E","0.0",",E","14",",E","5",",E","0",",E","","","0",",E","11",",E","0",",E","0",",E","0",",E","19990322",",,E","","","19990307",",,E","19990325","+,,E","-3.2",",E,22,","","","19.8",",,E,07,","18.6",",E,25,+","2889.4","E","354.5",",E","59.1",",,,E","6.90",",E","11.94",",,,E","1.85",",,,E"
"BKM00014654","1999-04","43.8678","18.4228","630.0","SARAJEVO, BK","0.0","E","0.0",",E","22",",E","10",",E","0",",E","","","0",",E","1",",E","0",",E","2",",E","0",",E","19990420",",,E","","","19990410",",,E","19990429",",,E","0.0",",E,20,","","","17.0",",,E,10,","25.3",",E,29,","3119.6","E","230.2",",E","99.8",",,,E","10.66",",E","15.90",",,,E","5.42",",,,E"
"BKM00014654","1999-05","43.8678","18.4228","630.0","SARAJEVO, BK","3.2","E","3.2",",E","11",",E","7",",E","0",",E","","","0",",E","0",",E","0",",E","22",",E","0",",E","19990517",",,E","","","19990510",",,E","19990531",",,E","4.6",",E,17,","","","15.8",",,E,10,","28.8",",E,31,","3207.7","E","88.1",",E","63.7",",,,E","15.59",",E","22.16",",,,E","9.02",",,,E"
"BKM00014654","1999-06","43.8678","18.4228","630.0","SARAJEVO, BK","53.6","E","50.4",",E","13",",E","8",",E","0",",E","","","0",",E","0",",E","0",",E","24",",E","0",",E","19990626","+,,E","","","19990618",",,E","19990611",",,E","6.4",",E,26,+","","","16.5",",,E,18,","32.0",",E,11,","3236.7","E","29.0",",E","74.9",",,,E","19.05",",E","25.55",",,,E","12.54",",,,E"
"BKM00014654","1999-07","43.8678","18.4228","630.0","SARAJEVO, BK","109.8","E","56.2",",E","11",",E","9",",E","0",",E","","","0",",E","0",",E","0",",E","27",",E","1",",E","19990717",",,E","","","19990730",",,E","19990706",",,E","10.3",",E,17,","","","16.8",",,E,30,","33.6",",E,06,","11.6","E","11.6",",E","99.0",",,,E","19.77",",E","25.89",",,,E","13.65",",,,E"
"BKM00014654","1999-08","43.8678","18.4228","630.0","SARAJEVO, BK","190.7","E","80.9",",E","8",",E","5",",E","0",",E","","","0",",E","0",",E","0",",E","30",",E","7",",E","19990825",",,E","","","19990814",",,E","19990810",",,E","8.6",",E,25,","","","25.3",",,E,14,","36.4",",E,10,","21.1","E","9.5",",E","83.8",",,,E","20.64",",E","27.23",",,,E","14.04",",,,E"
"BKM00014654","1999-09","43.8678","18.4228","630.0","SARAJEVO, BK","200.6","E","9.9",",E","10",",E","8",",E","0",",E","","","0",",E","0",",E","0",",E","23",",E","0",",E","19990930",",,E","","","19990908",",,E","19990926",",,E","6.2",",E,30,","","","21.1",",,E,08,","30.8",",E,26,","63.6","E","42.5",",E","100.0",",,,E","17.25",",E","23.41",",,,E","11.08",",,,E"
"BKM00014654","1999-10","43.8678","18.4228","630.0","SARAJEVO, BK","205.1","E","4.5",",E","9",",E","6",",E","0",",E","","","0",",E","2",",E","0",",E","9",",E","0",",E","19991017",",,E","","","19991019",",,E","19991004",",,E","-1.4",",E,17,","","","16.4",",,E,19,","26.4",",E,04,","267.3","E","203.7",",E","57.4",",,,E","11.91",",E","17.22",",,,E","6.60",",,,E"
"BKM00014654","1999-11","43.8678","18.4228","630.0","SARAJEVO, BK","205.1","E","0.0",",E","15",",E","9",",E","2",",E","","","0",",E","15",",E","4",",E","0",",E","0",",E","19991130",",,E","","","19991123",",,E","19991102",",,E","-5.4",",E,30,","","","29.0",",,E,23,","18.8",",E,02,","681.4","E","414.1",",E","136.5",",,,E","4.53",",E","7.99",",,,E","1.07",",,,E"
"BKM00014654","1999-12","43.8678","18.4228","630.0","SARAJEVO, BK","205.1","E","0.0",",E","17",",E","11",",E","4",",E","","","0",",E","22",",E","7",",E","0",",E","0",",E","19991225",",,E","","","19991216",",,E","19991204",",,E","-16.4",",E,25,","","","79.2",",,E,16,","13.2",",E,04,","1209.4","E","528.0",",E","293.6",",,,E","1.30",",E","5.11",",,,E","-2.51",",,,E"
"BKM00014654","2000-01","43.8678","18.4228","630.0","SARAJEVO, BK","0.0","E","0.0",",E","10",",E","3",",E","1",",E","30","1,","1",",E","29",",E","19",",E","0",",E","0",",E","20000126",",,E","20000125","+,1,S","20000124",",,E","20000131",",,E","-21.0",",E,26,","749","1,,S,25,+","28.8",",,E,24,","13.4",",E,31,","1885.7","E","676.3",",E","50.4",",,,E","-3.48",",E","0.26",",,,E","-7.23",",,,E"
"BKM00014654","2000-02","43.8678","18.4228","630.0","SARAJEVO, BK","0.0","E","0.0",",E","13",",E","7",",E","0",",E","26","3,","0",",E","24",",E","1",",E","0",",E","0",",E","20000225",",,E","20000201",",3,S","20000210",",,E","20000206",",,E","-9.6",",E,25,","399","3,,S,01,","18.6",",,E,10,","12.3",",E,06,","2370.8","E","485.1",",E","56.6",",,,E","1.61",",E","5.79",",,,E","-2.58",",,,E"
"BKM00014654","2000-03","43.8678","18.4228","630.0","SARAJEVO, BK","0.0","E","0.0",",E","13",",E","6",",E","0",",E","","","0",",E","17",",E","0",",E","0",",E","0",",E","20000307","+,,E","","","20000302",",,E","20000329",",,E","-5.4",",E,07,+","","","12.2",",,E,02,","18.2",",E,29,","2768.3","E","397.5",",E","57.8",",,,E","5.51",",E","10.75",",,,E","0.27",",,,E"
"BKM00014654","2000-04","43.8678","18.4228","630.0","SARAJEVO, BK","0.4","E","0.4",",E","9",",E","4",",E","0",",E","","","0",",E","1",",E","0",",E","13",",E","0",",E","20000409",",,E","","","20000405",",,E","20000417",",,E","-0.2",",E,09,","","","24.5",",,E,05,","26.4",",E,17,","2930.8","E","162.5",",E","50.3",",,,E","12.93",",E","19.37",",,,E","6.49",",,,E"
"BKM00014654","2000-05","43.8678","18.4228","630.0","SARAJEVO, BK","8.7","E","8.3",",E","11",",E","9",",E","0",",E","","","0",",E","0",",E","0",",E","24",",E","0",",E","20000524",",,E","","","20000513",",,E","20000528",",,E","5.4",",E,24,","","","23.5",",,E,13,","29.4",",E,28,","2993.5","E","62.7",",E","75.0",",,,E","16.58",",E","23.86",",,,E","9.29",",,,E"
"BKM00014654","2000-06","43.8678","18.4228","630.0","SARAJEVO, BK","80.1","E","71.4",",E","8",",E","3",",E","0",",E","","","0",",E","0",",E","0",",E","27",",E","4",",E","20000618",",,E","","","20000626",",,E","20000623",",,E","5.6",",E,18,","","","6.5",",,E,26,","34.0",",E,23,","3023.6","E","30.1",",E","22.6",",,,E","19.71",",E","27.30",",,,E","12.12",",,,E"
"BKM00014654","2000-07","43.8678","18.4228","630.0","SARAJEVO, BK","181.1","E","101.0",",E","9",",E","6",",E","0",",E","","","0",",E","0",",E","0",",E","25",",E","9",",E","20000714",",,E","","","20000716",",,E","20000704",",,E","5.4",",E,14,","","","16.1",",,E,16,","38.2",",E,04,","32.8","E","32.8",",E","51.9",",,,E","20.53",",E","27.67",",,,E","13.39",",,,E"
"BKM00014654","2000-08","43.8678","18.4228","630.0","SARAJEVO, BK","304.0","E","122.9",",E","7",",E","1",",E","0",",E","","","0",",E","0",",E","0",",E","30",",E","10",",E","20000827",",,E","","","20000816",",,E","20000821",",,E","8.2",",E,27,","","","10.9",",,E,16,","37.4",",E,21,","38.6","E","5.8",",E","16.0",",,,E","22.11",",E","30.41",",,,E","13.81",",,,E"
"BKM00014654","2000-09","43.8678","18.4228","630.0","SARAJEVO, BK","315.9","E","11.9",",E","9",",E","8",",E","0",",E","","","0",",E","0",",E","0",",E","17",",E","0",",E","20000928",",,E","","","20000905",",,E","20000920",",,E","3.6",",E,28,","","","25.3",",,E,05,","27.8",",E,20,","126.6","E","88.0",",E","65.9",",,,E","15.80",",E","21.45",",,,E","10.14",",,,E"
"BKM00014654","2000-10","43.8678","18.4228","630.0","SARAJEVO, BK","318.5","E","2.6",",E","9",",E","8",",E","1",",E","","","0",",E","0",",E","0",",E","7",",E","0",",E","20001023",",,E","","","20001003",",,E","20001013",",,E","0.2",",E,23,","","","31.0",",,E,03,","26.8",",E,13,","280.4","E","153.8",",E","89.8",",,,E","13.45",",E","18.43",",,,E","8.48",",,,E"
"BKM00014654","2000-11","43.8678","18.4228","630.0","SARAJEVO, BK","318.5","E","0.0",",E","12",",E","9",",E","0",",E","","","0",",E","3",",E","0",",E","0",",E","0",",E","20001129",",,E","","","20001127",",,E","20001117",",,E","-2.0",",E,29,","","","22.4",",,E,27,","20.8",",E,17,","505.0","E","224.6",",E","91.3",",,,E","10.85",",E","14.91",",,,E","6.78",",,,E"
"BKM00014654","2000-12","43.8678","18.4228","630.0","SARAJEVO, BK","318.5","E","0.0",",E","12",",E","6",",E","0",",E","","","0",",E","22",",E","2",",E","0",",E","0",",E","20001224",",,E","","","20001228",",,E","20001209",",,E","-7.6",",E,24,","","","23.9",",,E,28,","14.8",",E,09,","969.2","E","464.2",",E","93.5",",,,E","3.36",",E","6.93",",,,E","-0.21",",,,E"
"BKM00014654","2001-01","43.8678","18.4228","630.0","SARAJEVO, BK","0.0","E","0.0",",E","14",",E","7",",E","0",",E","","","0",",E","15",",E","5",",E","0",",E","0",",E","20010115",",,E","","","20010127",",,E","20010107",",,E","-4.6",",E,15,","","","25.1",",,E,27,","16.7",",E,07,","1417.5","E","448.3",",E","105.0",",,,E","3.87",",E","7.02",",,,E","0.73",",,,E"
"BKM00014654","2001-02","43.8678","18.4228","630.0","SARAJEVO, BK","0.0","E","0.0",",E","13",",E","9",",E","0",",E","","","0",",E","17",",E","3",",E","0",",E","0",",E","20010203",",,E","","","20010225",",,E","20010207",",,E","-10.0",",E,03,","","","14.1",",,E,25,","16.2",",E,07,","1845.0","E","427.5",",E","51.7",",,,E","3.07",",E","7.30",",,,E","-1.16",",,,E"
"BKM00014654","2001-03","43.8678","18.4228","630.0","SARAJEVO, BK","4.0","E","4.0",",E","14",",E","7",",E","0",",E","","","0",",E","2",",E","0",",E","2",",E","0",",E","20010308",",,E","","","20010328",",,E","20010325",",,E","-0.4",",E,08,","","","19.5",",,E,28,","26.6",",E,25,","2098.6","E","253.6",",E","69.5",",,,E","10.28",",E","15.28",",,,E","5.28",",,,E"
"BKM00014654","2001-04","43.8678","18.4228","630.0","SARAJEVO, BK","4.0","E","0.0",",E","14",",E","9",",E","0",",E","","","0",",E","4",",E","0",",E","5",",E","0",",E","20010414",",,E","","","20010412",",,E","20010430",",,E","-2.2",",E,14,","","","19.6",",,E,12,","25.4",",E,30,","2373.0","E","274.4",",E","117.5",",,,E","9.19",",E","14.56",",,,E","3.82",",,,E"
"BKM00014654","2001-05","43.8678","18.4228","630.0","SARAJEVO, BK","18.6","E","14.6",",E","12",",E","5",",E","1",",E","","","0",",E","0",",E","0",",E","19",",E","0",",E","20010514",",,E","","","20010526",",,E","20010530",",,E","1.5",",E,14,","","","39.8",",,E,26,","29.6",",E,30,","2462.8","E","89.8",",E","74.5",",,,E","15.91",",E","22.20",",,,E","9.62",",,,E"
"BKM00014654","2001-06","43.8678","18.4228","630.0","SARAJEVO, BK","41.3","E","22.7",",E","14",",E","9",",E","2",",E","","","0",",E","0",",E","0",",E","23",",E","0",",E","20010604",",,E","","","20010621",",,E","20010611",",,E","4.6",",E,04,","","","28.3",",,E,21,","31.0",",E,11,","2532.7","E","69.9",",E","120.3",",,,E","16.76",",E","23.09",",,,E","10.43",",,,E"
"BKM00014654","2001-07","43.8678","18.4228","630.0","SARAJEVO, BK","128.1","E","86.8",",E","11",",E","8",",E","0",",E","","","0",",E","0",",E","0",",E","27",",E","4",",E","20010704",",,E","","","20010721",",,E","20010715",",,E","9.0",",E,04,","","","20.2",",,E,21,","33.7",",E,15,","17.9","E","17.9",",E","64.8",",,,E","20.55",",E","26.81",",,,E","14.30",",,,E"
"BKM00014654","2001-08","43.8678","18.4228","630.0","SARAJEVO, BK","233.1","E","105.0",",E","8",",E","6",",E","1",",E","","","0",",E","0",",E","0",",E","30",",E","7",",E","20010814",",,E","","","20010819",",,E","20010810",",,E","8.8",",E,14,","","","26.0",",,E,19,","35.4",",E,10,","24.8","E","6.9",",E","71.2",",,,E","21.50",",E","28.73",",,,E","14.27",",,,E"
"BKM00014654","2001-09","43.8678","18.4228","630.0","SARAJEVO, BK","238.8","E","5.7",",E","15",",E","12",",E","3",",E","","","0",",E","0",",E","0",",E","14",",E","0",",E","20010928",",,E","","","20010911",",,E","20010924",",,E","3.6",",E,28,","","","38.7",",,E,11,","26.6",",E,24,","170.3","E","145.5",",E","231.5",",,,E","13.67",",E","19.25",",,,E","8.09",",,,E"
"BKM00014654","2001-10","43.8678","18.4228","630.0","SARAJEVO, BK","240.2","E","1.4",",E","7",",E","5",",E","0",",E","","","0",",E","0",",E","0",",E","9",",E","0",",E","20011028",",,E","","","20011026",",,E","20011003",",,E","0.6",",E,28,","","","12.4",",,E,26,","27.0",",E,03,","325.5","E","155.2",",E","36.9",",,,E","13.37",",E","19.56",",,,E","7.18",",,,E"
"BKM00014654","2001-11","43.8678","18.4228","630.0","SARAJEVO, BK","240.2","E","0.0",",E","15",",E","9",",E","2",",E","","","0",",E","21",",E","2",",E","0",",E","0",",E","20011126",",,E","","","20011114",",,E","20011112",",,E","-7.5",",E,26,","","","47.3",",,E,14,","18.3",",E,12,","779.9","E","454.4",",E","153.9",",,,E","3.19",",E","6.64",",,,E","-0.27",",,,E"
"BKM00014654","2001-12","43.8678","18.4228","630.0","SARAJEVO, BK","240.2","E","0.0",",E","11",",E","6",",E","0",",E","31",",","0",",E","31",",E","16",",E","0",",E","0",",E","20011218",",,E","20011231",",,S","20011224",",,E","20011230",",,E","-12.6",",E,18,","259",",,S,31,","9.8",",,E,24,","9.0",",E,30,","1439.7","E","659.8",",E","45.1",",,,E","-2.95",",E","0.02",",,,E","-5.92",",,,E"
"BKM00014654","2002-01","43.8678","18.4228","630.0","SARAJEVO, BK","0.0","E","0.0",",E","9",",E","3",",E","0",",E","28","3,","0",",E","26",",E","14",",E","0",",E","0",",E","20020105",",,E","20020118",",3,S","20020101",",,E","20020131",",,E","-17.4",",E,05,","330","3,,S,18,","19.3",",,E,01,","14.7",",E,31,","2063.0","E","623.3",",E","40.9",",,,E","-1.77",",E","2.06",",,,E","-5.60",",,,E"
"BKM00014654","2002-02","43.8678","18.4228","630.0","SARAJEVO, BK","0.0","E","0.0",",E","6",",E","5",",E","0",",E","","","0",",E","11",",E","0",",E","0",",E","0",",E","20020223",",,E","","","20020217","+,,E","20020213",",,E","-3.6",",E,23,","","","5.5",",,E,17,+","16.6",",E,13,","2402.1","E","339.1",",E","25.1",",,,E","6.22",",E","11.17",",,,E","1.28",",,,E"
"BKM00014654","2002-03","43.8678","18.4228","630.0","SARAJEVO, BK","0.0","E","0.0",",E","10",",E","7",",E","0",",E","","","0",",E","8",",E","0",",E","2",",E","0",",E","20020329","+,,E","","","20020323",",,E","20020321",",,E","-2.2",",E,29,+","","","8.0",",,E,23,","21.4",",E,21,","2700.5","E","298.4",",E","45.5",",,,E","8.71",",E","13.61",",,,E","3.81",",,,E"
"BKM00014654","2002-04","43.8678","18.4228","630.0","SARAJEVO, BK","0.0","E","0.0",",E","16",",E","14",",E","0",",E","","","0",",E","3",",E","0",",E","1",",E","0",",E","20020408",",,E","","","20020418",",,E","20020429",",,E","-3.0",",E,08,","","","14.9",",,E,18,","21.8",",E,29,","2953.7","E","253.2",",E","114.5",",,,E","9.89",",E","15.19",",,,E","4.59",",,,E"
"BKM00014654","2002-05","43.8678","18.4228","630.0","SARAJEVO, BK","1.6","E","1.6",",E","17",",E","11",",E","1",",E","","","0",",E","0",",E","0",",E","21",",E","0",",E","20020506","+,,E","","","20020529",",,E","20020504",",,E","6.4",",E,06,+","","","28.7",",,E,29,","27.4",",E,04,","3021.1","E","67.4",",E","85.9",",,,E","16.21",",E","22.16",",,,E","10.26",",,,E"
"BKM00014654","2002-06","43.8678","18.4228","630.0","SARAJEVO, BK","61.9","E","60.3",",E","6",",E","5",",E","0",",E","","","0",",E","0",",E","0",",E","25",",E","2",",E","20020603",",,E","","","20020629",",,E","20020624",",,E","5.8",",E,03,","","","22.2",",,E,29,","34.0",",E,24,","3048.8","E","27.7",",E","51.4",",,,E","19.42",",E","26.33",",,,E","12.51",",,,E"
"BKM00014654","2002-07","43.8678","18.4228","630.0","SARAJEVO, BK","151.4","E","89.5",",E","13",",E","7",",E","0",",E","","","0",",E","0",",E","0",",E","28",",E","3",",E","20020727",",,E","","","20020720",",,E","20020703",",,E","12.4",",E,27,","","","23.2",",,E,20,","33.6",",E,03,","9.2","E","9.2",",E","76.9",",,,E","20.92",",E","26.97",",,,E","14.87",",,,E"
"BKM00014654","2002-08","43.8678","18.4228","630.0","SARAJEVO, BK","199.4","E","48.0",",E","15",",E","9",",E","0",",E","","","0",",E","0",",E","0",",E","28",",E","0",",E","20020831",",,E","","","20020830",",,E","20020803",",,E","9.2",",E,31,","","","23.2",",,E,30,","31.0",",E,03,","15.8","E","6.6",",E","91.3",",,,E","19.67",",E","25.22",",,,E","14.11",",,,E"
"BKM00014654","2002-09","43.8678","18.4228","630.0","SARAJEVO, BK","199.7","E","0.3",",E","18",",E","11",",E","4",",E","","","0",",E","0",",E","0",",E","13",",E","0",",E","20020914",",,E","","","20020923",",,E","20020904",",,E","2.8",",E,14,","","","33.4",",,E,23,","25.6",",E,04,","139.3","E","123.5",",E","196.9",",,,E","14.23",",E","19.40",",,,E","9.06",",,,E"
"BKM00014654","2002-10","43.8678","18.4228","630.0","SARAJEVO, BK","199.7","E","0.0",",E","13",",E","11",",E","0",",E","","","0",",E","0",",E","0",",E","2",",E","0",",E","20021029",",,E","","","20021012",",,E","20021016",",,E","1.0",",E,29,","","","23.2",",,E,12,","23.0",",E,16,","342.2","E","202.9",",E","118.1",",,,E","11.79",",E","17.05",",,,E","6.53",",,,E"
"BKM00014654","2002-11","43.8678","18.4228","630.0","SARAJEVO, BK","199.7","E","0.0",",E","8",",E","2",",E","1",",E","","","0",",E","3",",E","0",",E","1",",E","0",",E","20021111",",,E","","","20021105",",,E","20021118",",,E","-2.5",",E,11,","","","32.8",",,E,05,","23.6",",E,18,","590.0","E","247.8",",E","49.8",",,,E","10.07",",E","13.92",",,,E","6.22",",,,E"
"BKM00014654","2002-12","43.8678","18.4228","630.0","SARAJEVO, BK","199.7","E","0.0",",E","16",",E","12",",E","0",",E","","","0",",E","17",",E","3",",E","0",",E","0",",E","20021221",",,E","","","20021201",",,E","20021228",",,E","-7.4",",E,21,","","","8.1",",,E,01,","13.6",",E,28,","1083.2","E","493.2",",E","70.8",",,,E","2.42",",E","5.05",",,,E","-0.20",",,,E"
"BKM00014654","2003-01","43.8678","18.4228","630.0","SARAJEVO, BK","0.0","E","0.0",",E","18",",E","12",",E","1",",E","","","1",",E","25",",E","9",",E","0",",E","0",",E","20030113",",,E","","","20030110",",,E","20030103",",,E","-17.8",",E,13,","","","31.7",",,E,10,","14.8",",E,03,","1654.4","E","571.2",",E","109.8",",,,E","-0.09",",E","2.87",",,,E","-3.06",",,,E"
"BKM00014654","2003-02","43.8678","18.4228","630.0","SARAJEVO, BK","0.0","E","0.0",",E","7",",E","2",",E","1",",E","20","5,","0",",E","28",",E","16",",E","0",",E","0",",E","20030219",",,E","20030206",",5,S","20030205",",,E","20030228",",,E","-12.8",",E,19,","249","5,,S,06,","27.8",",,E,05,","11.2",",E,28,","2246.5","E","592.1",",E","43.1",",,,E","-2.81",",E","1.11",",,,E","-6.74",",,,E"
"BKM00014654","2003-03","43.8678","18.4228","630.0","SARAJEVO, BK","0.0","E","0.0",",E","1",",E","0",",E","0",",E","","","0",",E","14",",E","0",",E","0",",E","0",",E","20030323",",,E","","","20030311",",,E","20030330",",,E","-8.6",",E,23,","","","1.4",",,E,11,","20.0",",E,30,","2645.7","E","399.2",",E","1.9",",,,E","5.46",",E","11.09",",,,E","-0.17",",,,E"
"BKM00014654","2003-04","43.8678","18.4228","630.0","SARAJEVO, BK","1.2","E","1.2",",E","13",",E","4",",E","0",",E","","","0",",E","4",",E","1",",E","4",",E","0",",E","20030409",",,E","","","20030413",",,E","20030430",",,E","-6.2",",E,09,","","","13.4",",,E,13,","29.8",",E,30,","2927.3","E","281.6",",E","31.4",",,,E","8.99",",E","14.44",",,,E","3.53",",,,E"
"BKM00014654","2003-05","43.8678","18.4228","630.0","SARAJEVO, BK","34.4","E","33.2",",E","11",",E","6",",E","0",",E","","","0",",E","0",",E","0",",E","25",",E","0",",E","20030517",",,E","","","20030511",",,E","20030508",",,E","5.4",",E,17,","","","13.5",",,E,11,","32.0",",E,08,","2980.3","E","53.0",",E","49.1",",,,E","17.69",",E","24.70",",,,E","10.68",",,,E"
"BKM00014654","2003-06","43.8678","18.4228","630.0","SARAJEVO, BK","123.1","E","88.7",",E","15",",E","10",",E","0",",E","","","0",",E","0",",E","0",",E","29",",E","1",",E","20030604",",,E","","","20030608",",,E","20030624",",,E","10.9",",E,04,","","","19.3",",,E,08,","32.2",",E,24,","2982.5","E","2.2",",E","95.0",",,,E","21.22",",E","28.20",",,,E","14.23",",,,E"
"BKM00014654","2003-07","43.8678","18.4228","630.0","SARAJEVO, BK","217.1","E","94.0",",E","10",",E","5",",E","1",",E","","","0",",E","0",",E","0",",E","31",",E","6",",E","20030715",",,E","","","20030729",",,E","20030723",",,E","8.6",",E,15,","","","29.5",",,E,29,","35.4",",E,23,","6.9","E","6.9",",E","64.9",",,,E","21.14",",E","28.00",",,,E","14.28",",,,E"
"BKM00014654","2003-08","43.8678","18.4228","630.0","SARAJEVO, BK","366.4","E","149.3",",E","4",",E","1",",E","0",",E","","","0",",E","0",",E","0",",E","31",",E","10",",E","20030809",",,E","","","20030803",",,E","20030814",",,E","11.6",",E,09,","","","3.0",",,E,03,","36.2",",E,14,","7.4","E","0.5",",E","7.2",",,,E","23.13",",E","31.01",",,,E","15.26",",,,E"
"BKM00014654","2003-09","43.8678","18.4228","630.0","SARAJEVO, BK","369.9","E","3.5",",E","12",",E","6",",E","1",",E","","","0",",E","0",",E","0",",E","17",",E","0",",E","20030904",",,E","","","20030930",",,E","20030922",",,E","3.5",",E,04,","","","28.0",",,E,30,","29.8",",E,22,","108.2","E","100.8",",E","78.7",",,,E","15.09",",E","21.29",",,,E","8.89",",,,E"
"BKM00014654","2003-10","43.8678","18.4228","630.0","SARAJEVO, BK","371.0","E","1.1",",E","18",",E","12",",E","1",",E","","","0",",E","4",",E","0",",E","5",",E","0",",E","20031028",",,E","","","20031023",",,E","20031002",",,E","-2.4",",E,28,","","","118.5",",,E,23,","25.6",",E,02,","372.0","E","263.8",",E","211.3",",,,E","9.86",",E","14.77",",,,E","4.95",",,,E"
"BKM00014654","2003-11","43.8678","18.4228","630.0","SARAJEVO, BK","371.0","E","0.0",",E","7",",E","5",",E","0",",E","","","0",",E","5",",E","0",",E","0",",E","0",",E","20031112",",,E","","","20031103",",,E","20031102",",,E","-2.6",",E,12,","","","17.9",",,E,03,","20.6",",E,02,","688.9","E","316.9",",E","35.1",",,,E","7.77",",E","11.59",",,,E","3.95",",,,E"
"BKM00014654","2003-12","43.8678","18.4228","630.0","SARAJEVO, BK","371.0","E","0.0",",E","7",",E","6",",E","0",",E","","","0",",E","24",",E","6",",E","0",",E","0",",E","20031218",",,E","","","20031213",",,E","20031206",",,E","-10.5",",E,18,","","","17.5",",,E,13,","12.0",",E,06,","1235.6","E","546.7",",E","63.5",",,,E","0.70",",E","4.19",",,,E","-2.80",",,,E"
"BKM00014654","2004-01","43.8678","18.4228","630.0","SARAJEVO, BK","0.0","E","0.0",",E","15",",E","9",",E","0",",E","","","0",",E","25",",E","11",",E","0",",E","0",",E","20040107",",,E","","","20040129",",,E","20040114",",,E","-13.0",",E,07,","","","22.3",",,E,29,","14.4",",E,14,","1835.4","E","599.8",",E","93.7",",,,E","-1.02",",E","2.14",",,,E","-4.17",",,,E"
"BKM00014654","2004-02","43.8678","18.4228","630.0","SARAJEVO, BK","0.0","E","0.0",",E","15",",E","9",",E","0",",E","","","0",",E","21",",E","1",",E","0",",E","0",",E","20040213",",,E","","","20040229",",,E","20040223",",,E","-11.0",",E,13,","","","15.9",",,E,29,","14.8",",E,23,","2312.0","E","476.6",",E","66.3",",,,E","1.90",",E","5.77",",,,E","-1.97",",,,E"
"BKM00014654","2004-03","43.8678","18.4228","630.0","SARAJEVO, BK","0.0","E","0.0",",E","9",",E","5",",E","0",",E","","","0",",E","13",",E","2",",E","1",",E","0",",E","20040307",",,E","","","20040302",",,E","20040318",",,E","-7.0",",E,07,","","","17.3",",,E,02,","21.4",",E,18,","2701.8","E","389.8",",E","51.4",",,,E","5.76",",E","10.80",",,,E","0.72",",,,E"
"BKM00014654","2004-04","43.8678","18.4228","630.0","SARAJEVO, BK","0.0","E","0.0",",E","16",",E","9",",E","0",",E","","","0",",E","0",",E","0",",E","2",",E","0",",E","20040409","+,,E","","","20040412",",,E","20040429",",,E","3.2",",E,09,+","","","25.1",",,E,12,","22.2",",E,29,","2916.3","E","214.5",",E","115.0",",,,E","11.18",",E","16.25",",,,E","6.12",",,,E"
"BKM00014654","2004-05","43.8678","18.4228","630.0","SARAJEVO, BK","0.0","E","0.0",",E","15",",E","6",",E","1",",E","","","0",",E","0",",E","0",",E","10",",E","0",",E","20040525",",,E","","","20040514",",,E","20040520",",,E","0.8",",E,25,","","","31.5",",,E,14,","25.6",",E,20,","3090.9","E","174.6",",E","95.5",",,,E","12.70",",E","18.50",",,,E","6.91",",,,E"
"BKM00014654","2004-06","43.8678","18.4228","630.0","SARAJEVO, BK","33.6","E","33.6",",E","13",",E","7",",E","0",",E","","","0",",E","0",",E","0",",E","22",",E","0",",E","20040601",",,E","","","20040630",",,E","20040628",",,E","7.6",",E,01,","","","23.0",",,E,30,","31.6",",E,28,","3128.1","E","37.2",",E","81.4",",,,E","18.21",",E","24.42",",,,E","12.00",",,,E"
"BKM00014654","2004-07","43.8678","18.4228","630.0","SARAJEVO, BK","133.7","E","100.1",",E","11",",E","8",",E","2",",E","","","0",",E","0",",E","0",",E","23",",E","7",",E","20040715",",,E","","","20040726",",,E","20040709",",,E","9.3",",E,15,","","","40.0",",,E,26,","35.6",",E,09,","29.1","E","29.1",",E","139.9",",,,E","20.62",",E","26.85",",,,E","14.39",",,,E"
"BKM00014654","2004-08","43.8678","18.4228","630.0","SARAJEVO, BK","198.6","E","64.9",",E","11",",E","4",",E","0",",E","","","0",",E","0",",E","0",",E","29",",E","3",",E","20040823",",,E","","","20040822",",,E","20040820",",,E","9.2",",E,23,","","","17.9",",,E,22,","33.7",",E,20,","40.2","E","11.1",",E","39.1",",,,E","20.07",",E","27.02",",,,E","13.11",",,,E"
"BKM00014654","2004-09","43.8678","18.4228","630.0","SARAJEVO, BK","212.7","E","14.1",",E","7",",E","4",",E","1",",E","","","0",",E","0",",E","0",",E","18",",E","0",",E","20040911",",,E","","","20040925",",,E","20040915",",,E","3.6",",E,11,","","","36.4",",,E,25,","29.2",",E,15,","132.2","E","92.0",",E","66.8",",,,E","15.74",",E","21.37",",,,E","10.10",",,,E"
"BKM00014654","2004-10","43.8678","18.4228","630.0","SARAJEVO, BK","213.9","E","1.2",",E","9",",E","6",",E","0",",E","","","0",",E","0",",E","0",",E","19",",E","0",",E","20041018",",,E","","","20041016",",,E","20041022",",,E","4.6",",E,18,","","","10.5",",,E,16,","24.2",",E,22,","251.9","E","119.7",",E","50.7",",,,E","14.51",",E","20.19",",,,E","8.83",",,,E"
"BKM00014654","2004-11","43.8678","18.4228","630.0","SARAJEVO, BK","213.9","E","0.0",",E","11",",E","8",",E","3",",E","","","0",",E","17",",E","0",",E","2",",E","0",",E","20041122","+,,E","","","20041114",",,E","20041102",",,E","-9.6",",E,22,+","","","41.8",",,E,14,","24.0",",E,02,","659.8","E","407.9",",E","156.1",",,,E","4.74",",E","8.47",",,,E","1.00",",,,E"
"BKM00014654","2004-12","43.8678","18.4228","630.0","SARAJEVO, BK","213.9","E","0.0",",E","13",",E","10",",E","1",",E","","","0",",E","21",",E","9",",E","0",",E","0",",E","20041215",",,E","","","20041202",",,E","20041203",",,E","-6.6",",E,15,","","","26.8",",,E,02,","15.4",",E,03,","1150.8","E","491.0",",E","91.6",",,,E","2.50",",E","5.04",",,,E","-0.05",",,,E"
"BKM00014654","2005-01","43.8678","18.4228","630.0","SARAJEVO, BK","0.0","E","0.0",",E","13",",E","7",",E","0",",E","","","0",",E","31",",E","9",",E","0",",E","0",",E","20050118",",,E","","","20050126",",,E","20050121","+,,E","-9.8",",E,18,","","","17.3",",,E,26,","10.4",",E,21,+","1729.8","E","579.0",",E","63.5",",,,E","-0.35",",E","3.13",",,,E","-3.82",",,,E"
"BKM00014654","2005-02","43.8678","18.4228","630.0","SARAJEVO, BK","0.0","E","0.0",",E","16",",E","10",",E","2",",E","28",",","0",",E","27",",E","13",",E","0",",E","0",",E","20050208",",,E","20050215",",,S","20050223",",,E","20050212",",,E","-16.4",",E,08,","589",",,S,15,","56.1",",,E,23,","10.0",",E,12,","2314.6","E","584.8",",E","175.2",",,,E","-2.55",",E","1.02",",,,E","-6.13",",,,E"
"BKM00014654","2005-03","43.8678","18.4228","630.0","SARAJEVO, BK","0.0","E","0.0",",E","13",",E","6",",E","1",",E","","","0",",E","17",",E","5",",E","0",",E","0",",E","20050302",",,E","","","20050305",",,E","20050326",",,E","-16.8",",E,02,","","","39.8",",,E,05,","17.6",",E,26,","2778.1","E","463.5",",E","73.9",",,,E","3.38",",E","8.64",",,,E","-1.88",",,,E"
"BKM00014654","2005-04","43.8678","18.4228","630.0","SARAJEVO, BK","0.0","E","0.0",",E","11",",E","8",",E","0",",E","","","0",",E","3",",E","0",",E","2",",E","0",",E","20050403",",,E","","","20050422",",,E","20050427",",,E","-1.6",",E,03,","","","20.1",",,E,22,","22.5",",E,27,","3033.5","E","255.4",",E","70.2",",,,E","9.82",",E","15.47",",,,E","4.16",",,,E"
"BKM00014654","2005-05","43.8678","18.4228","630.0","SARAJEVO, BK","7.2","E","7.2",",E","13",",E","12",",E","0",",E","","","0",",E","0",",E","0",",E","17",",E","0",",E","20050509",",,E","","","20050506",",,E","20050503",",,E","0.5",",E,09,","","","21.6",",,E,06,","28.5",",E,03,","3138.2","E","104.7",",E","110.5",",,,E","15.19",",E","21.64",",,,E","8.74",",,,E"
"BKM00014654","2005-06","43.8678","18.4228","630.0","SARAJEVO, BK","42.9","E","35.7",",E","11",",E","8",",E","0",",E","","","0",",E","0",",E","0",",E","23",",E","0",",E","20050608",",,E","","","20050609",",,E","20050630",",,E","2.5",",E,08,","","","24.5",",,E,09,","31.6",",E,30,","3211.1","E","72.9",",E","78.7",",,,E","17.09",",E","23.35",",,,E","10.84",",,,E"
"BKM00014654","2005-07","43.8678","18.4228","630.0","SARAJEVO, BK","124.8","E","81.9",",E","13",",E","10",",E","1",",E","","","0",",E","0",",E","0",",E","28",",E","5",",E","20050705",",,E","","","20050703",",,E","20050731",",,E","10.8",",E,05,","","","30.9",",,E,03,","34.9",",E,31,","12.2","E","12.2",",E","108.8",",,,E","20.58",",E","27.11",",,,E","14.05",",,,E"
"BKM00014654","2005-08","43.8678","18.4228","630.0","SARAJEVO, BK","172.7","E","47.9",",E","16",",E","12",",E","1",",E","","","0",",E","0",",E","0",",E","26",",E","1",",E","20050809",",,E","","","20050805",",,E","20050802",",,E","5.5",",E,09,","","","45.4",",,E,05,","32.6",",E,02,","47.6","E","35.4",",E","140.8",",,,E","18.74",",E","24.39",",,,E","13.09",",,,E"
"BKM00014654","2005-09","43.8678","18.4228","630.0","SARAJEVO, BK","182.4","E","9.7",",E","13",",E","8",",E","1",",E","","","0",",E","0",",E","0",",E","18",",E","0",",E","20050930",",,E","","","20050919",",,E","20050909",",,E","6.8",",E,30,","","","47.8",",,E,19,","27.8",",E,09,","126.6","E","79.0",",E","102.4",",,,E","16.03",",E","20.98",",,,E","11.07",",,,E"
"BKM00014654","2005-10","43.8678","18.4228","630.0","SARAJEVO, BK","182.4","E","0.0",",E","8",",E","3",",E","0",",E","","","0",",E","2",",E","0",",E","6",",E","0",",E","20051019",",,E","","","20051001",",,E","20051026","+,,E","-1.0",",E,19,","","","14.5",",,E,01,","23.0",",E,26,+","329.1","E","202.5",",E","27.8",",,,E","11.80",",E","16.65",",,,E","6.95",",,,E"
"BKM00014654","2005-11","43.8678","18.4228","630.0","SARAJEVO, BK","182.4","E","0.0",",E","15",",E","7",",E","0",",E","","","0",",E","12",",E","3",",E","0",",E","0",",E","20051121",",,E","","","20051129",",,E","20051105",",,E","-5.5",",E,21,","","","16.6",",,E,29,","17.4",",E,05,","727.6","E","398.5",",E","67.0",",,,E","5.05",",E","8.58",",,,E","1.52",",,,E"
"BKM00014654","2005-12","43.8678","18.4228","630.0","SARAJEVO, BK","182.4","E","0.0",",E","21",",E","13",",E","0",",E","","","0",",E","21",",E","6",",E","0",",E","0",",E","20051219",",,E","","","20051207",",,E","20051204",",,E","-10.6",",E,19,","","","24.1",",,E,07,","12.9",",E,04,","1256.6","E","529.0",",E","133.7",",,,E","1.27",",E","4.27",",,,E","-1.73",",,,E"
"BKM00014654","2006-01","43.8678","18.4228","630.0","SARAJEVO, BK","0.0","E","0.0",",E","11",",E","5",",E","0",",E","20","4,","1",",E","26",",E","13",",E","0",",E","0",",E","20060125",",,E","20060101",",4,S","20060119",",,E","20060101",",,E","-18.3",",E,25,","99","4,,S,01,","13.5",",,E,19,","11.6",",E,01,","1873.4","E","616.8",",E","36.1",",,,E","-1.56",",E","1.54",",,,E","-4.67",",,,E"
"BKM00014654","2006-02","43.8678","18.4228","630.0","SARAJEVO, BK","0.0","E","0.0",",E","14",",E","8",",E","0",",E","","","0",",E","19",",E","7",",E","0",",E","0",",E","20060207",",,E","","","20060224",",,E","20060219",",,E","-12.2",",E,07,","","","7.5",",,E,24,","15.5",",E,19,","2355.7","E","482.3",",E","54.5",",,,E","1.11",",E","4.82",",,,E","-2.61",",,,E"
"BKM00014654","2006-03","43.8678","18.4228","630.0","SARAJEVO, BK","0.0","E","0.0",",E","16",",E","11",",E","0",",E","","","0",",E","17",",E","3",",E","0",",E","0",",E","20060309",",,E","","","20060323",",,E","20060327",",,E","-8.6",",E,09,","","","21.5",",,E,23,","21.0",",E,27,","2781.3","E","425.6",",E","134.6",",,,E","4.60",",E","9.09",",,,E","0.11",",,,E"
"BKM00014654","2006-04","43.8678","18.4228","630.0","SARAJEVO, BK","0.0","E","0.0",",E","16",",E","9",",E","0",",E","","","0",",E","1",",E","0",",E","5",",E","0",",E","20060407",",,E","","","20060407",",,E","20060425",",,E","0.0",",E,07,","","","13.8",",,E,07,","25.0",",E,25,","2992.1","E","210.8",",E","76.7",",,,E","11.31",",E","16.53",",,,E","6.08",",,,E"
"BKM00014654","2006-05","43.8678","18.4228","630.0","SARAJEVO, BK","15.3","E","15.3",",E","13",",E","7",",E","0",",E","","","0",",E","0",",E","0",",E","16",",E","0",",E","20060505",",,E","","","20060503",",,E","20060523",",,E","3.0",",E,05,","","","13.2",",,E,03,","32.0",",E,23,","3106.3","E","114.2",",E","59.7",",,,E","15.14",",E","21.82",",,,E","8.46",",,,E"
"BKM00014654","2006-06","43.8678","18.4228","630.0","SARAJEVO, BK","98.3","E","83.0",",E","17",",E","8",",E","0",",E","","","0",",E","0",",E","0",",E","17",",E","7",",E","20060610",",,E","","","20060608",",,E","20060629",",,E","4.6",",E,10,","","","18.5",",,E,08,","35.9",",E,29,","3202.4","E","96.1",",E","78.5",",,,E","17.90",",E","24.02",",,,E","11.77",",,,E"
"BKM00014654","2006-07","43.8678","18.4228","630.0","SARAJEVO, BK","172.1","E","73.8",",E","12",",E","8",",E","2",",E","","","0",",E","0",",E","0",",E","30",",E","2",",E","20060717",",,E","","","20060709",",,E","20060721",",,E","8.4",",E,17,","","","32.2",",,E,09,","32.6",",E,21,","8.2","E","8.2",",E","116.2",",,,E","20.45",",E","26.95",",,,E","13.95",",,,E"
"BKM00014654","2006-08","43.8678","18.4228","630.0","SARAJEVO, BK","228.8","E","56.7",",E","19",",E","13",",E","2",",E","","","0",",E","0",",E","0",",E","24",",E","4",",E","20060831",",,E","","","20060831",",,E","20060819",",,E","5.2",",E,31,","","","33.6",",,E,31,","34.0",",E,19,","40.1","E","31.9",",E","173.4",",,,E","19.13",",E","25.04",",,,E","13.23",",,,E"
"BKM00014654","2006-09","43.8678","18.4228","630.0","SARAJEVO, BK","241.8","E","13.0",",E","6",",E","5",",E","0",",E","","","0",",E","0",",E","0",",E","17",",E","0",",E","20060924",",,E","","","20060919",",,E","20060904",",,E","6.8",",E,24,","","","16.4",",,E,19,","30.5",",E,04,","100.1","E","60.0",",E","41.2",",,,E","16.77",",E","22.39",",,,E","11.14",",,,E"
"BKM00014654","2006-10","43.8678","18.4228","630.0","SARAJEVO, BK","247.2","E","5.4",",E","5",",E","4",",E","2",",E","","","0",",E","2",",E","0",",E","11",",E","0",",E","20061031",",,E","","","20061005",",,E","20061004",",,E","-2.5",",E,31,","","","35.4",",,E,05,","27.0",",E,04,","261.2","E","161.1",",E","80.6",",,,E","13.31",",E","19.25",",,,E","7.37",",,,E"
"BKM00014654","2006-11","43.8678","18.4228","630.0","SARAJEVO, BK","247.2","E","0.0",",E","9",",E","4",",E","0",",E","","","0",",E","10",",E","0",",E","0",",E","0",",E","20061103",",,E","","","20061123",",,E","20061108",",,E","-5.4",",E,03,","","","16.9",",,E,23,","18.0",",E,08,","637.6","E","376.4",",E","45.5",",,,E","5.79",",E","10.32",",,,E","1.25",",,,E"
"BKM00014654","2006-12","43.8678","18.4228","630.0","SARAJEVO, BK","247.2","E","0.0",",E","7",",E","6",",E","1",",E","","","0",",E","21",",E","9",",E","0",",E","0",",E","20061229",",,E","","","20061219",",,E","20061208",",,E","-9.4",",E,29,","","","32.5",",,E,19,","14.9",",E,08,","1157.1","E","519.5",",E","63.9",",,,E","1.57",",E","4.29",",,,E","-1.14",",,,E"
"BKM00014654","2007-01","43.8678","18.4228","630.0","SARAJEVO, BK","0.0","E","0.0",",E","12",",E","7",",E","1",",E","","","0",",E","15",",E","0",",E","0",",E","0",",E","20070128",",,E","","","20070103",",,E","20070121",",,E","-4.2",",E,28,","","","45.0",",,E,03,","18.2",",E,21,","1557.7","E","400.6",",E","83.4",",,,E","5.41",",E","9.68",",,,E","1.14",",,,E"
"BKM00014654","2007-02","43.8678","18.4228","630.0","SARAJEVO, BK","0.0","E","0.0",",E","14",",E","4",",E","0",",E","","","0",",E","6",",E","0",",E","0",",E","0",",E","20070206",",,E","","","20070227",",,E","20070221",",,E","-3.6",",E,06,","","","18.2",",,E,27,","16.6",",E,21,","1898.4","E","340.7",",E","47.8",",,,E","6.16",",E","10.05",",,,E","2.28",",,,E"
"BKM00014654","2007-03","43.8678","18.4228","630.0","SARAJEVO, BK","0.0","E","0.0",",E","14",",E","7",",E","0",",E","","","0",",E","3",",E","0",",E","0",",E","0",",E","20070322",",,E","","","20070323",",,E","20070306",",,E","-1.4",",E,22,","","","20.6",",,E,23,","20.4",",E,06,","2217.7","E","319.3",",E","79.1",",,,E","8.03",",E","12.30",",,,E","3.76",",,,E"
"BKM00014654","2007-04","43.8678","18.4228","630.0","SARAJEVO, BK","0.0","E","0.0",",E","7",",E","2",",E","0",",E","","","0",",E","1",",E","0",",E","13",",E","0",",E","20070406",",,E","","","20070426",",,E","20070423","+,,E","-0.4",",E,06,","","","8.9",",,E,26,","25.0",",E,23,+","2394.5","E","176.8",",E","19.4",",,,E","12.44",",E","19.82",",,,E","5.06",",,,E"
"BKM00014654","2007-05","43.8678","18.4228","630.0","SARAJEVO, BK","17.3","E","17.3",",E","16",",E","11",",E","0",",E","","","0",",E","0",",E","0",",E","17",",E","0",",E","20070502",",,E","","","20070519",",,E","20070514",",,E","4.0",",E,02,","","","19.9",",,E,19,","29.7",",E,14,","2468.7","E","74.2",",E","108.9",",,,E","16.50",",E","22.41",",,,E","10.58",",,,E"
"BKM00014654","2007-06","43.8678","18.4228","630.0","SARAJEVO, BK","100.6","E","83.3",",E","11",",E","8",",E","0",",E","","","0",",E","0",",E","0",",E","28",",E","6",",E","20070601",",,E","","","20070604",",,E","20070625",",,E","7.1",",E,01,","","","17.8",",,E,04,","35.6",",E,25,","2480.5","E","11.8",",E","58.2",",,,E","20.72",",E","27.28",",,,E","14.15",",,,E"
"BKM00014654","2007-07","43.8678","18.4228","630.0","SARAJEVO, BK","248.6","E","148.0",",E","6",",E","4",",E","0",",E","","","0",",E","0",",E","0",",E","29",",E","15",",E","20070706",",,E","","","20070711","+,,E","20070724","+,,E","7.8",",E,06,","","","20.1",",,E,11,+","38.0",",E,24,+","15.4","E","15.4",",E","67.1",",,,E","22.61",",E","30.75",",,,E","14.47",",,,E"
"BKM00014654","2007-08","43.8678","18.4228","630.0","SARAJEVO, BK","386.2","E","137.6",",E","7",",E","3",",E","0",",E","","","0",",E","0",",E","0",",E","29",",E","9",",E","20070802",",,E","","","20070804",",,E","20070823",",,E","9.0",",E,02,","","","13.2",",,E,04,","38.8",",E,23,","24.8","E","9.4",",E","25.3",",,,E","22.47",",E","29.63",",,,E","15.30",",,,E"
"BKM00014654","2007-09","43.8678","18.4228","630.0","SARAJEVO, BK","389.9","E","3.7",",E","15",",E","12",",E","1",",E","","","0",",E","0",",E","0",",E","15",",E","0",",E","20070922",",,E","","","20070905",",,E","20070918",",,E","3.8",",E,22,","","","50.1",",,E,05,","28.0",",E,18,","150.6","E","125.8",",E","145.5",",,,E","14.26",",E","20.05",",,,E","8.48",",,,E"
"BKM00014654","2007-10","43.8678","18.4228","630.0","SARAJEVO, BK","389.9","E","0.0",",E","20",",E","13",",E","0",",E","","","0",",E","2",",E","0",",E","5",",E","0",",E","20071015",",,E","","","20071011",",,E","20071004",",,E","-1.4",",E,15,","","","19.4",",,E,11,","24.5",",E,04,","418.0","E","267.4",",E","138.7",",,,E","9.71",",E","13.68",",,,E","5.74",",,,E"
"BKM00014654","2007-11","43.8678","18.4228","630.0","SARAJEVO, BK","389.9","E","0.0",",E","16",",E","9",",E","2",",E","","","0",",E","18",",E","3",",E","0",",E","0",",E","20071129",",,E","","","20071101",",,E","20071125",",,E","-5.5",",E,29,","","","51.2",",,E,01,","13.5",",E,25,","877.5","E","459.5",",E","171.6",",,,E","3.02",",E","6.39",",,,E","-0.35",",,,E"
"BKM00014654","2007-12","43.8678","18.4228","630.0","SARAJEVO, BK","389.9","E","0.0",",E","12",",E","5",",E","0",",E","","","0",",E","24",",E","17",",E","0",",E","0",",E","20071216",",,E","","","20071204",",,E","20071203",",,E","-9.8",",E,16,","","","20.4",",,E,04,","11.8",",E,03,","1478.5","E","601.0",",E","51.2",",,,E","-1.05",",E","1.17",",,,E","-3.28",",,,E"
"BKM00014654","2008-01","43.8678","18.4228","630.0","SARAJEVO, BK","0.0","E","0.0",",E","9",",E","5",",E","0",",E","","","0",",E","17",",E","4",",E","0",",E","0",",E","20080104",",,E","","","20080106",",,E","20080121",",,E","-12.4",",E,04,","","","7.2",",,E,06,","16.2",",E,21,","1973.1","E","494.6",",E","27.5",",,,E","2.38",",E","6.21",",,,E","-1.45",",,,E"
"BKM00014654","2008-02","43.8678","18.4228","630.0","SARAJEVO, BK","0.0","E","0.0",",E","7",",E","2",",E","0",",E","","","0",",E","12",",E","2",",E","1",",E","0",",E","20080218",",,E","","","20080208",",,E","20080225",",,E","-12.8",",E,18,","","","4.7",",,E,08,","21.4",",E,25,","2372.6","E","399.5",",E","14.1",",,,E","4.56",",E","9.49",",,,E","-0.38",",,,E"
"BKM00014654","2008-03","43.8678","18.4228","630.0","SARAJEVO, BK","0.0","E","0.0",",E","17",",E","13",",E","0",",E","","","0",",E","10",",E","0",",E","0",",E","0",",E","20080326",",,E","","","20080306",",,E","20080303",",,E","-4.2",",E,26,","","","24.7",",,E,06,","20.6",",E,03,","2736.1","E","363.5",",E","138.3",",,,E","6.61",",E","11.78",",,,E","1.43",",,,E"
"BKM00014654","2008-04","43.8678","18.4228","630.0","SARAJEVO, BK","0.0","E","0.0",",E","19",",E","8",",E","0",",E","","","0",",E","0",",E","0",",E","2",",E","0",",E","20080403",",,E","","","20080413",",,E","20080421",",,E","1.2",",E,03,","","","10.0",",,E,13,","25.2",",E,21,","2957.5","E","221.4",",E","60.7",",,,E","10.95",",E","15.68",",,,E","6.23",",,,E"
"BKM00014654","2008-05","43.8678","18.4228","630.0","SARAJEVO, BK","26.1","E","26.1",",E","8",",E","4",",E","1",",E","","","0",",E","0",",E","0",",E","19",",E","3",",E","20080508",",,E","","","20080506",",,E","20080529",",,E","3.8",",E,08,","","","27.8",",,E,06,","33.2",",E,29,","3057.3","E","99.8",",E","56.8",",,,E","15.95",",E","22.65",",,,E","9.26",",,,E"
"BKM00014654","2008-06","43.8678","18.4228","630.0","SARAJEVO, BK","93.1","E","67.0",",E","14",",E","7",",E","0",",E","","","0",",E","0",",E","0",",E","26",",E","5",",E","20080607",",,E","","","20080628",",,E","20080624",",,E","9.0",",E,07,","","","24.5",",,E,28,","33.8",",E,24,","3079.3","E","22.0",",E","84.2",",,,E","19.83",",E","26.22",",,,E","13.45",",,,E"
"BKM00014654","2008-07","43.8678","18.4228","630.0","SARAJEVO, BK","200.4","E","107.3",",E","12",",E","8",",E","1",",E","","","0",",E","0",",E","0",",E","27",",E","6",",E","20080723",",,E","","","20080725",",,E","20080713",",,E","9.6",",E,23,","","","33.7",",,E,25,","34.2",",E,13,","20.2","E","20.2",",E","100.6",",,,E","21.14",",E","27.43",",,,E","14.85",",,,E"
"BKM00014654","2008-08","43.8678","18.4228","630.0","SARAJEVO, BK","309.9","E","109.5",",E","5",",E","3",",E","0",",E","","","0",",E","0",",E","0",",E","30",",E","10",",E","20080811",",,E","","","20080802",",,E","20080815",",,E","8.6",",E,11,","","","22.6",",,E,02,","36.6",",E,15,","22.6","E","2.4",",E","40.9",",,,E","21.79",",E","29.19",",,,E","14.39",",,,E"
"BKM00014654","2008-09","43.8678","18.4228","630.0","SARAJEVO, BK","360.0","E","50.1",",E","8",",E","6",",E","2",",E","","","0",",E","0",",E","0",",E","13",",E","2",",E","20080919",",,E","","","20080916",",,E","20080907","+,,E","1.8",",E,19,","","","27.3",",,E,16,","34.6",",E,07,+","176.8","E","154.2",",E","85.1",",,,E","14.86",",E","20.11",",,,E","9.62",",,,E"
"BKM00014654","2008-10","43.8678","18.4228","630.0","SARAJEVO, BK","360.0","E","0.0",",E","9",",E","4",",E","0",",E","","","0",",E","0",",E","0",",E","6",",E","0",",E","20081006",",,E","","","20081029",",,E","20081016",",,E","1.2",",E,06,","","","23.2",",,E,29,","23.4",",E,16,","344.7","E","167.9",",E","59.8",",,,E","12.92",",E","18.72",",,,E","7.11",",,,E"
"BKM00014654","2008-11","43.8678","18.4228","630.0","SARAJEVO, BK","360.4","E","0.4",",E","9",",E","5",",E","1",",E","","","0",",E","8",",E","0",",E","5",",E","0",",E","20081127","+,,E","","","20081126",",,E","20081105",",,E","-8.4",",E,27,+","","","35.5",",,E,26,","23.7",",E,05,","659.2","E","314.5",",E","91.2",",,,E","7.86",",E","12.53",",,,E","3.19",",,,E"
"BKM00014654","2008-12","43.8678","18.4228","630.0","SARAJEVO, BK","360.4","E","0.0",",E","15",",E","7",",E","0",",E","","","0",",E","14",",E","4",",E","0",",E","0",",E","20081231",",,E","","","20081218",",,E","20081217",",,E","-9.8",",E,31,","","","21.6",",,E,18,","15.4",",E,17,","1114.5","E","455.3",",E","76.1",",,,E","3.65",",E","6.19",",,,E","1.10",",,,E"
"BKM00014654","2009-01","43.8678","18.4228","630.0","SARAJEVO, BK","0.0","E","0.0",",E","18",",E","7",",E","1",",E","","","0",",E","20",",E","12",",E","0",",E","0",",E","20090106",",,E","","","20090123",",,E","20090121","+,,E","-14.4",",E,06,","","","35.1",",,E,23,","13.0",",E,21,+","1694.2","E","579.7",",E","102.2",",,,E","-0.37",",E","2.38",",,,E","-3.12",",,,E"
"BKM00014654","2009-02","43.8678","18.4228","630.0","SARAJEVO, BK","0.0","E","0.0",",E","14",",E","9",",E","0",",E","","","0",",E","20",",E","5",",E","0",",E","0",",E","20090223",",,E","","","20090219",",,E","20090205",",,E","-11.6",",E,23,","","","15.9",",,E,19,","14.2",",E,05,","2162.6","E","468.4",",E","53.7",",,,E","1.61",",E","5.29",",,,E","-2.08",",,,E"
"BKM00014654","2009-03","43.8678","18.4228","630.0","SARAJEVO, BK","0.0","E","0.0",",E","17",",E","7",",E","0",",E","","","0",",E","14",",E","0",",E","0",",E","0",",E","20090326",",,E","","","20090310","+,,E","20090330",",,E","-4.6",",E,26,","","","16.2",",,E,10,+","20.0",",E,30,","2560.4","E","397.8",",E","83.6",",,,E","5.50",",E","9.31",",,,E","1.69",",,,E"
"BKM00014654","2009-04","43.8678","18.4228","630.0","SARAJEVO, BK","0.0","E","0.0",",E","14",",E","5",",E","0",",E","","","0",",E","0",",E","0",",E","9",",E","0",",E","20090415",",,E","","","20090404",",,E","20090401",",,E","3.5",",E,15,","","","17.1",",,E,04,","23.4",",E,01,","2721.4","E","161.0",",E","61.3",",,,E","12.97",",E","18.98",",,,E","6.95",",,,E"
"BKM00014654","2009-05","43.8678","18.4228","630.0","SARAJEVO, BK","30.6","E","30.6",",E","12",",E","5",",E","0",",E","","","0",",E","0",",E","0",",E","20",",E","0",",E","20090531",",,E","","","20090528",",,E","20090522",",,E","4.8",",E,31,","","","18.6",",,E,28,","30.8",",E,22,","2791.6","E","70.2",",E","63.5",",,,E","17.05",",E","23.77",",,,E","10.34",",,,E"
"BKM00014654","2009-06","43.8678","18.4228","630.0","SARAJEVO, BK","75.5","E","44.9",",E","16",",E","11",",E","1",",E","","","0",",E","0",",E","0",",E","23",",E","1",",E","20090614",",,E","","","20090602",",,E","20090616",",,E","8.7",",E,14,","","","58.7",",,E,02,","33.3",",E,16,","2831.3","E","39.7",",E","154.5",",,,E","18.51",",E","24.22",",,,E","12.80",",,,E"
"BKM00014654","2009-07","43.8678","18.4228","630.0","SARAJEVO, BK","177.8","E","102.3",",E","12",",E","8",",E","0",",E","","","0",",E","0",",E","0",",E","30",",E","6",",E","20090713",",,E","","","20090711",",,E","20090724",",,E","9.5",",E,13,","","","25.3",",,E,11,","36.1",",E,24,","5.7","E","5.7",",E","86.1",",,,E","21.45",",E","28.41",",,,E","14.49",",,,E"
"BKM00014654","2009-08","43.8678","18.4228","630.0","SARAJEVO, BK","279.0","E","101.2",",E","10",",E","6",",E","0",",E","","","0",",E","0",",E","0",",E","30",",E","6",",E","20090816",",,E","","","20090806",",,E","20090803",",,E","11.8",",E,16,","","","16.2",",,E,06,","34.0",",E,03,","8.3","E","2.6",",E","52.6",",,,E","21.51",",E","28.13",",,,E","14.90",",,,E"
"BKM00014654","2009-09","43.8678","18.4228","630.0","SARAJEVO, BK","296.7","E","17.7",",E","7",",E","4",",E","0",",E","","","0",",E","0",",E","0",",E","25",",E","0",",E","20090908",",,E","","","20090919",",,E","20090904",",,E","7.2",",E,08,","","","4.6",",,E,19,","31.5",",E,04,","42.5","E","34.2",",E","20.0",",,,E","17.78",",E","24.14",",,,E","11.42",",,,E"
"BKM00014654","2009-10","43.8678","18.4228","630.0","SARAJEVO, BK","297.3","E","0.6",",E","14",",E","10",",E","1",",E","","","0",",E","4",",E","0",",E","7",",E","0",",E","20091015",",,E","","","20091013",",,E","20091008",",,E","-3.0",",E,15,","","","60.4",",,E,13,","27.2",",E,08,","300.7","E","258.2",",E","171.5",",,,E","10.02",",E","14.68",",,,E","5.36",",,,E"
"BKM00014654","2009-11","43.8678","18.4228","630.0","SARAJEVO, BK","297.3","E","0.0",",E","10",",E","7",",E","1",",E","","","0",",E","4",",E","0",",E","0",",E","0",",E","20091102",",,E","","","20091107",",,E","20091126",",,E","-3.4",",E,02,","","","33.3",",,E,07,","19.2",",E,26,","585.6","E","284.9",",E","64.1",",,,E","8.84",",E","13.93",",,,E","3.74",",,,E"
"BKM00014654","2009-12","43.8678","18.4228","630.0","SARAJEVO, BK","297.3","E","0.0",",E","18",",E","10",",E","1",",E","","","0",",E","12",",E","5",",E","0",",E","0",",E","20091221",",,E","","","20091202",",,E","20091231",",,E","-16.0",",E,21,","","","36.7",",,E,02,","17.8",",E,31,","1046.9","E","461.3",",E","144.9",",,,E","3.45",",E","6.53",",,,E","0.37",",,,E"
"BKM00014654","2010-01","43.8678","18.4228","630.0","SARAJEVO, BK","0.0","E","0.0",",E","18",",E","12",",E","2",",E","","","0",",E","21",",E","9",",E","0",",E","0",",E","20100128",",,E","","","20100106",",,E","20100108",",,E","-11.4",",E,28,","","","34.0",",,E,06,","15.4",",E,08,","1597.4","E","550.5",",E","161.3",",,,E","0.58",",E","3.22",",,,E","-2.07",",,,E"
"BKM00014654","2010-02","43.8678","18.4228","630.0","SARAJEVO, BK","0.0","E","0.0",",E","18",",E","9",",E","0",",E","","","0",",E","18",",E","3",",E","0",",E","0",",E","20100202",",,E","","","20100213",",,E","20100220",",,E","-13.5",",E,02,","","","17.2",",,E,13,","14.2",",E,20,","2057.8","E","460.4",",E","95.9",",,,E","1.89",",E","5.71",",,,E","-1.93",",,,E"
"BKM00014654","2010-03","43.8678","18.4228","630.0","SARAJEVO, BK","0.0","E","0.0",",E","12",",E","7",",E","0",",E","","","0",",E","14",",E","2",",E","1",",E","0",",E","20100307",",,E","","","20100305",",,E","20100326",",,E","-9.5",",E,07,","","","14.9",",,E,05,","22.4",",E,26,","2449.1","E","391.3",",E","63.1",",,,E","5.71",",E","10.22",",,,E","1.20",",,,E"
"BKM00014654","2010-04","43.8678","18.4228","630.0","SARAJEVO, BK","0.0","E","0.0",",E","16",",E","10",",E","0",",E","","","0",",E","0",",E","0",",E","3",",E","0",",E","20100408",",,E","","","20100419",",,E","20100430",",,E","1.4",",E,08,","","","12.0",",,E,19,","25.2",",E,30,","2671.7","E","222.6",",E","59.1",",,,E","10.91",",E","16.07",",,,E","5.75",",,,E"
"BKM00014654","2010-05","43.8678","18.4228","630.0","SARAJEVO, BK","4.8","E","4.8",",E","12",",E","8",",E","1",",E","","","0",",E","0",",E","0",",E","15",",E","0",",E","20100518",",,E","","","20100516",",,E","20100527","+,,E","5.6",",E,18,","","","38.6",",,E,16,","28.0",",E,27,+","2785.4","E","113.7",",E","93.2",",,,E","14.82",",E","20.07",",,,E","9.56",",,,E"
"BKM00014654","2010-06","43.8678","18.4228","630.0","SARAJEVO, BK","75.7","E","70.9",",E","16",",E","10",",E","2",",E","","","0",",E","0",",E","0",",E","18",",E","3",",E","20100601",",,E","","","20100601",",,E","20100612",",,E","5.7",",E,01,","","","51.5",",,E,01,","34.4",",E,12,","2846.3","E","60.9",",E","181.5",",,,E","18.67",",E","24.18",",,,E","13.15",",,,E"
"BKM00014654","2010-07","43.8678","18.4228","630.0","SARAJEVO, BK","184.0","E","108.3",",E","8",",E","2",",E","0",",E","","","0",",E","0",",E","0",",E","29",",E","6",",E","20100708",",,E","","","20100707",",,E","20100717",",,E","9.4",",E,08,","","","13.6",",,E,07,","34.9",",E,17,","11.0","E","11.0",",E","29.2",",,,E","21.47",",E","27.88",",,,E","15.06",",,,E"
"BKM00014654","2010-08","43.8678","18.4228","630.0","SARAJEVO, BK","327.2","E","143.2",",E","5",",E","2",",E","1",",E","","","0",",E","0",",E","0",",E","29",",E","13",",E","20100830",",,E","","","20100831",",,E","20100827",",,E","7.4",",E,30,","","","29.0",",,E,31,","36.8",",E,27,","22.4","E","11.4",",E","44.2",",,,E","22.58",",E","30.27",",,,E","14.90",",,,E"
"BKM00014654","2010-09","43.8678","18.4228","630.0","SARAJEVO, BK","337.2","E","10.0",",E","12",",E","6",",E","2",",E","","","0",",E","0",",E","0",",E","18",",E","0",",E","20100902",",,E","","","20100911",",,E","20100918",",,E","4.5",",E,02,","","","31.9",",,E,11,","27.9",",E,18,","104.3","E","81.9",",E","126.4",",,,E","15.94",",E","21.71",",,,E","10.16",",,,E"
"BKM00014654","2010-10","43.8678","18.4228","630.0","SARAJEVO, BK","337.2","E","0.0",",E","11",",E","10",",E","0",",E","","","0",",E","3",",E","0",",E","1",",E","0",",E","20101030",",,E","","","20101015",",,E","20101006",",,E","-1.8",",E,30,","","","14.0",",,E,15,","23.3",",E,06,","374.3","E","270.0",",E","81.1",",,,E","9.62",",E","14.33",",,,E","4.92",",,,E"
"BKM00014654","2010-11","43.8678","18.4228","630.0","SARAJEVO, BK","337.2","E","0.0",",E","16",",E","13",",E","1",",E","","","0",",E","0",",E","0",",E","5",",E","0",",E","20101128",",,E","","","20101123",",,E","20101105",",,E","0.4",",E,28,","","","43.4",",,E,23,","22.8",",E,05,","610.2","E","235.9",",E","139.4",",,,E","10.47",",E","15.14",",,,E","5.80",",,,E"
"BKM00014654","2010-12","43.8678","18.4228","630.0","SARAJEVO, BK","337.2","E","0.0",",E","17",",E","12",",E","1",",E","","","0",",E","19",",E","12",",E","0",",E","0",",E","20101228","+,,E","","","20101201",",,E","20101201",",,E","-10.5",",E,28,+","","","30.1",",,E,01,","16.4",",E,01,","1129.2","E","519.0",",E","112.7",",,,E","1.59",",E","5.05",",,,E","-1.86",",,,E"
"BKM00014654","2011-01","43.8678","18.4228","630.0","SARAJEVO, BK","0.0","E","0.0",",E","12",",E","4",",E","0",",E","","","0",",E","23",",E","9",",E","0",",E","0",",E","20110125",",,E","","","20110122",",,E","20110109",",,E","-9.9",",E,25,","","","15.1",",,E,22,","13.9",",E,09,","1675.6","E","546.4",",E","37.9",",,,E","0.71",",E","4.16",",,,E","-2.74",",,,E"
"BKM00014654","2011-02","43.8678","18.4228","630.0","SARAJEVO, BK","0.0","E","0.0",",E","8",",E","6",",E","0",",E","","","0",",E","20",",E","7",",E","0",",E","0",",E","20110202",",,E","","","20110222",",,E","20110211",",,E","-10.2",",E,02,","","","7.5",",,E,22,","14.4",",E,11,","2149.4","E","473.8",",E","35.9",",,,E","1.41",",E","5.92",",,,E","-3.10",",,,E"
"BKM00014654","2011-03","43.8678","18.4228","630.0","SARAJEVO, BK","0.0","E","0.0",",E","11",",E","6",",E","0",",E","","","0",",E","13",",E","2",",E","1",",E","0",",E","20110309",",,E","","","20110302",",,E","20110325",",,E","-10.3",",E,09,","","","12.4",",,E,02,","22.5",",E,25,","2537.8","E","388.4",",E","40.7",",,,E","5.80",",E","10.80",",,,E","0.81",",,,E"
"BKM00014654","2011-04","43.8678","18.4228","630.0","SARAJEVO, BK","0.0","E","0.0",",E","6",",E","2",",E","0",",E","","","0",",E","0",",E","0",",E","9",",E","0",",E","20110414",",,E","","","20110413",",,E","20110423",",,E","0.1",",E,14,","","","14.2",",,E,13,","24.9",",E,23,","2735.0","E","197.2",",E","32.7",",,,E","11.76",",E","18.00",",,,E","5.52",",,,E"
"BKM00014654","2011-05","43.8678","18.4228","630.0","SARAJEVO, BK","8.0","E","8.0",",E","16",",E","10",",E","0",",E","","","0",",E","0",",E","0",",E","16",",E","0",",E","20110506",",,E","","","20110516",",,E","20110527",",,E","0.8",",E,06,","","","23.9",",,E,16,","29.8",",E,27,","2858.4","E","123.4",",E","103.6",",,,E","14.61",",E","20.79",",,,E","8.44",",,,E"
"BKM00014654","2011-06","43.8678","18.4228","630.0","SARAJEVO, BK","56.2","E","48.2",",E","12",",E","5",",E","0",",E","","","0",",E","0",",E","0",",E","25",",E","2",",E","20110626",",,E","","","20110602",",,E","20110622",",,E","7.6",",E,26,","","","21.4",",,E,02,","33.2",",E,22,","2877.1","E","18.7",",E","76.3",",,,E","19.31",",E","25.72",",,,E","12.91",",,,E"
"BKM00014654","2011-07","43.8678","18.4228","630.0","SARAJEVO, BK","164.3","E","108.1",",E","13",",E","10",",E","1",",E","","","0",",E","0",",E","0",",E","27",",E","10",",E","20110703",",,E","","","20110730",",,E","20110714",",,E","9.1",",E,03,","","","42.9",",,E,30,","37.9",",E,14,","19.1","E","19.1",",E","134.4",",,,E","21.20",",E","27.92",",,,E","14.48",",,,E"
"BKM00014654","2011-08","43.8678","18.4228","630.0","SARAJEVO, BK","302.0","E","137.7",",E","3",",E","1",",E","0",",E","","","0",",E","0",",E","0",",E","30",",E","12",",E","20110812","+,,E","","","20110805",",,E","20110825",",,E","8.9",",E,12,+","","","2.5",",,E,05,","37.5",",E,25,","23.7","E","4.6",",E","4.8",",,,E","22.63",",E","30.48",",,,E","14.77",",,,E"
"BKM00014654","2011-09","43.8678","18.4228","630.0","SARAJEVO, BK","385.1","E","83.1",",E","5",",E","4",",E","0",",E","","","0",",E","0",",E","0",",E","28",",E","9",",E","20110930",",,E","","","20110921",",,E","20110911",",,E","6.7",",E,30,","","","25.0",",,E,21,","34.5",",E,11,","46.4","E","22.7",",E","38.9",",,,E","20.35",",E","28.06",",,,E","12.63",",,,E"
"BKM00014654","2011-10","43.8678","18.4228","630.0","SARAJEVO, BK","385.1","E","0.0",",E","10",",E","6",",E","0",",E","","","0",",E","2",",E","0",",E","7",",E","0",",E","20111017",",,E","","","20111008",",,E","20111006",",,E","-3.1",",E,17,","","","23.2",",,E,08,","26.0",",E,06,","302.8","E","256.4",",E","68.9",",,,E","10.06",",E","15.17",",,,E","4.95",",,,E"
"BKM00014654","2011-11","43.8678","18.4228","630.0","SARAJEVO, BK","385.1","E","0.0",",E","5",",E","3",",E","0",",E","","","0",",E","18",",E","0",",E","0",",E","0",",E","20111121",",,E","","","20111124",",,E","20111106",",,E","-5.1",",E,21,","","","15.5",",,E,24,","19.3",",E,06,","725.4","E","422.6",",E","24.0",",,,E","4.25",",E","8.62",",,,E","-0.13",",,,E"
"BKM00014654","2011-12","43.8678","18.4228","630.0","SARAJEVO, BK","385.1","E","0.0",",E","16",",E","8",",E","0",",E","","","0",",E","20",",E","6",",E","0",",E","0",",E","20111228",",,E","","","20111220",",,E","20111215",",,E","-8.9",",E,28,","","","20.3",",,E,20,","13.5",",E,15,","1218.4","E","493.0",",E","93.9",",,,E","2.43",",E","5.59",",,,E","-0.74",",,,E"
"BKM00014654","2012-01","43.8678","18.4228","630.0","SARAJEVO, BK","0.0","E","0.0",",E","17",",E","9",",E","0",",E","29",",","0",",E","29",",E","10",",E","0",",E","0",",E","20120131",",,E","20120126",",,S","20120125",",,E","20120120",",,E","-14.3",",E,31,","320",",,S,26,","17.1",",,E,25,","9.1",",E,20,","1820.1","E","601.7",",E","81.3",",,,E","-1.08",",E","1.97",",,,E","-4.13",",,,E"
"BKM00014654","2012-02","43.8678","18.4228","630.0","SARAJEVO, BK","0.0","E","0.0",",E","17",",E","12",",E","1",",E","29",",","1",",E","26",",E","14",",E","0",",E","0",",E","20120209",",,E","20120204",",,S","20120204",",,E","20120225",",,E","-19.0",",E,09,","1100",",,S,04,","65.7",",,E,04,","11.1",",E,25,","2480.8","E","660.7",",E","143.6",",,,E","-4.45",",E","-0.88",",,,E","-8.02",",,,E"
"BKM00014654","2012-03","43.8678","18.4228","630.0","SARAJEVO, BK","0.0","E","0.0",",E","4",",E","2",",E","0",",E","","","0",",E","8",",E","0",",E","3",",E","0",",E","20120308",",,E","","","20120301",",,E","20120322","+,,E","-5.5",",E,08,","","","5.6",",,E,01,","21.8",",E,22,+","2804.5","E","323.7",",E","13.0",",,,E","7.89",",E","14.14",",,,E","1.65",",,,E"
"BKM00014654","2012-04","43.8678","18.4228","630.0","SARAJEVO, BK","4.0","E","4.0",",E","18",",E","14",",E","0",",E","","","0",",E","3",",E","0",",E","6",",E","0",",E","20120410","+,,E","","","20120408",",,E","20120430",",,E","-3.7",",E,10,+","","","16.1",",,E,08,","29.4",",E,30,","3035.8","E","231.3",",E","116.9",",,,E","10.76",",E","16.44",",,,E","5.07",",,,E"
"BKM00014654","2012-05","43.8678","18.4228","630.0","SARAJEVO, BK","11.4","E","7.4",",E","14",",E","11",",E","1",",E","","","0",",E","0",",E","0",",E","16",",E","0",",E","20120514",",,E","","","20120514",",,E","20120501",",,E","0.3",",E,14,","","","39.2",",,E,14,","30.3",",E,01,","3175.5","E","139.7",",E","144.9",",,,E","14.07",",E","20.44",",,,E","7.70",",,,E"
"BKM00014654","2012-06","43.8678","18.4228","630.0","SARAJEVO, BK","122.3","E","110.9",",E","3",",E","2",",E","0",",E","","","0",",E","0",",E","0",",E","29",",E","9",",E","20120606",",,E","","","20120606",",,E","20120630",",,E","8.6",",E,06,","","","5.9",",,E,06,","35.3",",E,30,","3182.7","E","7.2",",E","11.8",",,,E","21.79",",E","29.25",",,,E","14.33",",,,E"
"BKM00014654","2012-07","43.8678","18.4228","630.0","SARAJEVO, BK","298.3","E","176.0",",E","8",",E","3",",E","0",",E","","","0",",E","0",",E","0",",E","31",",E","19",",E","20120717",",,E","","","20120725",",,E","20120729",",,E","10.0",",E,17,","","","13.5",",,E,25,","37.0",",E,29,","0.1","E","0.1",",E","37.3",",,,E","24.01",",E","31.97",",,,E","16.05",",,,E"
"BKM00014654","2012-08","43.8678","18.4228","630.0","SARAJEVO, BK","464.5","E","166.2",",E","2",",E","1",",E","1",",E","","","0",",E","0",",E","0",",E","31",",E","19",",E","20120813",",,E","","","20120817",",,E","20120806",",,E","9.8",",E,13,","","","26.5",",,E,17,","38.3",",E,06,","0.1","E","0.0",",E","28.1",",,,E","23.69",",E","32.44",",,,E","14.95",",,,E"
"BKM00014654","2012-09","43.8678","18.4228","630.0","SARAJEVO, BK","530.1","E","65.6",",E","7",",E","5",",E","1",",E","","","0",",E","0",",E","0",",E","24",",E","3",",E","20120922",",,E","","","20120914",",,E","20120901",",,E","3.5",",E,22,","","","56.7",",,E,14,","34.8",",E,01,","40.2","E","40.1",",E","89.9",",,,E","19.19",",E","26.18",",,,E","12.19",",,,E"
"BKM00014654","2012-10","43.8678","18.4228","630.0","SARAJEVO, BK","534.7","E","4.6",",E","14",",E","8",",E","0",",E","","","0",",E","2",",E","0",",E","12",",E","0",",E","20121031",",,E","","","20121013",",,E","20121001",",,E","-1.2",",E,31,","","","19.8",",,E,13,","27.9",",E,01,","206.8","E","166.6",",E","91.0",",,,E","13.11",",E","18.83",",,,E","7.38",",,,E"
"BKM00014654","2012-11","43.8678","18.4228","630.0","SARAJEVO, BK","534.7","E","0.0",",E","6",",E","3",",E","0",",E","","","0",",E","2",",E","0",",E","0",",E","0",",E","20121108",",,E","","","20121129",",,E","20121105",",,E","-1.4",",E,08,","","","15.4",",,E,29,","20.8",",E,05,","468.6","E","261.8",",E","35.7",",,,E","9.61",",E","13.47",",,,E","5.74",",,,E"
"BKM00014654","2012-12","43.8678","18.4228","630.0","SARAJEVO, BK","534.7","E","0.0",",E","18",",E","11",",E","0",",E","","","0",",E","22",",E","6",",E","0",",E","0",",E","20121210",",,E","","","20121229",",,E","20121225",",,E","-14.4",",E,10,","","","23.0",",,E,29,","13.4",",E,25,","1024.9","E","556.3",",E","134.6",",,,E","0.39",",E","3.51",",,,E","-2.73",",,,E"
"BKM00014654","2013-01","43.8678","18.4228","630.0","SARAJEVO, BK","0.0","E","0.0",",E","20",",E","12",",E","1",",E","","","0",",E","18",",E","1",",E","0",",E","0",",E","20130127",",,E","","","20130116",",,E","20130120",",,E","-7.9",",E,27,","","","29.6",",,E,16,","14.5",",E,20,","1520.5","E","495.6",",E","128.3",",,,E","2.35",",E","5.75",",,,E","-1.06",",,,E"
"BKM00014654","2013-02","43.8678","18.4228","630.0","SARAJEVO, BK","0.0","E","0.0",",E","20",",E","14",",E","0",",E","","","0",",E","14",",E","2",",E","0",",E","0",",E","20130211",",,E","","","20130225",",,E","20130202",",,E","-8.2",",E,11,","","","24.9",",,E,25,","13.3",",E,02,","1954.7","E","434.2",",E","131.9",",,,E","2.83",",E","6.07",",,,E","-0.42",",,,E"
"BKM00014654","2013-03","43.8678","18.4228","630.0","SARAJEVO, BK","0.0","E","0.0",",E","18",",E","10",",E","0",",E","","","0",",E","14",",E","1",",E","0",",E","0",",E","20130317",",,E","","","20130315",",,E","20130330",",,E","-10.9",",E,17,","","","14.6",",,E,15,","18.1",",E,30,","2336.9","E","382.2",",E","88.7",",,,E","6.00",",E","10.90",",,,E","1.11",",,,E"
"BKM00014654","2013-04","43.8678","18.4228","630.0","SARAJEVO, BK","7.6","E","7.6",",E","9",",E","6",",E","1",",E","","","0",",E","0",",E","0",",E","11",",E","0",",E","20130401",",,E","","","20130401",",,E","20130429",",,E","0.4",",E,01,","","","32.6",",,E,01,","29.2",",E,29,","2511.8","E","174.9",",E","64.2",",,,E","12.76",",E","19.08",",,,E","6.43",",,,E"
"BKM00014654","2013-05","43.8678","18.4228","630.0","SARAJEVO, BK","20.3","E","12.7",",E","17",",E","10",",E","2",",E","","","0",",E","0",",E","0",",E","19",",E","0",",E","20130514",",,E","","","20130524",",,E","20130501",",,E","2.8",",E,14,","","","27.8",",,E,24,","31.1",",E,01,","2604.8","E","93.0",",E","136.0",",,,E","15.74",",E","21.79",",,,E","9.69",",,,E"
"BKM00014654","2013-06","43.8678","18.4228","630.0","SARAJEVO, BK","82.6","E","62.3",",E","9",",E","5",",E","1",",E","","","0",",E","0",",E","0",",E","18",",E","6",",E","20130602",",,E","","","20130625",",,E","20130620",",,E","8.8",",E,02,","","","26.8",",,E,25,","34.7",",E,20,","2658.2","E","53.4",",E","63.5",",,,E","18.63",",E","24.33",",,,E","12.92",",,,E"
"BKM00014654","2013-07","43.8678","18.4228","630.0","SARAJEVO, BK","163.3","E","80.7",",E","7",",E","4",",E","0",",E","","","0",",E","0",",E","0",",E","31",",E","3",",E","20130701",",,E","","","20130709",",,E","20130729",",,E","8.3",",E,01,","","","12.8",",,E,09,","37.5",",E,29,","3.0","E","3.0",",E","27.3",",,,E","20.84",",E","27.88",",,,E","13.79",",,,E"
"BKM00014654","2013-08","43.8678","18.4228","630.0","SARAJEVO, BK","299.9","E","136.6",",E","10",",E","5",",E","0",",E","","","0",",E","0",",E","0",",E","30",",E","11",",E","20130831",",,E","","","20130828",",,E","20130808",",,E","9.4",",E,31,","","","14.4",",,E,28,","37.7",",E,08,","6.1","E","3.1",",E","38.4",",,,E","22.64",",E","30.05",",,,E","15.23",",,,E"
"BKM00014654","2013-09","43.8678","18.4228","630.0","SARAJEVO, BK","310.2","E","10.3",",E","8",",E","7",",E","1",",E","","","0",",E","0",",E","0",",E","20",",E","0",",E","20130918",",,E","","","20130911",",,E","20130908",",,E","3.7",",E,18,","","","26.8",",,E,11,","28.8",",E,08,","75.0","E","68.9",",E","77.4",",,,E","16.38",",E","23.19",",,,E","9.57",",,,E"
"BKM00014654","2013-10","43.8678","18.4228","630.0","SARAJEVO, BK","312.3","E","2.1",",E","8",",E","4",",E","0",",E","","","0",",E","2",",E","0",",E","17",",E","0",",E","20131004",",,E","","","20131001",",,E","20131023",",,E","-1.3",",E,04,","","","20.7",",,E,01,","28.4",",E,23,","208.2","E","133.2",",E","57.0",",,,E","14.10",",E","20.39",",,,E","7.82",",,,E"
"BKM00014654","2013-11","43.8678","18.4228","630.0","SARAJEVO, BK","312.3","E","0.0",",E","17",",E","6",",E","2",",E","","","0",",E","6",",E","4",",E","1",",E","0",",E","20131130",",,E","","","20131112",",,E","20131108",",,E","-6.9",",E,30,","","","39.8",",,E,12,","22.0",",E,08,","527.5","E","319.3",",E","113.0",",,,E","7.69",",E","10.89",",,,E","4.49",",,,E"
"BKM00014654","2013-12","43.8678","18.4228","630.0","SARAJEVO, BK","312.3","E","0.0",",E","5",",E","0",",E","0",",E","","","0",",E","24",",E","3",",E","0",",E","0",",E","20131219","+,,E","","","20131202",",,E","20131226",",,E","-7.0",",E,19,+","","","2.0",",,E,02,","13.3",",E,26,","1063.6","E","536.1",",E","6.0",",,,E","1.04",",E","4.52",",,,E","-2.44",",,,E"
"BKM00014654","2014-01","43.8678","18.4228","630.0","SARAJEVO, BK","0.0","E","0.0",",E","8",",E","5",",E","0",",E","","","0",",E","8",",E","2",",E","0",",E","0",",E","20140127","+,,E","","","20140125",",,E","20140111",",,E","-8.7",",E,27,+","","","12.4",",,E,25,","14.7",",E,11,","1464.1","E","400.5",",E","55.3",",,,E","5.41",",E","9.13",",,,E","1.70",",,,E"
"BKM00014654","2014-02","43.8678","18.4228","630.0","SARAJEVO, BK","0.0","E","0.0",",E","11",",E","3",",E","0",",E","","","0",",E","4",",E","0",",E","0",",E","0",",E","20140204",",,E","","","20140223",",,E","20140216",",,E","-3.0",",E,04,","","","8.0",",,E,23,","19.8",",E,16,","1741.8","E","277.7",",E","19.9",",,,E","8.41",",E","12.99",",,,E","3.84",",,,E"
"BKM00014654","2014-03","43.8678","18.4228","630.0","SARAJEVO, BK","0.0","E","0.0",",E","11",",E","7",",E","0",",E","","","0",",E","1",",E","0",",E","6",",E","0",",E","20140312",",,E","","","20140306",",,E","20140318",",,E","-0.7",",E,12,","","","24.1",",,E,06,","24.7",",E,18,","2034.5","E","292.7",",E","67.3",",,,E","8.89",",E","14.85",",,,E","2.94",",,,E"
"BKM00014654","2014-04","43.8678","18.4228","630.0","SARAJEVO, BK","0.0","E","0.0",",E","19",",E","14",",E","0",",E","","","0",",E","1",",E","0",",E","5",",E","0",",E","20140412",",,E","","","20140417",",,E","20140408",",,E","-0.6",",E,12,","","","19.9",",,E,17,","24.3",",E,08,","2255.4","E","220.9",",E","148.5",",,,E","10.97",",E","15.90",",,,E","6.03",",,,E"
"BKM00014654","2014-05","43.8678","18.4228","630.0","SARAJEVO, BK","8.3","E","8.3",",E","16",",E","9",",E","2",",E","","","0",",E","0",",E","0",",E","15",",E","0",",E","20140506",",,E","","","20140514",",,E","20140523",",,E","1.6",",E,06,","","","73.3",",,E,14,","29.7",",E,23,","2397.5","E","142.1",",E","186.2",",,,E","14.02",",E","20.03",",,,E","8.01",",,,E"
"BKM00014654","2014-06","43.8678","18.4228","630.0","SARAJEVO, BK","42.4","E","34.1",",E","15",",E","11",",E","1",",E","","","0",",E","0",",E","0",",E","21",",E","0",",E","20140603",",,E","","","20140626",",,E","20140624",",,E","6.0",",E,03,","","","28.5",",,E,26,","31.0",",E,24,","2438.9","E","41.4",",E","125.1",",,,E","18.09",",E","24.12",",,,E","12.06",",,,E"
"BKM00014654","2014-07","43.8678","18.4228","630.0","SARAJEVO, BK","107.0","E","64.6",",E","13",",E","7",",E","0",",E","","","0",",E","0",",E","0",",E","29",",E","0",",E","20140704",",,E","","","20140701",",,E","20140707",",,E","9.7",",E,04,","","","24.7",",,E,01,","32.0",",E,07,","4.9","E","4.9",",E","73.3",",,,E","20.26",",E","26.36",",,,E","14.15",",,,E"
"BKM00014654","2014-08","43.8678","18.4228","630.0","SARAJEVO, BK","190.1","E","83.1",",E","11",",E","8",",E","0",",E","","","0",",E","0",",E","0",",E","30",",E","4",",E","20140818",",,E","","","20140804",",,E","20140811",",,E","9.0",",E,18,","","","19.2",",,E,04,","33.7",",E,11,","6.8","E","1.9",",E","78.2",",,,E","20.95",",E","27.67",",,,E","14.23",",,,E"
"BKM00014654","2014-09","43.8678","18.4228","630.0","SARAJEVO, BK","195.3","E","5.2",",E","19",",E","9",",E","1",",E","","","0",",E","0",",E","0",",E","13",",E","0",",E","20140924",",,E","","","20140923",",,E","20140910",",,E","2.9",",E,24,","","","44.4",",,E,23,","26.8",",E,10,","84.5","E","77.7",",E","139.5",",,,E","15.92",",E","20.68",",,,E","11.16",",,,E"
"BKM00014654","2014-10","43.8678","18.4228","630.0","SARAJEVO, BK","197.4","E","2.1",",E","9",",E","5",",E","1",",E","","","0",",E","0",",E","0",",E","14",",E","0",",E","20141022",",,E","","","20141023",",,E","20141011",",,E","0.3",",E,22,","","","38.5",",,E,23,","27.3",",E,11,","254.2","E","169.7",",E","59.0",",,,E","12.92",",E","18.04",",,,E","7.81",",,,E"
"BKM00014654","2014-11","43.8678","18.4228","630.0","SARAJEVO, BK","197.4","E","0.0",",E","16",",E","4",",E","0",",E","","","0",",E","6",",E","0",",E","0",",E","0",",E","20141123",",,E","","","20141130",",,E","20141116",",,E","-1.6",",E,23,","","","16.4",",,E,30,","19.2",",E,16,","523.7","E","269.5",",E","47.0",",,,E","9.35",",E","13.09",",,,E","5.61",",,,E"
"BKM00014654","2014-12","43.8678","18.4228","630.0","SARAJEVO, BK","197.4","E","0.0",",E","15",",E","6",",E","1",",E","","","0",",E","14",",E","3",",E","0",",E","0",",E","20141231",",,E","","","20141202",",,E","20141201",",,E","-10.7",",E,31,","","","27.7",",,E,02,","16.0",",E,01,","992.0","E","468.3",",E","83.4",",,,E","3.23",",E","6.07",",,,E","0.38",",,,E"
"BKM00014654","2015-01","43.8678","18.4228","630.0","SARAJEVO, BK","0.0","E","0.0",",E","16",",E","11",",E","1",",E","","","0",",E","20",",E","7",",E","0",",E","0",",E","20150101",",,E","","","20150119",",,E","20150118",",,E","-16.5",",E,01,","","","42.0",",,E,19,","12.0",",E,18,","1533.7","E","541.7",",E","112.6",",,,E","0.86",",E","3.95",",,,E","-2.24",",,,E"
"BKM00014654","2015-02","43.8678","18.4228","630.0","SARAJEVO, BK","0.0","E","0.0",",E","13",",E","7",",E","0",",E","","","0",",E","19",",E","1",",E","0",",E","0",",E","20150219",",,E","","","20150202",",,E","20150223",",,E","-8.9",",E,19,","","","14.3",",,E,02,","16.1",",E,23,","1981.0","E","447.3",",E","56.6",",,,E","2.36",",E","6.46",",,,E","-1.74",",,,E"
"BKM00014654","2015-03","43.8678","18.4228","630.0","SARAJEVO, BK","0.0","E","0.0",",E","12",",E","7",",E","1",",E","","","0",",E","12",",E","0",",E","0",",E","0",",E","20150320",",,E","","","20150306",",,E","20150331",",,E","-3.5",",E,20,","","","29.4",",,E,06,","18.5",",E,31,","2370.4","E","389.4",",E","80.4",",,,E","5.77",",E","10.30",",,,E","1.25",",,,E"
"BKM00014654","2015-04","43.8678","18.4228","630.0","SARAJEVO, BK","0.0","E","0.0",",E","15",",E","5",",E","0",",E","","","0",",E","7",",E","0",",E","8",",E","0",",E","20150404",",,E","","","20150406",",,E","20150416",",,E","-2.7",",E,04,","","","9.3",",,E,06,","24.1",",E,16,","2627.8","E","257.4",",E","43.6",",,,E","9.75",",E","16.08",",,,E","3.43",",,,E"
"BKM00014654","2015-05","43.8678","18.4228","630.0","SARAJEVO, BK","16.0","E","16.0",",E","11",",E","5",",E","0",",E","","","0",",E","0",",E","0",",E","19",",E","0",",E","20150529",",,E","","","20150525",",,E","20150505",",,E","2.3",",E,29,","","","25.0",",,E,25,","30.7",",E,05,","2706.1","E","78.3",",E","52.9",",,,E","16.32",",E","22.57",",,,E","10.08",",,,E"
"BKM00014654","2015-06","43.8678","18.4228","630.0","SARAJEVO, BK","52.9","E","36.9",",E","11",",E","8",",E","1",",E","","","0",",E","0",",E","0",",E","22",",E","0",",E","20150622",",,E","","","20150618",",,E","20150614",",,E","5.8",",E,22,","","","29.6",",,E,18,","30.9",",E,14,","2745.2","E","39.1",",E","91.0",",,,E","18.26",",E","24.46",",,,E","12.06",",,,E"
"BKM00014654","2015-07","43.8678","18.4228","630.0","SARAJEVO, BK","217.1","E","164.2",",E","5",",E","2",",E","0",",E","","","0",",E","0",",E","0",",E","31",",E","16",",E","20150711",",,E","","","20150727",",,E","20150718",",,E","10.1",",E,11,","","","4.5",",,E,27,","37.3",",E,18,","1.1","E","1.1",",E","9.4",",,,E","23.60",",E","31.41",",,,E","15.78",",,,E"
"BKM00014654","2015-08","43.8678","18.4228","630.0","SARAJEVO, BK","362.0","E","144.9",",E","9",",E","6",",E","0",",E","","","0",",E","0",",E","0",",E","29",",E","14",",E","20150823",",,E","","","20150817",",,E","20150830",",,E","11.4",",E,23,","","","17.6",",,E,17,","35.7",",E,30,","4.7","E","3.6",",E","57.4",",,,E","22.89",",E","30.27",",,,E","15.51",",,,E"
"BKM00014654","2015-09","43.8678","18.4228","630.0","SARAJEVO, BK","431.4","E","69.4",",E","10",",E","3",",E","0",",E","","","0",",E","0",",E","0",",E","21",",E","7",",E","20150908",",,E","","","20150921",",,E","20150918",",,E","6.3",",E,08,","","","24.4",",,E,21,","38.0",",E,18,","68.3","E","63.6",",E","60.2",",,,E","18.52",",E","24.59",",,,E","12.46",",,,E"
"BKM00014654","2015-10","43.8678","18.4228","630.0","SARAJEVO, BK","431.4","E","0.0",",E","15",",E","7",",E","2",",E","","","0",",E","0",",E","0",",E","3",",E","0",",E","20151031",",,E","","","20151020",",,E","20151004",",,E","1.5",",E,31,","","","27.6",",,E,20,","24.3",",E,04,","264.9","E","196.6",",E","124.6",",,,E","11.99",",E","16.46",",,,E","7.52",",,,E"
"BKM00014654","2015-11","43.8678","18.4228","630.0","SARAJEVO, BK","431.4","E","0.0",",E","7",",E","5",",E","1",",E","","","0",",E","10",",E","0",",E","0",",E","0",",E","20151130",",,E","","","20151122",",,E","20151116","+,,E","-3.5",",E,30,","","","43.1",",,E,22,","18.0",",E,16,+","620.7","E","355.8",",E","75.1",",,,E","6.47",",E","11.54",",,,E","1.40",",,,E"
"BKM00014654","2015-12","43.8678","18.4228","630.0","SARAJEVO, BK","431.4","E","0.0",",E","3",",E","0",",E","0",",E","","","0",",E","29",",E","5",",E","0",",E","0",",E","20151218",",,E","","","20151210",",,E","20151201",",,E","-6.6",",E,18,","","","1.4",",,E,10,","10.8",",E,01,","1197.8","E","577.1",",E","2.5",",,,E","-0.28",",E","1.89",",,,E","-2.46",",,,E"
"BKM00014654","2016-01","43.8678","18.4228","630.0","SARAJEVO, BK","0.0","E","0.0",",E","16",",E","5",",E","0",",E","","","0",",E","20",",E","9",",E","0",",E","0",",E","20160123",",,E","","","20160104",",,E","20160110",",,E","-13.4",",E,23,","","","15.4",",,E,04,","13.7",",E,10,","1728.9","E","531.1",",E","46.6",",,,E","1.20",",E","4.81",",,,E","-2.41",",,,E"
"BKM00014654","2016-02","43.8678","18.4228","630.0","SARAJEVO, BK","0.0","E","0.0",",E","15",",E","9",",E","0",",E","","","0",",E","9",",E","1",",E","1",",E","0",",E","20160206",",,E","","","20160226",",,E","20160217",",,E","-5.7",",E,06,","","","17.6",",,E,26,","21.2",",E,17,","2030.4","E","301.5",",E","87.0",",,,E","7.94",",E","12.39",",,,E","3.48",",,,E"
"BKM00014654","2016-03","43.8678","18.4228","630.0","SARAJEVO, BK","0.0","E","0.0",",E","17",",E","9",",E","0",",E","","","0",",E","6",",E","0",",E","1",",E","0",",E","20160325",",,E","","","20160301",",,E","20160331",",,E","-1.7",",E,25,","","","25.3",",,E,01,","24.0",",E,31,","2392.7","E","362.3",",E","131.7",",,,E","6.65",",E","11.05",",,,E","2.24",",,,E"
"BKM00014654","2016-04","43.8678","18.4228","630.0","SARAJEVO, BK","8.9","E","8.9",",E","11",",E","6",",E","0",",E","","","0",",E","1",",E","0",",E","16",",E","0",",E","20160426",",,E","","","20160410",",,E","20160417",",,E","0.0",",E,26,","","","17.0",",,E,10,","28.9",",E,17,","2536.1","E","143.4",",E","60.5",",,,E","13.85",",E","20.70",",,,E","7.00",",,,E"
"BKM00014654","2016-05","43.8678","18.4228","630.0","SARAJEVO, BK","20.8","E","11.9",",E","16",",E","8",",E","0",",E","","","0",",E","0",",E","0",",E","12",",E","1",",E","20160517",",,E","","","20160520",",,E","20160528",",,E","1.5",",E,17,","","","23.3",",,E,20,","32.5",",E,28,","2669.9","E","133.8",",E","82.1",",,,E","14.40",",E","20.45",",,,E","8.35",",,,E"
"BKM00014654","2016-06","43.8678","18.4228","630.0","SARAJEVO, BK","89.1","E","68.3",",E","13",",E","6",",E","1",",E","","","0",",E","0",",E","0",",E","29",",E","1",",E","20160604",",,E","","","20160627",",,E","20160624",",,E","9.1",",E,04,","","","32.0",",,E,27,","32.3",",E,24,","2679.5","E","9.6",",E","96.4",",,,E","20.29",",E","26.68",",,,E","13.90",",,,E"
"BKM00014654","2016-07","43.8678","18.4228","630.0","SARAJEVO, BK","215.2","E","126.1",",E","11",",E","6",",E","1",",E","","","0",",E","0",",E","0",",E","28",",E","7",",E","20160715",",,E","","","20160716",",,E","20160713",",,E","10.9",",E,15,","","","45.0",",,E,16,","35.3",",E,13,","14.5","E","14.5",",E","104.5",",,,E","21.93",",E","28.86",",,,E","15.01",",,,E"
"BKM00014654","2016-08","43.8678","18.4228","630.0","SARAJEVO, BK","273.0","E","57.8",",E","12",",E","7",",E","1",",E","","","0",",E","0",",E","0",",E","27",",E","1",",E","20160813",",,E","","","20160807",",,E","20160805",",,E","6.9",",E,13,","","","28.4",",,E,07,","33.2",",E,05,","32.9","E","18.4",",E","105.5",",,,E","19.60",",E","25.83",",,,E","13.38",",,,E"
"BKM00014654","2016-09","43.8678","18.4228","630.0","SARAJEVO, BK","294.6","E","21.6",",E","8",",E","5",",E","1",",E","","","0",",E","0",",E","0",",E","18",",E","0",",E","20160924",",,E","","","20160920",",,E","20160904",",,E","4.6",",E,24,","","","34.6",",,E,20,","29.0",",E,04,","104.5","E","71.6",",E","71.1",",,,E","16.67",",E","22.72",",,,E","10.61",",,,E"
"BKM00014654","2016-10","43.8678","18.4228","630.0","SARAJEVO, BK","294.6","E","0.0",",E","13",",E","10",",E","0",",E","","","0",",E","1",",E","0",",E","5",",E","0",",E","20161006",",,E","","","20161022",",,E","20161025",",,E","-0.3",",E,06,","","","21.1",",,E,22,","24.4",",E,25,","345.2","E","240.7",",E","112.8",",,,E","10.57",",E","14.89",",,,E","6.25",",,,E"
"BKM00014654","2016-11","43.8678","18.4228","630.0","SARAJEVO, BK","294.6","E","0.0",",E","11",",E","8",",E","1",",E","","","0",",E","12",",E","1",",E","0",",E","0",",E","20161130",",,E","","","20161109",",,E","20161121",",,E","-6.2",",E,30,","","","30.4",",,E,09,","19.0",",E,21,","699.4","E","354.2",",E","93.1",",,,E","6.53",",E","10.78",",,,E","2.27",",,,E"
"BKM00014654","2016-12","43.8678","18.4228","630.0","SARAJEVO, BK","294.6","E","0.0",",E","5",",E","4",",E","0",",E","","","0",",E","29",",E","6",",E","0",",E","0",",E","20161231",",,E","","","20161229",",,E","20161202",",,E","-11.4",",E,31,","","","4.9",",,E,29,","11.4",",E,02,","1283.6","E","584.2",",E","16.8",",,,E","-0.51",",E","3.34",",,,E","-4.36",",,,E"
"BKM00014654","2017-01","43.8678","18.4228","630.0","SARAJEVO, BK","0.0","E","0.0",",E","10",",E","7",",E","0",",E","","","2",",E","31",",E","15",",E","0",",E","0",",E","20170108",",,E","","","20170114",",,E","20170113",",,E","-22.2",",E,08,","","","23.0",",,E,14,","9.6",",E,13,","1993.8","E","710.2",",E","57.9",",,,E","-4.58",",E","-0.57",",,,E","-8.58",",,,E"
"BKM00014654","2017-02","43.8678","18.4228","630.0","SARAJEVO, BK","0.0","E","0.0",",E","10",",E","4",",E","1",",E","","","0",",E","8",",E","0",",E","0",",E","0",",E","20170221",",,E","","","20170225",",,E","20170228",",,E","-5.0",",E,21,","","","28.2",",,E,25,","16.6",",E,28,","2348.6","E","354.8",",E","69.1",",,,E","5.66",",E","9.48",",,,E","1.85",",,,E"
"BKM00014654","2017-03","43.8678","18.4228","630.0","SARAJEVO, BK","0.0","E","0.0",",E","7",",E","6",",E","0",",E","","","0",",E","3",",E","0",",E","6",",E","0",",E","20170302",",,E","","","20170308",",,E","20170321",",,E","-1.4",",E,02,","","","17.2",",,E,08,","24.2",",E,21,","2632.2","E","283.6",",E","43.6",",,,E","9.18",",E","14.90",",,,E","3.47",",,,E"
"BKM00014654","2017-04","43.8678","18.4228","630.0","SARAJEVO, BK","0.0","E","0.0",",E","15",",E","9",",E","1",",E","","","0",",E","5",",E","0",",E","9",",E","0",",E","20170422",",,E","","","20170419",",,E","20170411",",,E","-3.0",",E,22,","","","48.7",",,E,19,","24.0",",E,11,","2885.8","E","253.6",",E","132.4",",,,E","9.88",",E","15.47",",,,E","4.29",",,,E"
"BKM00014654","2017-05","43.8678","18.4228","630.0","SARAJEVO, BK","5.3","E","5.3",",E","14",",E","8",",E","0",",E","","","0",",E","0",",E","0",",E","19",",E","0",",E","20170510",",,E","","","20170516",",,E","20170531",",,E","5.2",",E,10,","","","22.9",",,E,16,","28.8",",E,31,","2970.2","E","84.4",",E","73.8",",,,E","15.78",",E","21.75",",,,E","9.82",",,,E"
"BKM00014654","2017-06","43.8678","18.4228","630.0","SARAJEVO, BK","93.6","E","88.3",",E","9",",E","5",",E","0",",E","","","0",",E","0",",E","0",",E","27",",E","1",",E","20170609",",,E","","","20170617",",,E","20170625",",,E","8.4",",E,09,","","","15.5",",,E,17,","33.5",",E,25,","2981.6","E","11.4",",E","55.0",",,,E","20.90",",E","27.24",",,,E","14.55",",,,E"
"BKM00014654","2017-07","43.8678","18.4228","630.0","SARAJEVO, BK","216.3","E","122.7",",E","7",",E","5",",E","1",",E","","","0",",E","0",",E","0",",E","28",",E","12",",E","20170717",",,E","","","20170703",",,E","20170722",",,E","10.0",",E,17,","","","33.1",",,E,03,","35.0",",E,22,","6.6","E","6.6",",E","66.5",",,,E","22.08",",E","29.28",",,,E","14.87",",,,E"
"BKM00014654","2017-08","43.8678","18.4228","630.0","SARAJEVO, BK","376.6","E","160.3",",E","6",",E","4",",E","1",",E","","","0",",E","0",",E","0",",E","30",",E","16",",E","20170823",",,E","","","20170817",",,E","20170810",",,E","8.2",",E,23,","","","26.4",",,E,17,","38.2",",E,10,","12.4","E","5.8",",E","38.7",",,,E","23.31",",E","31.06",",,,E","15.57",",,,E"
"BKM00014654","2017-09","43.8678","18.4228","630.0","SARAJEVO, BK","397.3","E","20.7",",E","14",",E","8",",E","0",",E","","","0",",E","0",",E","0",",E","19",",E","1",",E","20170923",",,E","","","20170903",",,E","20170901",",,E","5.0",",E,23,","","","23.9",",,E,03,","32.8",",E,01,","93.3","E","80.9",",E","93.2",",,,E","16.33",",E","21.85",",,,E","10.80",",,,E"
"BKM00014654","2017-10","43.8678","18.4228","630.0","SARAJEVO, BK","397.3","E","0.0",",E","8",",E","7",",E","1",",E","","","0",",E","1",",E","0",",E","9",",E","0",",E","20171031",",,E","","","20171023",",,E","20171018",",,E","-0.6",",E,31,","","","27.1",",,E,23,","24.9",",E,18,","305.0","E","211.7",",E","89.3",",,,E","11.50",",E","17.81",",,,E","5.20",",,,E"
"BKM00014654","2017-11","43.8678","18.4228","630.0","SARAJEVO, BK","397.3","E","0.0",",E","12",",E","5",",E","0",",E","","","0",",E","7",",E","0",",E","0",",E","0",",E","20171128",",,E","","","20171114",",,E","20171107",",,E","-4.8",",E,28,","","","22.2",",,E,14,","17.0",",E,07,","676.6","E","371.6",",E","74.9",",,,E","5.95",",E","10.16",",,,E","1.73",",,,E"
"BKM00014654","2017-12","43.8678","18.4228","630.0","SARAJEVO, BK","397.3","E","0.0",",E","18",",E","11",",E","1",",E","","","0",",E","21",",E","7",",E","0",",E","0",",E","20171210",",,E","","","20171216",",,E","20171212",",,E","-6.8",",E,10,","","","26.7",",,E,16,","15.2",",E,12,","1168.9","E","492.3",",E","142.7",",,,E","2.45",",E","5.32",",,,E","-0.41",",,,E"
"BKM00014654","2018-01","43.8678","18.4228","630.0","SARAJEVO, BK","0.0","E","0.0",",E","12",",E","9",",E","0",",E","","","0",",E","16",",E","0",",E","0",",E","0",",E","20180123",",,E","","","20180118",",,E","20180107","+,,E","-4.4",",E,23,","","","14.5",",,E,18,","14.6",",E,07,+","1593.8","E","424.9",",E","66.7",",,,E","4.63",",E","8.53",",,,E","0.72",",,,E"
"BKM00014654","2018-02","43.8678","18.4228","630.0","SARAJEVO, BK","0.0","E","0.0",",E","20",",E","8",",E","0",",E","","","0",",E","20",",E","4",",E","0",",E","0",",E","20180227",",,E","","","20180204",",,E","20180202",",,E","-12.0",",E,27,","","","13.6",",,E,04,","13.6",",E,02,","2071.7","E","477.9",",E","76.7",",,,E","1.26",",E","4.21",",,,E","-1.68",",,,E"
"BKM00014654","2018-03","43.8678","18.4228","630.0","SARAJEVO, BK","0.0","E","0.0",",E","19",",E","15",",E","0",",E","","","0",",E","11",",E","4",",E","0",",E","0",",E","20180301",",,E","","","20180321",",,E","20180311",",,E","-13.0",",E,01,","","","13.0",",,E,21,","18.4",",E,11,","2460.6","E","388.9",",E","109.8",",,,E","5.79",",E","10.06",",,,E","1.51",",,,E"
"BKM00014654","2018-04","43.8678","18.4228","630.0","SARAJEVO, BK","5.0","E","5.0",",E","6",",E","4",",E","1",",E","","","0",",E","0",",E","0",",E","19",",E","0",",E","20180402",",,E","","","20180401",",,E","20180429",",,E","1.2",",E,02,","","","30.5",",,E,01,","28.5",",E,29,","2554.2","E","93.6",",E","61.4",",,,E","15.38",",E","22.03",",,,E","8.74",",,,E"
"BKM00014654","2018-05","43.8678","18.4228","630.0","SARAJEVO, BK","18.0","E","13.0",",E","15",",E","12",",E","1",",E","","","0",",E","0",",E","0",",E","25",",E","0",",E","20180517",",,E","","","20180529",",,E","20180528",",,E","7.3",",E,17,","","","57.4",",,E,29,","28.0",",E,28,","2592.5","E","38.3",",E","178.1",",,,E","17.52",",E","23.85",",,,E","11.19",",,,E"
"BKM00014654","2018-06","43.8678","18.4228","630.0","SARAJEVO, BK","62.6","E","44.6",",E","17",",E","12",",E","1",",E","","","0",",E","0",",E","0",",E","20",",E","0",",E","20180624",",,E","","","20180623",",,E","20180612",",,E","7.4",",E,24,","","","33.4",",,E,23,","31.8",",E,12,","2630.6","E","38.1",",E","131.5",",,,E","18.55",",E","23.63",",,,E","13.46",",,,E"
"BKM00014654","2018-07","43.8678","18.4228","630.0","SARAJEVO, BK","141.2","E","78.6",",E","18",",E","12",",E","1",",E","","","0",",E","0",",E","0",",E","28",",E","0",",E","20180723",",,E","","","20180702",",,E","20180721",",,E","12.7",",E,23,","","","32.1",",,E,02,","30.7",",E,21,","5.1","E","5.1",",E","119.6",",,,E","20.70",",E","26.15",",,,E","15.26",",,,E"
"BKM00014654","2018-08","43.8678","18.4228","630.0","SARAJEVO, BK","256.4","E","115.2",",E","11",",E","7",",E","0",",E","","","0",",E","0",",E","0",",E","29",",E","1",",E","20180827",",,E","","","20180807",",,E","20180809",",,E","12.0",",E,27,","","","24.0",",,E,07,","32.2",",E,09,","10.9","E","5.8",",E","87.5",",,,E","21.86",",E","27.78",",,,E","15.95",",,,E"
"BKM00014654","2018-09","43.8678","18.4228","630.0","SARAJEVO, BK","287.3","E","30.9",",E","5",",E","3",",E","0",",E","","","0",",E","0",",E","0",",E","24",",E","0",",E","20180927",",,E","","","20180906",",,E","20180901",",,E","0.5",",E,27,","","","9.5",",,E,06,","31.0",",E,01,","64.9","E","54.0",",E","25.9",",,,E","17.56",",E","24.52",",,,E","10.61",",,,E"
"BKM00014654","2018-10","43.8678","18.4228","630.0","SARAJEVO, BK","288.2","E","0.9",",E","8",",E","5",",E","0",",E","","","0",",E","0",",E","0",",E","17",",E","0",",E","20181024","+,,E","","","20181030",",,E","20181006",",,E","3.5",",E,24,+","","","13.7",",,E,30,","25.8",",E,06,","199.2","E","134.3",",E","47.5",",,,E","14.03",",E","20.07",",,,E","7.99",",,,E"
"BKM00014654","2018-11","43.8678","18.4228","630.0","SARAJEVO, BK","288.2","E","0.0",",E","7",",E","4",",E","0",",E","","","0",",E","5",",E","1",",E","2",",E","0",",E","20181130",",,E","","","20181120",",,E","20181103",",,E","-2.9",",E,30,","","","19.2",",,E,20,","21.8",",E,03,","499.5","E","300.3",",E","54.7",",,,E","8.32",",E","12.36",",,,E","4.28",",,,E"
"BKM00014654","2018-12","43.8678","18.4228","630.0","SARAJEVO, BK","288.2","E","0.0",",E","11",",E","8",",E","0",",E","","","0",",E","23",",E","4",",E","0",",E","0",",E","20181217",",,E","","","20181215",",,E","20181224",",,E","-7.5",",E,17,","","","16.6",",,E,15,","11.0",",E,24,","1043.4","E","543.9",",E","83.9",",,,E","0.79",",E","3.75",",,,E","-2.17",",,,E"
"BKM00014654","2019-01","43.8678","18.4228","630.0","SARAJEVO, BK","0.0","E","0.0",",E","23",",E","12",",E","0",",E","","","0",",E","29",",E","11",",E","0",",E","0",",E","20190105",",,E","","","20190119",",,E","20190117",",,E","-12.1",",E,05,","","","8.3",",,E,19,","9.2",",E,17,","1652.9","E","609.5",",E","79.7",",,,E","-1.33",",E","1.95",",,,E","-4.60",",,,E"
"BKM00014654","2019-02","43.8678","18.4228","630.0","SARAJEVO, BK","0.0","E","0.0",",E","11",",E","4",",E","1",",E","","","0",",E","19",",E","0",",E","0",",E","0",",E","20190223",",,E","","","20190212",",,E","20190228",",,E","-8.1",",E,23,","","","27.1",",,E,12,","18.5",",E,28,","2073.6","E","420.7",",E","56.7",",,,E","3.31",",E","8.13",",,,E","-1.51",",,,E"
"BKM00014654","2019-03","43.8678","18.4228","630.0","SARAJEVO, BK","0.0","E","0.0",",E","11",",E","3",",E","0",",E","","","0",",E","5",",E","0",",E","5",",E","0",",E","20190313",",,E","","","20190327",",,E","20190324",",,E","-5.3",",E,13,","","","21.0",",,E,27,","23.0",",E,24,","2369.1","E","295.5",",E","51.8",",,,E","8.80",",E","15.40",",,,E","2.20",",,,E"
"BKM00014654","2019-04","43.8678","18.4228","630.0","SARAJEVO, BK","1.6","E","1.6",",E","11",",E","9",",E","0",",E","","","0",",E","0",",E","0",",E","8",",E","0",",E","20190413",",,E","","","20190430",",,E","20190426",",,E","0.4",",E,13,","","","21.7",",,E,30,","28.2",",E,26,","2565.7","E","196.6",",E","98.2",",,,E","11.83",",E","17.89",",,,E","5.77",",,,E"
"BKM00014654","2019-05","43.8678","18.4228","630.0","SARAJEVO, BK","1.6","E","0.0",",E","20",",E","13",",E","0",",E","","","0",",E","1",",E","0",",E","10",",E","0",",E","20190508",",,E","","","20190514",",,E","20190525",",,E","-0.1",",E,08,","","","24.0",",,E,14,","24.9",",E,25,","2730.1","E","164.4",",E","102.3",",,,E","13.03",",E","18.59",",,,E","7.47",",,,E"
"BKM00014654","2019-06","43.8678","18.4228","630.0","SARAJEVO, BK","112.6","E","111.0",",E","11",",E","8",",E","1",",E","","","0",",E","0",",E","0",",E","29",",E","8",",E","20190602",",,E","","","20190606",",,E","20190612",",,E","10.7",",E,02,","","","39.8",",,E,06,","34.3",",E,12,","2741.7","E","11.6",",E","97.1",",,,E","21.65",",E","28.90",",,,E","14.39",",,,E"
"BKM00014654","2019-07","43.8678","18.4228","630.0","SARAJEVO, BK","230.1","E","117.5",",E","10",",E","7",",E","0",",E","","","0",",E","0",",E","0",",E","30",",E","8",",E","20190711",",,E","","","20190714",",,E","20190702",",,E","7.1",",E,11,","","","14.8",",,E,14,","36.2",",E,02,","13.0","E","13.0",",E","67.8",",,,E","21.70",",E","29.03",",,,E","14.37",",,,E"
"BKM00014654","2019-08","43.8678","18.4228","630.0","SARAJEVO, BK","370.0","E","139.9",",E","9",",E","5",",E","0",",E","","","0",",E","0",",E","0",",E","29",",E","14",",E","20190816",",,E","","","20190814",",,E","20190812",",,E","9.7",",E,16,","","","21.6",",,E,14,","37.5",",E,12,","14.7","E","1.7",",E","69.7",",,,E","22.79",",E","30.45",",,,E","15.13",",,,E"
"BKM00014654","2019-09","43.8678","18.4228","630.0","SARAJEVO, BK","392.9","E","22.9",",E","8",",E","5",",E","0",",E","","","0",",E","0",",E","0",",E","23",",E","0",",E","20190921",",,E","","","20190924",",,E","20190901",",,E","3.1",",E,21,","","","15.0",",,E,24,","32.0",",E,01,","59.7","E","45.0",",E","44.1",",,,E","17.60",",E","24.12",",,,E","11.07",",,,E"
"BKM00014654","2019-10","43.8678","18.4228","630.0","SARAJEVO, BK","394.7","E","1.8",",E","6",",E","4",",E","0",",E","","","0",",E","0",",E","0",",E","21",",E","0",",E","20191007",",,E","","","20191004",",,E","20191001",",,E","3.3",",E,07,","","","14.5",",,E,04,","27.5",",E,01,","184.2","E","124.5",",E","38.0",",,,E","14.37",",E","21.85",",,,E","6.89",",,,E"
"BKM00014654","2019-11","43.8678","18.4228","630.0","SARAJEVO, BK","394.7","E","0.0",",E","15",",E","6",",E","1",",E","","","0",",E","0",",E","0",",E","0",",E","0",",E","20191127",",,E","","","20191110",",,E","20191103",",,E","1.1",",E,27,","","","25.5",",,E,10,","19.2",",E,03,","405.3","E","221.1",",E","80.3",",,,E","10.96",",E","14.87",",,,E","7.05",",,,E"
"BKM00014654","2019-12","43.8678","18.4228","630.0","SARAJEVO, BK","394.7","E","0.0",",E","17",",E","7",",E","0",",E","","","0",",E","14",",E","3",",E","0",",E","0",",E","20191231",",,E","","","20191203",",,E","20191217",",,E","-10.0",",E,31,","","","16.1",",,E,03,","16.1",",E,17,","859.8","E","454.5",",E","64.8",",,,E","3.67",",E","6.71",",,,E","0.64",",,,E"
"BKM00014654","2020-01","43.8678","18.4228","630.0","SARAJEVO, BK","0.0","E","0.0",",E","7",",E","5",",E","0",",E","","","0",",E","28",",E","6",",E","0",",E","0",",E","20200107",",,E","","","20200127",",,E","20200131",",,E","-10.6",",E,07,","","","9.2",",,E,27,","12.8",",E,31,","1432.1","E","572.3",",E","24.7",",,,E","-0.13",",E","4.02",",,,E","-4.28",",,,E"
"BKM00014654","2020-02","43.8678","18.4228","630.0","SARAJEVO, BK","0.0","E","0.0",",E","9",",E","6",",E","1",",E","","","0",",E","14",",E","0",",E","1",",E","0",",E","20200207",",,E","","","20200227",",,E","20200217",",,E","-5.9",",E,07,","","","25.5",",,E,27,","21.6",",E,17,","1796.1","E","364.0",",E","70.4",",,,E","5.78",",E","11.28",",,,E","0.29",",,,E"
"BKM00014654","2020-03","43.8678","18.4228","630.0","SARAJEVO, BK","0.0","E","0.0",",E","11",",E","6",",E","0",",E","","","0",",E","7",",E","0",",E","4",",E","0",",E","20200324",",,E","","","20200307","+,,E","20200313",",,E","-4.8",",E,24,","","","17.8",",,E,07,+","24.4",",E,13,","2134.8","E","338.7",",E","53.0",",,,E","7.41",",E","13.06",",,,E","1.75",",,,E"
"BKM00014654","2020-04","43.8678","18.4228","630.0","SARAJEVO, BK","0.2","E","0.2",",E","7",",E","3",",E","0",",E","","","0",",E","4",",E","0",",E","14",",E","0",",E","20200402",",,E","","","20200422",",,E","20200418",",,E","-5.0",",E,02,","","","7.6",",,E,22,","28.1",",E,18,","2329.1","E","194.3",",E","23.1",",,,E","11.86",",E","19.57",",,,E","4.15",",,,E"
"BKM00014654","2020-05","43.8678","18.4228","630.0","SARAJEVO, BK","16.1","E","15.9",",E","15",",E","9",",E","0",",E","","","0",",E","0",",E","0",",E","15",",E","0",",E","20200508","+,,E","","","20200521",",,E","20200515",",,E","3.4",",E,08,+","","","24.5",",,E,21,","29.5",",E,15,","2448.1","E","119.0",",E","96.3",",,,E","15.00",",E","20.88",",,,E","9.13",",,,E"
"BKM00014654","2020-06","43.8678","18.4228","630.0","SARAJEVO, BK","55.7","E","39.6",",E","16",",E","10",",E","0",",E","","","0",",E","0",",E","0",",E","22",",E","2",",E","20200604","+,,E","","","20200623",",,E","20200629",",,E","7.5",",E,04,+","","","24.4",",,E,23,","33.0",",E,29,","2480.1","E","32.0",",E","92.1",",,,E","18.59",",E","24.80",",,,E","12.37",",,,E"
"BKM00014654","2020-07","43.8678","18.4228","630.0","SARAJEVO, BK","152.7","E","97.0",",E","9",",E","4",",E","0",",E","","","0",",E","0",",E","0",",E","29",",E","8",",E","20200708",",,E","","","20200712",",,E","20200730",",,E","8.1",",E,08,","","","15.8",",,E,12,","36.0",",E,30,","14.8","E","14.8",",E","48.9",",,,E","20.99",",E","28.16",",,,E","13.81",",,,E"
"BKM00014654","2020-08","43.8678","18.4228","630.0","SARAJEVO, BK","","","","","12",",S","8",",S","0",",S","","","","","","","","","","","","","","","","","20200819",",,S","","","","","","","22.9",",,S,19,","","","","","","","74.6",",,,S","","","","","",""
"BKM00014654","2020-09","43.8678","18.4228","630.0","SARAJEVO, BK","","","43.2",",E","10",",E","6",",E","0",",E","","","0",",E","0",",E","0",",E","24",",E","0",",E","20200930",",,E","","","20200904",",,E","20200906",",,E","7.3",",E,30,","","","12.3",",,E,04,","31.4",",E,06,","","","27.3",",E","51.5",",,,E","18.87",",E","25.52",",,,E","12.21",",,,E"
"BKM00014654","2020-10","43.8678","18.4228","630.0","SARAJEVO, BK","","","7.7",",E","10",",E","5",",E","1",",E","","","0",",E","0",",E","0",",E","10",",E","0",",E","20201020",",,E","","","20201013",",,E","20201004",",,E","0.1",",E,20,","","","40.2",",,E,13,","26.1",",E,04,","","","182.2",",E","91.6",",,,E","12.70",",E","18.79",",,,E","6.62",",,,E"
"BKM00014654","2020-11","43.8678","18.4228","630.0","SARAJEVO, BK","","","","","7",",S","3",",S","0",",S","","","","","","","","","","","","","","","","","20201117",",,S","","","","","","","4.8",",,S,17,","","","","","","","15.9",",,,S","","","","","",""
"BKM00014654","2020-12","43.8678","18.4228","630.0","SARAJEVO, BK","","","0.0",",E","11",",E","9",",E","1",",E","","","0",",E","12",",E","1",",E","0",",E","0",",E","20201202",",,E","","","20201210",",,E","20201206",",,E","-6.4",",E,02,","","","42.9",",,E,10,","16.1",",E,06,","","","423.3",",E","143.0",",,,E","4.68",",E","7.86",",,,E","1.49",",,,E"
"BKM00014654","2021-01","43.8678","18.4228","630.0","SARAJEVO, BK","0.0","E","0.0",",E","23",",E","12",",E","0",",E","","","0",",E","18",",E","8",",E","0",",E","0",",E","20210118",",,E","","","20210107",",,E","20210121",",,E","-8.7",",E,18,","","","16.1",",,E,07,","11.2",",E,21,","","","521.0",",E","112.5",",,,E","1.53",",E","4.43",",,,E","-1.37",",,,E"
"BKM00014654","2021-02","43.8678","18.4228","630.0","SARAJEVO, BK","0.0","E","0.0",",E","8",",E","4",",E","0",",E","","","0",",E","10",",E","3",",E","1",",E","0",",E","20210214",",,E","","","20210211",",,E","20210226",",,E","-9.6",",E,14,","","","22.5",",,E,11,","22.0",",E,26,","","","341.4",",E","57.9",",,,E","6.14",",E","11.85",",,,E","0.43",",,,E"
"BKM00014654","2021-03","43.8678","18.4228","630.0","SARAJEVO, BK","0.0","E","0.0",",E","12",",E","6",",E","0",",E","","","0",",E","19",",E","0",",E","0",",E","0",",E","20210307",",,E","","","20210315",",,E","20210303",",,E","-6.3",",E,07,","","","19.2",",,E,15,","20.6",",E,03,","","","398.0",",E","57.6",",,,E","5.50",",E","10.90",",,,E","0.09",",,,E"
"BKM00014654","2021-04","43.8678","18.4228","630.0","SARAJEVO, BK","1.7","E","1.7",",E","12",",E","6",",E","0",",E","","","0",",E","7",",E","0",",E","6",",E","0",",E","20210408",",,E","","","20210407",",,E","20210430",",,E","-5.8",",E,08,","","","19.2",",,E,07,","26.2",",E,30,","","","282.7",",E","74.2",",,,E","8.97",",E","15.33",",,,E","2.60",",,,E"
"BKM00014654","2021-05","43.8678","18.4228","630.0","SARAJEVO, BK","21.3","E","19.6",",E","13",",E","8",",E","0",",E","","","0",",E","0",",E","0",",E","20",",E","0",",E","20210509",",,E","","","20210528",",,E","20210524",",,E","3.2",",E,09,","","","12.5",",,E,28,","31.4",",E,24,","","","84.7",",E","49.8",",,,E","16.23",",E","22.55",",,,E","9.92",",,,E"
"BKM00014654","2021-06","43.8678","18.4228","630.0","SARAJEVO, BK","122.5","E","101.2",",E","8",",E","4",",E","0",",E","","","0",",E","0",",E","0",",E","26",",E","10",",E","20210602",",,E","","","20210608",",,E","20210624",",,E","5.1",",E,02,","","","9.8",",,E,08,","38.3",",E,24,","","","23.4",",E","27.4",",,,E","20.93",",E","28.56",",,,E","13.29",",,,E"
"BKM00014654","2021-07","43.8678","18.4228","630.0","SARAJEVO, BK","295.9","E","173.4",",E","9",",E","6",",E","0",",E","","","0",",E","0",",E","0",",E","31",",E","14",",E","20210722",",,E","","","20210719",",,E","20210729","+,,E","11.2",",E,22,","","","17.2",",,E,19,","38.5",",E,29,+","0.0","E","0.0",",E","56.7",",,,E","23.93",",E","31.64",",,,E","16.21",",,,E"
"BKM00014654","2021-08","43.8678","18.4228","630.0","SARAJEVO, BK","440.7","E","144.8",",E","8",",E","7",",E","0",",E","","","0",",E","0",",E","0",",E","27",",E","17",",E","20210819",",,E","","","20210825",",,E","20210816",",,E","9.3",",E,19,","","","13.0",",,E,25,","38.1",",E,16,","18.4","E","18.4",",E","47.9",",,,E","22.41",",E","30.08",",,,E","14.74",",,,E"
"BKM00014654","2021-09","43.8678","18.4228","630.0","SARAJEVO, BK","464.2","E","23.5",",E","9",",E","4",",E","0",",E","","","0",",E","0",",E","0",",E","26",",E","0",",E","20210924",",,E","","","20210918",",,E","20210915",",,E","4.1",",E,24,","","","14.0",",,E,18,","31.9",",E,15,","61.1","E","42.7",",E","40.3",",,,E","17.69",",E","24.82",",,,E","10.56",",,,E"
"BKM00014654","2021-10","43.8678","18.4228","630.0","SARAJEVO, BK","464.2","E","0.0",",E","13",",E","7",",E","1",",E","","","0",",E","4",",E","0",",E","4",",E","0",",E","20211025",",,E","","","20211007",",,E","20211004",",,E","-1.1",",E,25,","","","27.5",",,E,07,","27.5",",E,04,","327.8","E","266.7",",E","82.5",",,,E","9.73",",E","14.94",",,,E","4.52",",,,E"
"BKM00014654","2021-11","43.8678","18.4228","630.0","SARAJEVO, BK","464.2","E","0.0",",E","16",",E","9",",E","3",",E","","","0",",E","3",",E","0",",E","1",",E","0",",E","20211130",",,E","","","20211105",",,E","20211104",",,E","-3.7",",E,30,","","","64.8",",,E,05,","21.6",",E,04,","654.4","E","326.6",",E","218.7",",,,E","7.45",",E","10.67",",,,E","4.22",",,,E"
"BKM00014654","2021-12","43.8678","18.4228","630.0","SARAJEVO, BK","464.2","E","0.0",",E","18",",E","10",",E","1",",E","","","0",",E","18",",E","1",",E","0",",E","0",",E","20211223",",,E","","","20211206",",,E","20211226",",,E","-7.6",",E,23,","","","29.0",",,E,06,","12.8",",E,26,","1133.3","E","478.9",",E","153.7",",,,E","2.88",",E","5.96",",,,E","-0.19",",,,E"
"BKM00014654","2022-01","43.8678","18.4228","630.0","SARAJEVO, BK","0.0","E","0.0",",E","10",",E","7",",E","0",",E","","","0",",E","27",",E","9",",E","0",",E","0",",E","20220125",",,E","","","20220107",",,E","20220105",",,E","-15.1",",E,25,","","","12.2",",,E,07,","13.7",",E,05,","1704.3","E","571.0",",E","46.8",",,,E","-0.09",",E","4.20",",,,E","-4.37",",,,E"
"BKM00014654","2022-02","43.8678","18.4228","630.0","SARAJEVO, BK","0.0","E","0.0",",E","13",",E","4",",E","0",",E","","","0",",E","18",",E","0",",E","0",",E","0",",E","20220202",",,E","","","20220208",",,E","20220219",",,E","-5.8",",E,02,","","","9.8",",,E,08,","18.1",",E,19,","2078.5","E","374.2",",E","38.8",",,,E","4.97",",E","10.16",",,,E","-0.23",",,,E"
"BKM00014654","2022-03","43.8678","18.4228","630.0","SARAJEVO, BK","0.0","E","0.0",",E","5",",E","2",",E","0",",E","","","0",",E","22",",E","0",",E","3",",E","0",",E","20220312",",,E","","","20220307",",,E","20220328",",,E","-11.3",",E,12,","","","4.2",",,E,07,","21.9",",E,28,","2495.1","E","416.6",",E","9.8",",,,E","4.89",",E","11.33",",,,E","-1.55",",,,E"
"BKM00014654","2022-04","43.8678","18.4228","630.0","SARAJEVO, BK","0.0","E","0.0",",E","15",",E","8",",E","0",",E","","","0",",E","5",",E","0",",E","8",",E","0",",E","20220419",",,E","","","20220410",",,E","20220415",",,E","-2.5",",E,19,","","","21.4",",,E,10,","26.7",",E,15,","2741.2","E","246.1",",E","83.1",",,,E","10.13",",E","16.54",",,,E","3.72",",,,E"
"BKM00014654","2022-05","43.8678","18.4228","630.0","SARAJEVO, BK","35.6","E","35.6",",E","14",",E","5",",E","0",",E","","","0",",E","0",",E","0",",E","25",",E","1",",E","20220519",",,E","","","20220508",",,E","20220525",",,E","2.8",",E,19,","","","9.0",",,E,08,","32.5",",E,25,","2793.5","E","52.3",",E","35.3",",,,E","17.80",",E","25.34",",,,E","10.25",",,,E"
"BKM00014654","2022-06","43.8678","18.4228","630.0","SARAJEVO, BK","170.3","E","134.7",",E","7",",E","4",",E","0",",E","","","0",",E","0",",E","0",",E","28",",E","11",",E","20220615",",,E","","","20220609",",,E","20220629",",,E","9.8",",E,15,","","","12.4",",,E,09,","37.9",",E,29,","2795.4","E","1.9",",E","30.4",",,,E","22.76",",E","30.29",",,,E","15.23",",,,E"
"BKM00014654","2022-07","43.8678","18.4228","630.0","SARAJEVO, BK","323.3","E","153.0",",E","8",",E","5",",E","0",",E","","","0",",E","0",",E","0",",E","31",",E","14",",E","20220712",",,E","","","20220731",",,E","20220723",",,E","8.5",",E,12,","","","13.6",",,E,31,","38.3",",E,23,","5.3","E","5.3",",E","42.1",",,,E","23.10",",E","31.07",",,,E","15.13",",,,E"
"BKM00014654","2022-08","43.8678","18.4228","630.0","SARAJEVO, BK","432.6","E","109.3",",E","11",",E","6",",E","1",",E","","","0",",E","0",",E","0",",E","29",",E","5",",E","20220801",",,E","","","20220821",",,E","20220818",",,E","11.7",",E,01,","","","32.6",",,E,21,","36.5",",E,18,","6.9","E","1.6",",E","102.4",",,,E","21.80",",E","28.23",",,,E","15.38",",,,E"
"BKM00014654","2022-09","43.8678","18.4228","630.0","SARAJEVO, BK","456.0","E","23.4",",E","14",",E","10",",E","0",",E","","","0",",E","0",",E","0",",E","17",",E","0",",E","20220924",",,E","","","20220918",",,E","20220908",",,E","2.7",",E,24,","","","25.0",",,E,18,","30.6",",E,08,","89.2","E","82.3",",E","85.8",",,,E","16.37",",E","22.04",",,,E","10.70",",,,E"
"BKM00014654","2022-10","43.8678","18.4228","630.0","SARAJEVO, BK","","","","","4",",E","1",",E","0",",E","","","","","","","","","","","","","","","","","20221002",",,E","","","","","","","7.3",",,E,02,","","","","","","","9.8",",,,E","","","","","",""
"BKM00014654","2022-11","43.8678","18.4228","630.0","SARAJEVO, BK","","","0.0","1,E","12",",E","7",",E","0",",E","","","0","1,E","3","1,E","0",",E","1",",E","0",",E","20221129",",1,E","","","20221106",",,E","20221101",",,E","-1.4","1,E,29,","","","24.3",",,E,06,","24.4",",E,01,","","","315.8",",E","91.7",",,,E","7.67","1,E","11.42",",,,E","3.92","1,,,E"
"BKM00014654","2022-12","43.8678","18.4228","630.0","SARAJEVO, BK","","","0.0",",E","14",",E","8",",E","1",",E","","","0",",E","7",",E","0",",E","0",",E","0",",E","20221213",",,E","","","20221211",",,E","20221216",",,E","-3.2",",E,13,","","","25.7",",,E,11,","17.1",",E,16,","","","391.6",",E","95.2",",,,E","5.70",",E","8.98",",,,E","2.42",",,,E"
"BKM00014654","2023-01","43.8678","18.4228","630.0","SARAJEVO, BK","0.0","E","0.0",",E","17",",E","11",",E","0",",E","","","0",",E","16",",E","3",",E","0",",E","0",",E","20230115",",,E","","","20230122",",,E","20230108","+,,E","-3.1",",E,15,","","","23.0",",,E,22,","12.6",",E,08,+","","","473.6",",E","128.8",",,,E","3.05",",E","5.88",",,,E","0.23",",,,E"
"BKM00014654","2023-02","43.8678","18.4228","630.0","SARAJEVO, BK","0.0","E","0.0",",E","10",",E","5",",E","1",",E","","","0",",E","20",",E","4",",E","0",",E","0",",E","20230210",",,E","","","20230227",",,E","20230221",",,E","-11.8",",E,10,","","","52.2",",,E,27,","19.4",",E,21,","","","433.1",",E","95.2",",,,E","2.86",",E","8.13",",,,E","-2.40",",,,E"
"BKM00014654","2023-03","43.8678","18.4228","630.0","SARAJEVO, BK","0.0","E","0.0",",E","10",",E","6",",E","0",",E","","","0",",E","9",",E","0",",E","3",",E","0",",E","20230329",",,E","","","20230311",",,E","20230324",",,E","-4.2",",E,29,","","","19.9",",,E,11,","22.8",",E,24,","","","322.8",",E","56.1",",,,E","7.92",",E","14.01",",,,E","1.83",",,,E"
"BKM00014654","2023-04","43.8678","18.4228","630.0","SARAJEVO, BK","0.0","E","0.0",",E","20",",E","13",",E","0",",E","","","0",",E","4",",E","0",",E","2",",E","0",",E","20230404",",,E","","","20230426",",,E","20230423",",,E","-2.3",",E,04,","","","22.3",",,E,26,","22.8",",E,23,","","","279.6",",E","104.1",",,,E","9.01",",E","14.02",",,,E","4.00",",,,E"
"BKM00014654","2023-05","43.8678","18.4228","630.0","SARAJEVO, BK","0.2","E","0.2",",E","17",",E","10",",E","0",",E","","","0",",E","0",",E","0",",E","12",",E","0",",E","20230505",",,E","","","20230527","+,,E","20230523","+,,E","6.0",",E,05,","","","17.0",",,E,27,+","26.0",",E,23,+","","","98.5",",E","99.0",",,,E","15.16",",E","20.65",",,,E","9.68",",,,E"
"BKM00014654","2023-06","43.8678","18.4228","630.0","SARAJEVO, BK","43.7","E","43.5",",E","11",",E","8",",E","1",",E","","","0",",E","0",",E","0",",E","24",",E","3",",E","20230629","+,,E","","","20230616",",,E","20230623",",,E","9.0",",E,29,+","","","30.0",",,E,16,","36.0",",E,23,","","","22.5",",E","75.0",",,,E","19.03",",E","25.13",",,,E","12.93",",,,E"
"BKM00014654","2023-07","43.8678","18.4228","630.0","SARAJEVO, BK","209.8","E","166.1",",E","10",",E","7",",E","0",",E","","","0",",E","0",",E","0",",E","31",",E","13",",E","20230728",",,E","","","20230702",",,E","20230717",",,E","10.5",",E,28,","","","24.6",",,E,02,","36.6",",E,17,","0.4","E","0.4",",E","84.2",",,,E","23.68",",E","31.31",",,,E","16.04",",,,E"
"BKM00014654","2023-08","43.8678","18.4228","630.0","SARAJEVO, BK","328.1","E","118.3",",E","10",",E","7",",E","0",",E","","","0",",E","0",",E","0",",E","31",",E","9",",E","20230809",",,E","","","20230808",",,E","20230827","+,,E","8.7",",E,09,","","","14.0",",,E,08,","35.8",",E,27,+","5.3","E","4.9",",E","62.7",",,,E","21.99",",E","29.25",",,,E","14.73",",,,E"
"BKM00014654","2023-09","43.8678","18.4228","630.0","SARAJEVO, BK","390.8","E","62.7",",E","9",",E","3",",E","1",",E","","","0",",E","0",",E","0",",E","26",",E","2",",E","20230930",",,E","","","20230924",",,E","20230912",",,E","8.2",",E,30,","","","53.0",",,E,24,","33.9",",E,12,","24.2","E","18.9",",E","82.6",",,,E","19.79",",E","26.73",",,,E","12.85",",,,E"
"BKM00014654","2023-10","43.8678","18.4228","630.0","SARAJEVO, BK","395.8","E","5.0",",E","8",",E","3",",E","0",",E","","","0",",E","0",",E","0",",E","23",",E","0",",E","20231018",",,E","","","20231022",",,E","20231003",",,E","1.4",",E,18,","","","11.3",",,E,22,","28.6",",E,03,","102.2","E","78.0",",E","29.8",",,,E","15.98",",E","22.36",",,,E","9.59",",,,E"
"BKM00014654","2023-11","43.8678","18.4228","630.0","SARAJEVO, BK","395.8","E","0.0",",E","17",",E","13",",E","2",",E","","","0",",E","6",",E","0",",E","0",",E","0",",E","20231127",",,E","","","20231122",",,E","20231106","+,,E","-6.5",",E,27,","","","53.9",",,E,22,","20.3",",E,06,+","430.0","E","327.8",",E","208.0",",,,E","7.41",",E","11.70",",,,E","3.11",",,,E"
"BKM00014654","2023-12","43.8678","18.4228","630.0","SARAJEVO, BK","395.8","E","0.0",",E","11",",E","6",",E","0",",E","","","0",",E","12",",E","0",",E","0",",E","0",",E","20231209",",,E","","","20231214",",,E","20231201",",,E","-5.1",",E,09,","","","11.6",",,E,14,","19.1",",E,01,","833.9","E","403.9",",E","47.4",",,,E","5.30",",E","9.41",",,,E","1.20",",,,E"
"BKM00014654","2024-01","43.8678","18.4228","630.0","SARAJEVO, BK","0.0","E","0.0",",E","14",",E","7",",E","1",",E","","","0",",E","21",",E","3",",E","0",",E","0",",E","20240121",",,E","","","20240108",",,E","20240118",",,E","-12.0",",E,21,","","","26.3",",,E,08,","14.2",",E,18,","1327.5","E","493.6",",E","73.1",",,,E","2.41",",E","6.70",",,,E","-1.88",",,,E"
"BKM00014654","2024-02","43.8678","18.4228","630.0","SARAJEVO, BK","","","","","11",",S","7",",S","0",",S","","","","","","","","","","","","","","","","","20240226",",,S","","","","","","","18.3",",,S,26,","","","","","","","61.3",",,,S","","","","","",""
"BKM00014654","2024-03","43.8678","18.4228","630.0","SARAJEVO, BK","","","1.7",",E","13",",E","7",",E","0",",E","","","0",",E","2",",E","0",",E","3",",E","0",",E","20240320",",,E","","","20240319",",,E","20240331","+,,E","-2.0",",E,20,","","","17.0",",,E,19,","24.4",",E,31,+","","","246.5",",E","57.4",",,,E","10.43",",E","15.91",",,,E","4.95",",,,E"
"BKM00014654","2024-04","43.8678","18.4228","630.0","SARAJEVO, BK","","","4.8",",E","7",",E","5",",E","1",",E","","","0",",E","1",",E","0",",E","18",",E","0",",E","20240420",",,E","","","20240417",",,E","20240414",",,E","-0.2",",E,20,","","","33.0",",,E,17,","30.1",",E,14,","","","148.1",",E","60.5",",,,E","13.56",",E","20.92",",,,E","6.20",",,,E"
"BKM00014654","2024-05","43.8678","18.4228","630.0","SARAJEVO, BK","","","11.4",",E","19",",E","10",",E","0",",E","","","0",",E","0",",E","0",",E","25",",E","0",",E","20240511",",,E","","","20240515",",,E","20240519",",,E","5.1",",E,11,","","","16.3",",,E,15,","28.4",",E,19,","","","53.2",",E","70.5",",,,E","16.98",",E","23.30",",,,E","10.67",",,,E"
"BKM00014654","2024-06","43.8678","18.4228","630.0","SARAJEVO, BK","","","127.0",",E","8",",E","5",",E","1",",E","","","0",",E","0",",E","0",",E","30",",E","8",",E","20240604",",,E","","","20240614",",,E","20240622",",,E","9.7",",E,04,","","","28.6",",,E,14,","36.7",",E,22,","","","0.6",",E","75.2",",,,E","22.55",",E","29.76",",,,E","15.33",",,,E"
"BKM00014654","2024-07","43.8678","18.4228","630.0","SARAJEVO, BK","","","193.3",",E","7",",E","5",",E","0",",E","","","0",",E","0",",E","0",",E","30",",E","17",",E","20240704",",,E","","","20240703",",,E","20240716",",,E","10.2",",E,04,","","","12.2",",,E,03,","38.3",",E,16,","3.8","E","3.8",",E","32.7",",,,E","24.45",",E","32.38",",,,E","16.51",",,,E"
"BKM00014654","2024-08","43.8678","18.4228","630.0","SARAJEVO, BK","","","209.1",",E","4",",E","2",",E","0",",E","","","0",",E","0",",E","0",",E","31",",E","19",",E","20240805",",,E","","","20240820",",,E","20240814",",,E","13.7",",E,05,","","","8.0",",,E,20,","39.7",",E,14,","3.8","E","0.0",",E","18.1",",,,E","25.08",",E","33.53",",,,E","16.62",",,,E"
"BKM00014654","2024-09","43.8678","18.4228","630.0","SARAJEVO, BK","","","54.4",",E","16",",E","7",",E","2",",E","","","0",",E","0",",E","0",",E","19",",E","5",",E","20240930",",,E","","","20240929",",,E","20240902",",,E","4.7",",E,30,","","","45.8",",,E,29,","34.3",",E,02,","72.0","E","68.2",",E","131.5",",,,E","17.87",",E","24.18",",,,E","11.56",",,,E"
"BKM00014654","2024-10","43.8678","18.4228","630.0","SARAJEVO, BK","","","2.6",",E","8",",E","5",",E","1",",E","","","0",",E","0",",E","0",",E","17",",E","0",",E","20241001",",,E","","","20241004",",,E","20241008",",,E","1.7",",E,01,","","","39.4",",,E,04,","25.4",",E,08,","181.7","E","109.7",",E","73.9",",,,E","14.88",",E","20.65",",,,E","9.11",",,,E"
"BKM00014654","2024-11","43.8678","18.4228","630.0","SARAJEVO, BK","","","0.0",",E","5",",E","3",",E","1",",E","","","0",",E","14",",E","0",",E","0",",E","0",",E","20241123",",,E","","","20241121",",,E","20241101",",,E","-7.5",",E,23,","","","29.7",",,E,21,","16.1",",E,01,","599.7","E","418.0",",E","62.6",",,,E","4.40",",E","8.68",",,,E","0.12",",,,E"
"BKM00014654","2024-12","43.8678","18.4228","630.0","SARAJEVO, BK","","","0.0",",E","15",",E","7",",E","1",",E","","","0",",E","17",",E","5",",E","0",",E","0",",E","20241222",",,E","","","20241224",",,E","20241214",",,E","-6.1",",E,22,","","","26.0",",,E,24,","9.8",",E,14,","1121.1","E","521.4",",E","90.4",",,,E","1.51",",E","3.85",",,,E","-0.83",",,,E"
"BKM00014654","2026-04","43.8678","18.4228","630.0","SARAJEVO, BK","","","","","","","","","","","0","5,","","","","","","","","","","","","","20260430","+,5,2","","","","","","","0","5,,2,30,+","","","","","","","","","","","","","","","",""
"BKM00014654","2026-05","43.8678","18.4228","630.0","SARAJEVO, BK","","","","","","","","","","","0","1,","","","","","","","","","","","","","20260531","+,1,2","","","","","","","0","1,,2,31,+","","","","","","","","","","","","","","","",""
"BKM00014654","2026-06","43.8678","18.4228","630.0","SARAJEVO, BK","","","90.6",",2","","","","","","","0",",","0",",2","0",",2","0",",2","27",",2","3",",2","20260613",",,2","20260630","+,,2","","","20260629",",,2","7.8",",2,13,","0",",,2,30,+","","","35.0",",2,29,","","","13.5",",2","","","20.91",",2","27.68",",,,2","14.13",",,,2"
"BKM00014654","2026-07","43.8678","18.4228","630.0","SARAJEVO, BK","","","90.4","4,2","","","","","","","0","2,","0","4,2","0","4,2","0","4,2","26","4,2","6","4,2","20260704",",4,2","20260731","+,2,2","","","20260718",",4,2","8.2","4,2,04,","0","2,,2,31,+","","","34.4","4,2,18,","7.1","","7.1","4,2","","","21.42","4,2","28.48","4,,,2","14.36","4,,,2"
